seller_id,seller_state,avg_review_score,on_time_rate,avg_price,order_volume,avg_review_raw,on_time_rate_raw,n_reviewed,n_orders,norm_avg_review_score,norm_on_time_rate,norm_avg_price,norm_order_volume,contribution_avg_review_score,contribution_on_time_rate,contribution_avg_price,contribution_order_volume,ahp_score
48efc9d94a9834137efd9ea76b065a38,PR,4.695630876615965,0.9646596194078202,10.164705882352942,34,5.0,1.0,33,33,1.0,0.9129847937681559,1.0,0.002034587995930824,0.47286200258634264,0.25963286714461714,0.07285893166726483,0.00034567849623835144,0.805699479894463
cc419e0650a3c5ba77189a1882b7556a,SP,4.152839143968417,0.9385300641294343,58.80800465386852,1719,4.1530054644808745,0.9388249545729861,1647,1651,0.7354575656050578,0.8005998985919793,0.970029247677267,0.8591047812817905,0.3477699372892841,0.22767306588888267,0.07067529467176631,0.14596274503664391,0.792081042886577
289cdb325fb7e7f891c38608bf9e0962,SP,4.523442320530821,0.9697401299634177,107.28439999999999,125,4.587155963302752,0.981651376146789,109,109,0.9160798201926705,0.9348363959155751,0.9401613300995108,0.04832146490335707,0.43317933830524286,0.2658469839141004,0.06849915010592507,0.008209864285660848,0.7757353366109292
83e197e95a1bbabc8c75e883ed016c47,RJ,4.6168308548033465,0.9571516325702972,121.74425925925927,54,4.804347826086956,0.9782608695652174,46,46,0.9615949390035743,0.8806924602504438,0.931252130447644,0.012207527975584944,0.4547017085341221,0.2504496351836663,0.06785003533727968,0.0020740709774301085,0.7750754500324981
c3cfdc648177fdbbbb35635a37472c53,PR,4.449075168499708,0.9701148603455966,140.22208469055374,307,4.469314079422382,0.9748201438848921,277,278,0.8798352235010998,0.936448135352845,0.9198673283587627,0.14089521871820956,0.4160406457307324,0.2663053272885408,0.06702055081984055,0.02393823586450584,0.7733047597036196
12b9676b00f60f3b700e83af21824c0e,RS,4.503181164716095,0.9743076575161095,198.31578947368422,133,4.553030303030303,0.9849624060150376,132,133,0.90620506499561,0.9544816252260094,0.8840738669460526,0.05239064089521872,0.42850994178771096,0.27143365660174734,0.06441267746063703,0.00890122127813755,0.7732574971282329
6560211a19b47992c3666cc44a7e94c0,SP,3.9794169910627617,0.9354552398618219,60.47235971943888,1996,3.9778393351800556,0.9356789444749862,1805,1819,0.6509361631070878,0.787374881965438,0.9690037832308362,1.0,0.3078029776426877,0.22391216098858036,0.07060058042773659,0.16990098090114975,0.7722166999601545
7a67c85e85bb2ce8582c35f2203ad736,SP,4.274006211867891,0.9401493745047492,120.91661471861472,1155,4.276165347405453,0.9406113537117904,1137,1145,0.7945112121193052,0.8075646565011199,0.9317620697438137,0.5722278738555443,0.37569416284003715,0.22965369040449482,0.06788718896961377,0.09722207706703635,0.7704571192811821
ac3508719a1d8f5b7614b798f70af136,RS,4.563365887350968,0.9599599806697748,123.2291089108911,101,4.64,0.9702970297029703,100,101,0.9355375180924077,0.8927713457659229,0.9303372652499816,0.03611393692777213,0.4423801442998327,0.2538846055136232,0.06778337923635844,0.006135793308230739,0.7701839223580451
0ea22c1cfbdc755f86b9b54b39c16043,MG,4.383442468704475,0.9765958367117746,39.97018867924528,265,4.402597402597403,0.9829059829059829,231,234,0.8478475694241768,0.9643232308832574,0.9816358518989211,0.11953204476093592,0.40091489956587945,0.27423239357035767,0.0715209394556408,0.02030861165400315,0.766976844245881
b410bdd36d5db7a65dcd42b7ead933b8,GO,4.607952911790237,0.95463114036855,175.45,42,4.809523809523809,0.9761904761904762,42,42,0.9572680627528033,0.8698516614359287,0.8981622394513491,0.006103763987792472,0.4526556931652393,0.24736674957860194,0.0654391412303034,0.0010370354887150543,0.7664986194628597
d566c37fa119d5e66c4e9052e83ee4ea,SP,4.566794813505052,0.9551089840116638,70.48904109589041,73,4.6875,0.9692307692307692,64,65,0.9372086866412308,0.8719068976299548,0.9628321730766919,0.02187182095625636,0.4431703764064885,0.2479512137113637,0.0701509235052388,0.0037160438345622783,0.7649885574576533
da8622b14eb17ae2831f4ac5b9dab84a,SP,4.1802548561658455,0.9236461612154535,103.24087209302326,1548,4.180842911877394,0.92372234935164,1305,1311,0.7488192636729394,0.7365832763808933,0.9426526819705937,0.7721261444557477,0.35408817659561664,0.20946814146623258,0.06868066734165941,0.13118498932245437,0.7634219747259631
5a93f3ab0ef4c84ed5e1b5dbf23978bc,SP,4.579949548346683,0.9517955866415843,53.471627906976735,43,4.7894736842105265,0.9736842105263158,38,38,0.9436199589018655,0.8576557627695987,0.9733171666675707,0.006612410986775178,0.44620202344677845,0.24389850327290435,0.07091484893680834,0.0011234551127746423,0.7621388307692658
725c32fa80c2faacc4fc88450d27314e,SP,4.452163568642041,0.9731731960440122,84.28903225806452,93,4.517241379310345,0.9887640449438202,87,89,0.8813404286155057,0.9496022335844484,0.9543295400805182,0.03204476093591048,0.41675240003543357,0.2700460645515103,0.06953143074877874,0.005444436315754036,0.7617743316514767
955fee9216a65b617aa5c0531780ce60,SP,4.200218076087659,0.9222338131663258,89.56298233695652,1472,4.201117318435754,0.922283901665345,1253,1261,0.758548812740901,0.7305086767268841,0.9510800842342076,0.7334689725330621,0.3586889106521551,0.2077406584504239,0.0692946788673166,0.12461709789392571,0.7603413458638212
080199a181c46c657dc5aa235411be3b,SP,4.525803903202231,0.9610944528101085,174.74939759036147,83,4.615384615384615,0.9746835443037974,78,79,0.9172307935611714,0.8976507832922538,0.8985939038702163,0.02695829094608342,0.4337235898771958,0.2552722106124832,0.06547059183870083,0.004580240075158157,0.759046632403538
744dac408745240a2c2528fb1b6028f3,PR,4.494553903202232,0.9703357456255903,268.9469879518072,83,4.576923076923077,0.9871794871794872,78,78,0.9020003643235734,0.9373981771263685,0.8405556391673639,0.02695829094608342,0.4265216986076556,0.2665754983486184,0.061241985876629074,0.004580240075158157,0.7589194229080612
6cd68b3ed6d59aaa9fece558ad360c0a,MG,4.422019010224037,0.9709423859717794,71.26477707006369,157,4.456375838926174,0.9798657718120806,149,149,0.866648762571216,0.9400073762110729,0.9623542163727482,0.06459816887080366,0.409805269408401,0.26731749738730654,0.07011610009040625,0.010975292255567658,0.7582141591416816
d921b68bf747894be13a97ae52b0f386,MG,4.478707102183308,0.9700477431559359,203.1922077922078,77,4.558441558441558,0.987012987012987,77,77,0.8942770497136207,0.9361594600101469,0.8810693436234671,0.023906408952187184,0.422869636594589,0.2662232343474423,0.06419377110118407,0.00406172233080063,0.7573483643740159
dbc22125167c298ef99da25668e1011f,MG,4.312596532134828,0.9712259941549081,78.72690647482015,417,4.320610687022901,0.9746192893401016,393,394,0.813319120665924,0.9412271932187656,0.9577565505515909,0.1968463886063072,0.3845877081398521,0.26766438661181585,0.06978111907051364,0.0334443945110605,0.7554776083332421
fc906263ca5083d09dce42fe02247800,MG,4.342132113133955,0.984890706848271,37.75982905982906,117,4.375,1.0,112,112,0.8277139871106781,1.0,0.9829977278894633,0.04425228891149542,0.39139449351388145,0.2843780848452428,0.07162016428537499,0.007518507293184144,0.7549112499376833
1f50f920176fa81dab994f9023523100,SP,4.140564571322532,0.8946771351193413,55.37679646936656,1926,4.140602582496413,0.8942101501072195,1394,1399,0.7294752612817005,0.6119856348794875,0.97214332902583,0.9643947100712106,0.34494113288686046,0.17403530279982868,0.07082932438028029,0.16385160721697858,0.753657367283948
718539d38d07dd351c76db862760e2e2,SP,4.4618334850455525,0.9658183204108425,29.604883720930232,43,4.628571428571429,1.0,35,35,0.8860532918960554,0.9179684411887803,0.9880222606232647,0.006612410986775178,0.41898093400418995,0.26105010725363825,0.07198624637248696,0.0011234551127746423,0.7531407427430898
6c7d50c24b3ccd2fd83b44d8bb34e073,SP,4.406799803933443,0.9703979532250826,67.03142857142858,126,4.45045045045045,0.9821428571428571,111,112,0.859231321148454,0.9376657360064802,0.964962523016267,0.048830111902339775,0.40629784320316686,0.26665158623052787,0.07030613852591366,0.008296283909720434,0.7515518518693289
3d871de0142ce09b7081e2b9d1733cb1,SP,4.190921731752955,0.9402889151789554,82.58832891246684,1131,4.1918328584995255,0.9407894736842105,1053,1064,0.7540180186750428,0.8081648299015622,0.955377399909778,0.5600203458799593,0.35654647029686704,0.22982436656668767,0.06960777669647565,0.09514800608960625,0.7511266196496367
376a891762bbdecbc02b4b6adec3fdda,GO,4.539695662765523,0.9507821390971253,110.45224137931034,58,4.666666666666667,0.9649122807017544,57,57,0.924001272313634,0.8532968598017863,0.9382095177887756,0.014242115971515769,0.4369250920185535,0.24265892679489162,0.06835694314614989,0.0024197494736684605,0.7503607114332634
6338ea67c41078a46ad99cc009654956,RS,4.44296556051725,0.9669034530962126,51.95659090909091,44,4.6,1.0,35,37,0.8768575610356181,0.9226356665509525,0.9742506312920958,0.007121057985757884,0.41463262229427855,0.26237736386367394,0.07098286017210043,0.0012098747368342302,0.7492027210668871
6df688df543f90e9b38f4319e75a9d88,MG,4.429424117673934,0.9679218083855599,34.39563636363636,55,4.564102564102564,1.0,39,39,0.8702578174516147,0.927015678044683,0.985070518769398,0.01271617497456765,0.4115118543265903,0.26362294314386114,0.07177118561445668,0.0021604906014896967,0.7490664736863979
02f5837340d7eb4f653d676c7256523a,PR,4.572441139737797,0.9449092418760963,129.435,30,4.833333333333333,0.9666666666666667,30,30,0.9399605577497179,0.8280371517227983,0.9265136095878279,0.0,0.44447163168970716,0.23547561938763914,0.06750479176975044,0.0,0.7474520428470968
7299e27ed73d2ad986de7f7c77d919fa,MG,4.414949503420437,0.9499028186843805,95.27217877094972,358,4.429850746268657,0.9522388059701492,335,335,0.8632032706314734,0.8495148462405246,0.9475624586494634,0.16683621566632756,0.4081760271898792,0.24158340502148132,0.06903838842520671,0.02834563669154482,0.747143457328112
5cf13accae3222c70a9cac40818ae839,MG,4.439255604287359,0.9592811353164449,92.21483870967742,155,4.476190476190476,0.9662162162162162,147,148,0.8750494258089322,0.889851588308821,0.949446187427258,0.06358087487283826,0.41377762385004097,0.25305429047975997,0.0691756348915077,0.010802453007448485,0.7468100022287572
080102cd0a76b09e0dcf55fcacc60e05,MG,4.467694105052958,0.9521278212504148,43.848828125,128,4.516393442622951,0.9590163934426229,122,122,0.8889096041620153,0.8590847251568081,0.979246093286457,0.04984740590030519,0.4203315755422837,0.24430486885989486,0.07134682419619401,0.008469123157839611,0.7444523917562121
9616352088dcf83a7c06637f4ebf1c80,PR,4.316304355113892,0.9821787824364222,58.17628865979381,97,4.351648351648351,1.0,91,91,0.8151262162021856,0.988335838956913,0.9704184688870713,0.0340793489318413,0.3854422149539936,0.2810610530664832,0.07070365291329489,0.005790114811992387,0.7429970357457641
fa40cc5b934574b62717c68f3d678b6d,SP,4.462545715599421,0.9361058107426102,47.18243323442136,337,4.481848184818482,0.9375,303,304,0.886400414361705,0.7901730291004775,0.9771921484348637,0.15615462868769076,0.41914507502843973,0.2247078927119581,0.07119717596860345,0.026530824586293477,0.7415809682952947
8c16d1f32a54d92897cc437244442e1b,SC,4.3238173976593135,0.9769769966049359,47.81864406779661,118,4.355140186915888,0.9907407407407407,107,108,0.8187878758132933,0.9659626240601371,0.976800157805246,0.044760935910478125,0.38717367465049146,0.27469860106230704,0.07116861595010592,0.007604926917243732,0.7406458185801481
33a6f4b1e7cdc205511e76ba1b6e0186,SP,4.369733127702555,0.9688161644661175,81.70642857142857,126,4.40952380952381,0.9809523809523809,105,105,0.8411659966874138,0.9308623609787317,0.9559207680069693,0.048830111902339775,0.39775543770114735,0.2647168554696528,0.06964736591553909,0.008296283909720434,0.7404159429960597
57e632711dec9ec14ca7546769483e7e,SC,4.355964683842678,0.9763058811938795,97.69323076923078,65,4.419354838709677,1.0,62,62,0.8344556187699831,0.9630761135811365,0.9460707680850187,0.01780264496439471,0.3945823549609999,0.2738777407404031,0.06892970544430313,0.0030246868420855753,0.7404144879877917
f8db351d8c4c4c22c6835c19a46f01b0,SP,4.260351891257291,0.9473210475110385,70.1436974789916,714,4.263719512195122,0.9484066767830046,656,659,0.7878564548761939,0.8384104826341173,0.9630449507515146,0.34791454730417093,0.37254738100333357,0.23842556736566597,0.07016642625930902,0.0591110228567581,0.7402503974850666
9d4db00d65d7760644ac0c14edb5fd86,SP,4.477869953573809,0.9505277849191983,99.45161616161617,99,4.541666666666667,0.9587628865979382,96,97,0.8938690454685543,0.8522028661490282,0.9449873684305126,0.035096642929806715,0.42267670689020315,0.24234781897508742,0.06885077010290713,0.005962954060111563,0.7398382500283094
0432ead42b6c8a0bdf68154add917fdf,SP,4.464771747074142,0.952915903195013,87.06206896551724,87,4.536585365853658,0.9634146341463414,82,82,0.88748532363711,0.8624743162076425,0.9526209800436817,0.02899287894201424,0.4196580874010322,0.2452687942713397,0.06940694688980545,0.004925918571396508,0.7392597471335738
516e7738bd8f735ac19a010ee5450d8d,RJ,4.537795377254502,0.939149175450614,78.81939024390243,82,4.635135135135135,0.9459459459459459,74,74,0.9230751230654152,0.8032627361409492,0.9576995682291121,0.026449643947100712,0.4364871512303469,0.22843031853131274,0.0697769673993739,0.004493820451098569,0.7391882576121321
b372ee768ed69e46ca8cdbd267aa7a38,SP,4.363915737128571,0.9765721072478809,183.04347826086956,69,4.428571428571429,1.0,63,63,0.8383307533119085,0.9642211689352498,0.8934836452364797,0.019837232960325534,0.39641475884078625,0.27420336938904766,0.06509826385410336,0.0033703653383239268,0.7390867574222612
33a17d60c64393351ebf1ef860f4e0f2,RS,4.483232372252693,0.9552886600733537,173.45702127659575,47,4.627906976744186,0.9767441860465116,43,43,0.8964825474919499,0.8726796959092806,0.8993901798503791,0.008646998982706003,0.42391253269074947,0.2481709806060101,0.06552860765592779,0.001469133609012994,0.7390812545617004
b1ac6ea7895bc3dd6f0f6f4abbdd2821,RS,4.401378119775254,0.9674205866415843,77.94736842105263,38,4.526315789473684,1.0,38,38,0.856588934687017,0.9248598911376125,0.9582368498430792,0.004069175991861648,0.4050483590494047,0.26300988459189395,0.06981611316377202,0.0006913569924767029,0.7385657137975474
612170e34b97004b3ba37eae81836b4c,RS,4.387817397659314,0.96928509432377,209.68200000000002,110,4.429906542056075,0.9813084112149533,107,107,0.8499797948918949,0.9328792584090849,0.8770707670507853,0.04069175991861648,0.4019231479705102,0.2652904168982259,0.06390243908390872,0.00691356992476703,0.7380295738774117
9f505651f4a6abe901a56cdc21508025,SP,4.35656170271425,0.9472909726612443,60.828262910798124,426,4.366666666666666,0.9491094147582697,390,393,0.8347465900876466,0.8382811287738793,0.9687844994513952,0.20142421159715157,0.39471994424096546,0.23838878196262414,0.07058460364583456,0.0342221711275968,0.737915500977021
a1043bafd471dff536d0c462352beb48,MG,4.27225233246158,0.9421908208036557,132.06014627659573,752,4.275714285714286,0.9430199430199431,700,702,0.7936564173612538,0.8163450481253193,0.9248961697584209,0.3672431332655137,0.3752899628789446,0.23215064135877586,0.06738694683174376,0.06239496857102244,0.7372225196404867
e49c26c3edfa46d227d5121a6b6e4d37,PE,4.413022590527197,0.9652486257510232,103.55285714285714,35,4.5588235294117645,1.0,34,34,0.862264143896513,0.91551814787364,0.9424604576171244,0.00254323499491353,0.40773194984130345,0.26035329753336955,0.0686666620806252,0.00043209812029793937,0.7371840075755962
0bae85eb84b9fb3bd773911e89288d54,SP,4.275825809788404,0.9809562811423543,51.265931034482755,145,4.294117647058823,0.9926470588235294,136,136,0.7953980363551211,0.9830777823875306,0.9746761697848357,0.05849440488301119,0.3761135083241271,0.2795657770092743,0.07101386445206476,0.009938256766852605,0.7366314065523188
cab85505710c7cb9b720bceb52b01cee,SP,4.318702636272542,0.9687881830178916,54.53235294117647,204,4.335,0.9751243781094527,200,201,0.8162950754495037,0.9307420109730679,0.9726636187362956,0.08850457782299084,0.385994924078422,0.264682630565531,0.07086723213274229,0.015037014586368289,0.7365818013630635
a5cba26a62b8b4d0145b68b841e62e7f,PR,4.457424995879075,0.9609483233552076,267.3859259259259,54,4.566037735849057,0.9811320754716981,53,53,0.8839047100626232,0.8970222711229413,0.8415174613406066,0.012207527975584944,0.41796495129571254,0.2550934755254722,0.061312063212625424,0.0020740709774301085,0.7364445610112402
37be5a7c751166fbc5f8ccba4119e043,SP,4.315060474321881,0.9692031103222419,196.8904676258993,278,4.327067669172933,0.9739776951672863,266,269,0.8145199813739384,0.9325266399538649,0.8849520550862278,0.12614445574771108,0.38515554953907105,0.2651901399372494,0.06447666131033306,0.02143206676677779,0.7362544175534312
acce39e832338debb07b02385cde5967,MG,4.3786641081841005,0.9702131077865914,107.91136363636365,44,4.4772727272727275,1.0,44,44,0.8455187220073033,0.9368707039055776,0.9397750369751674,0.007121057985757884,0.3998136761126186,0.26642549652428266,0.068471005201575,0.0012098747368342302,0.7359200525753105
3504c0cb71d7fa48d967e0e4c94d59d9,SP,4.344748939541047,0.9736065512033089,44.338490566037734,53,4.415094339622642,1.0,53,53,0.8289893595721274,0.9514661219527244,0.9789443959897538,0.011698880976602238,0.3919975686900458,0.270576113556046,0.07132484285346931,0.0019876513533705208,0.7358861764529316
9d5a9018aee56acb367ba9c3f05d1d6a,GO,4.3866330322311216,0.9664664950550153,129.74333333333334,78,4.454545454545454,0.9848484848484849,66,66,0.8494025662888377,0.9207562819562605,0.9263236351782062,0.024415055951169887,0.4016501984973185,0.2618429080719477,0.06749095043722128,0.004148141954860217,0.7351321989613477
d98eec89afa3380e14463da2aabaea72,RS,4.316092836256293,0.9686335955931,38.07939890710382,183,4.335329341317365,0.9761904761904762,167,168,0.8150231274664071,0.9300771205321223,0.9828008302903206,0.07782299084435401,0.3853934682079493,0.26449355029530297,0.07160581853665361,0.013222202481116942,0.7347150395210228
31561f325664a8a7aba4c8d0c3a9b3db,SP,4.471799531618782,0.9502406055655064,71.11026315789474,38,4.638888888888889,0.9722222222222222,36,36,0.8909104812436451,0.8509676893074183,0.9624494175270487,0.004069175991861648,0.4212777142860323,0.24199656175042522,0.07012303634480208,0.0006913569924767029,0.7340886693737363
259f7b5e6e482c230e5bfaa670b6bb8f,SP,4.3233802268458446,0.9686106021300086,51.809506172839505,162,4.348148148148148,0.9779411764705882,135,136,0.8185748102408362,0.9299782241708281,0.9743412550843134,0.0671414038657172,0.3870729240372172,0.26446542633748,0.07098946292478503,0.011407390375865599,0.7339352036753478
0df3984f9dfb3d49ac6366acbd3bbb85,MG,4.341126679878983,0.9724546209380482,112.40329545454546,88,4.383720930232558,0.9883720930232558,86,86,0.827223965349303,0.9465115959099997,0.937007408558236,0.029501525940996948,0.39116278084248673,0.2691671549287,0.06826935875186542,0.0050123381954560965,0.7336116327185083
85d9eb9ddc5d00ca9336a2219c97bb13,MG,4.220772713438549,0.9617427000858312,29.506328125,512,4.223790322580645,0.9639278557114228,496,499,0.7685666031305723,0.9004389364526941,0.9880829839999731,0.2451678535096643,0.3634259430773053,0.25606510026850443,0.07199067061284116,0.041654258796721355,0.7331359727553722
d12c926d74ceff0a90a21184466ce161,SP,4.334863560717173,0.9697540935790333,39.69360824742268,97,4.381578947368421,0.9868421052631579,76,76,0.8241714855668836,0.934896454323019,0.9818062622910783,0.0340793489318413,0.38971937913971755,0.26586406320898814,0.07153335537475836,0.005790114811992387,0.7329069125354565
18e694e0e48ed6f7aa3f24aade5fd697,SP,4.479126014437025,0.9458757464045858,20.633529411764705,34,4.67741935483871,0.967741935483871,31,31,0.8944812165436046,0.8321941497644546,0.9935498100450759,0.002034587995930824,0.4229661793306769,0.23665777852943076,0.07238897771809814,0.00034567849623835144,0.7323586140744441
c864036feaab8c1659f65ea4faebe1da,PR,4.466804930360714,0.9513680660126357,180.2448275862069,58,4.568965517241379,0.9655172413793104,58,58,0.8884762437706523,0.8558169690910173,0.8952079868894204,0.014242115971515769,0.42012665587978215,0.24337559064816386,0.06522389754476599,0.0024197494736684605,0.7311458935463804
709e16e2b25c7474d980076c6bfc4806,SP,4.429194547530952,0.9524990412216442,64.39874999999999,80,4.516666666666667,0.9666666666666667,60,60,0.8701459309934467,0.8606813660911613,0.9665846037427462,0.0254323499491353,0.41145894747191875,0.24475891855099174,0.070424321594723,0.0043209812029793935,0.730963168820613
87142160b41353c4e5fca2360caf6f92,RS,4.389680666793212,0.9423411406195208,91.72855457227139,339,4.404605263157895,0.9442622950819672,304,305,0.850887903330117,0.8169915833062252,0.949745803238865,0.15717192268565616,0.40235255794517344,0.23233450179530696,0.06919746457945201,0.026703663834412653,0.730588188154345
a3a38f4affed601eb87a97788c949667,SC,4.383809643098929,0.9491513268774778,101.13315384615385,260,4.401606425702811,0.952191235059761,249,251,0.8480265205804197,0.8462826317215743,0.9439513172017228,0.11698880976602238,0.40099951876798556,0.2406642340467732,0.06877528451722495,0.01987651353370521,0.7303155508656889
8bb48dc19fccaa8613b6229bf7f452a2,SP,4.364771747074143,0.9621751624542723,44.11284210526316,95,4.414634146341464,0.975609756097561,82,82,0.8387479500767955,0.9022989848701694,0.9790834255025681,0.03306205493387589,0.39661203533850325,0.25659405727518547,0.07133497239524318,0.005617275563873211,0.7301583405728052
e882b2a25a10b9c057cc49695f222c19,RJ,4.473028996098856,0.9748785246392939,880.3024137931035,58,4.578947368421052,1.0,57,57,0.8915096899400904,0.9569369613813736,0.46387925183777157,0.014242115971515769,0.42156105731020055,0.2721319003952611,0.03379774671151013,0.0024197494736684605,0.7299104538906401
2a84855fd20af891be03bc5924d2b453,MG,4.351611480857059,0.9608558980390133,94.27044025157232,159,4.376623376623376,0.967741935483871,154,155,0.8323339819690433,0.8966247439028466,0.9481796630294013,0.06561546286876907,0.3935791135345466,0.2549804274959478,0.06908335727694934,0.011148131503686834,0.7287910298111306
530ec6109d11eaaf87999465c6afee01,PR,4.307831917030484,0.9742909795421784,125.56544554455446,101,4.340425531914893,0.9893617021276596,94,94,0.8109969724038086,0.9544098921891464,0.9288977706359557,0.03611393692777213,0.3834896524623258,0.2714132572981041,0.06767849919663974,0.006135793308230739,0.7287172022653005
594f9aaa48e5bf431f011ddc5669b0d5,MG,4.445039540134804,0.9510304372231967,85.49473684210527,38,4.594594594594595,0.972972972972973,37,37,0.8778683642293904,0.8543648059866208,0.9535866654323081,0.004069175991861648,0.4151105927167064,0.24296262728565265,0.06947730569554746,0.0006913569924767029,0.7282418826903833
4da0e408c99d2fdc2126dc9fce518060,PR,4.330277011409907,0.9702131077865914,56.03703703703704,54,4.409090909090909,1.0,44,44,0.8219361218974737,0.9368707039055776,0.9717365328786358,0.012207527975584944,0.38866236059849163,0.26642549652428266,0.07079968564758937,0.0020740709774301085,0.7279616137477938
bccf933e006e9b94a6184af782963e77,SP,4.4109221727002295,0.9565481344374845,90.49434782608695,46,4.5227272727272725,0.9777777777777777,44,45,0.8612404554138565,0.8780967760272501,0.9505062390160249,0.008138351983723296,0.4072478864553699,0.2497114794754115,0.06925286911777745,0.0013827139849534058,0.7275949490335123
c68fb906c8f4b4b946d8386bfa6e5467,SP,4.4109221727002295,0.9565481344374845,94.6075,48,4.5227272727272725,0.9777777777777777,44,45,0.8612404554138565,0.8780967760272501,0.9479719893211369,0.009155645981688708,0.4072478864553699,0.2497114794754115,0.06906822639242982,0.0015555532330725815,0.7275831455562838
9646c3513289980f17226a2fc4720dbd,SP,4.384795111579474,0.9569991320532779,39.00526315789474,76,4.449275362318841,0.9710144927536232,69,69,0.8485068120351021,0.8800365457338387,0.9822303745678322,0.023397761953204477,0.40122663034707184,0.250263107469612,0.07156425574214963,0.0039753027067410416,0.7270292962655746
325f3178fb58e2a9778334621eecdbf9,SP,4.342169901989153,0.9663696378235709,21.341304347826085,46,4.444444444444445,1.0,36,36,0.8277324044062,0.9203396927840776,0.9931137263944055,0.008138351983723296,0.39140320235312415,0.2617244392409951,0.07235720512919273,0.0013827139849534058,0.7268675607082653
116ccb1a1604bc88e4d234a8c23f33de,SP,4.525027527941952,0.9300565235064528,27.464246575342468,73,4.639344262295082,0.9344262295081968,61,61,0.9168524086503395,0.7641546562394401,0.9893411782814729,0.02187182095625636,0.4335446660305113,0.21730883766694684,0.07208234130402111,0.0037160438345622783,0.7266518888360415
8ae520247981aa06bc94abddf5f46d34,SC,4.379243068764027,0.9660979950006747,251.09215384615385,65,4.446153846153846,0.9846153846153847,65,65,0.8458008921879091,0.9191713395591071,0.8515565956044997,0.01780264496439471,0.39994710366929,0.26139218518845525,0.062043503809956914,0.0030246868420855753,0.7264074795097877
bf3c6d2a28b2b5501e6c15448982dcc9,SP,4.44296556051725,0.9494248777878916,92.01162790697674,43,4.6,0.9714285714285714,35,35,0.8768575610356181,0.847459191753487,0.949571392353545,0.006612410986775178,0.41463262229427855,0.24099882193535402,0.06918475718867646,0.0011234551127746423,0.7259396565310837
7f7b8245c336066a1f9933c359f11d77,SP,4.419235262632397,0.9517955866415843,48.70604651162791,43,4.552631578947368,0.9736842105263158,38,38,0.8652920371085021,0.8576557627695987,0.9762533996797418,0.006612410986775178,0.4091637254891422,0.24389850327290435,0.07112877973720129,0.0011234551127746423,0.7253144636120226
2a5b78b41cd05baeac8df54c6606b92c,MG,4.429330854803347,0.9571516325702972,277.755,56,4.543478260869565,0.9782608695652174,46,46,0.870212363577984,0.8806924602504438,0.8351287303388324,0.013224821973550356,0.41149036091688,0.2504496351836663,0.06084658709712663,0.0022469102255492845,0.7250334934232222
2ff97219cb8622eaf3cd89b7d9c09824,SP,4.47121118768966,0.93730015526603,46.160638297872346,94,4.540229885057471,0.9425287356321839,87,87,0.8906237378650894,0.7953099815912,0.977821710239703,0.03255340793489318,0.42114212423782005,0.22616872942321076,0.07124304516912255,0.005530855939813623,0.724084754769967
9de4643a8dbde634fe55621059d92273,SC,4.449746385637936,0.9481114035210347,216.79432098765432,81,4.527777777777778,0.9583333333333334,72,72,0.8801623571051588,0.8418098545862592,0.8726886298161786,0.025940996948118005,0.41619533478186105,0.23939227425109272,0.06358316124657593,0.004407400827038981,0.7235781711065686
de722cd6dad950a92b7d4f82673f8833,PE,4.295133261885351,0.9529336571489294,146.2236074270557,377,4.303571428571429,0.9554896142433235,336,337,0.804807981408589,0.8625506771035171,0.9161695908278477,0.17650050864699898,0.3805631137863374,0.2452905096366656,0.06675113761375213,0.02998760954867699,0.7225923705854321
0ebd97a106433a45a4aebe57c1799778,MG,4.356677034845188,0.9634196060537087,95.2125,32,4.483870967741935,1.0,31,31,0.8348027999391373,0.9076514167039792,0.9475992287227979,0.001017293997965412,0.39474652374390645,0.258116171589349,0.06904106745346719,0.00017283924811917572,0.7220766020348418
febab0275244b9a49a623f0bd613ca2f,SP,4.399009473446888,0.9463251329171318,56.308095238095234,126,4.443396226415095,0.9528301886792453,106,106,0.8554345186776388,0.8341269900125183,0.9715695249163033,0.048830111902339775,0.4045024795833924,0.23720743593748692,0.0707875176258739,0.008296283909720434,0.7207937170564737
a3dd39f583bc80bd8c5901c95878921e,BA,4.432253359757966,0.9485819590843565,124.53540540540541,37,4.588235294117647,0.9705882352941176,34,34,0.8716367157350351,0.8438337442810918,0.9295324125840257,0.003560528992878942,0.41216388293025136,0.23996782412644724,0.06772473853096735,0.0006049373684171151,0.7204613829560831
1bb2bdb95f4841f1bba2c0d2cd83d3c9,SP,4.536220569868899,0.9229992147148705,59.1055421686747,83,4.628205128205129,0.9240506329113924,78,79,0.9223076033070382,0.7338007179378584,0.969845924930081,0.02695829094608342,0.4361242203003762,0.20867684282523238,0.07066193797225603,0.004580240075158157,0.7200432411730228
d9a84e1403de8da0c3aa531d6d108ba6,SP,4.471509502921326,0.9356318676590051,23.88448275862069,58,4.584905660377358,0.9433962264150944,53,53,0.8907691288739341,0.7881345694633746,0.9915467896901234,0.014242115971515769,0.42121087412142044,0.22412819946432444,0.0722430397949285,0.0024197494736684605,0.7200018628543419
f67efa3f0b6761102a7f8c6b7b571f5d,PR,4.356677034845188,0.9634196060537087,162.14625,32,4.483870967741935,1.0,31,31,0.8348027999391373,0.9076514167039792,0.9063591217821799,0.001017293997965412,0.39474652374390645,0.258116171589349,0.06603635731993,0.00017283924811917572,0.7190718919013046
2dee2ce60de9709b1a24083217181a1f,MT,4.353849648714085,0.9614364693132675,141.53636363636363,55,4.425925925925926,0.9814814814814815,54,54,0.8334248061984291,0.8991218182351195,0.9190575574393836,0.01271617497456765,0.3940949228641237,0.25569054071227576,0.06696155177575937,0.0021604906014896967,0.7189075059536485
5b925e1d006e9476d738aa200751b73b,SP,4.499718206264373,0.9316282870231618,122.9920634920635,63,4.603174603174603,0.9365079365079365,63,63,0.904517309998756,0.7709149120564686,0.9304833168072637,0.0167853509664293,0.42771186658002347,0.2192313062692573,0.06779402039679036,0.0028518475939663997,0.7175890408400375
e9779976487b77c6d4ac45f75ec7afe9,SP,4.256783598041536,0.9268478651938321,57.22180216802168,738,4.2601246105919,0.9271317829457364,642,645,0.7861173624819039,0.7503540107910908,0.9710065597230704,0.36012207527975587,0.3717250302910869,0.21338423654471703,0.07074650058332908,0.061185093834188214,0.7170408612533212
dbd66278cbfe1aa1000f90a217ca4695,SP,4.441525968033148,0.9361704283338865,49.78686868686869,99,4.5058823529411764,0.9411764705882353,85,85,0.8761559414688954,0.7904509535100112,0.9755874692322363,0.035096642929806715,0.4143008530609043,0.22478692832327302,0.07108026075623133,0.005962954060111563,0.7161309962005202
cce6ab8d1682639fe45ab70234f1665f,SP,4.423761705157142,0.941550776380016,38.1671875,64,4.508196721311475,0.9508196721311475,61,61,0.8674981063107801,0.8135921759584387,0.9827467408218656,0.017293997965412006,0.41020689178997544,0.2313677848441346,0.07160187763576753,0.002938267218025988,0.7161148214879036
aafe36600ce604f205b86b5084d3d767,SC,4.370593025220504,0.9478381777100735,70.62137404580153,131,4.403100775193798,0.9534883720930233,129,129,0.8415850881529725,0.8406346928279684,0.9627506383500988,0.05137334689725331,0.3979536101308183,0.23905808400088663,0.07014498297216544,0.008728382030018375,0.7158850591338888
1771297ac436903d1dd6b0e9279aa505,SP,4.432826104609205,0.9428688434270628,80.03527777777778,36,4.62962962962963,0.9642857142857143,27,28,0.8719158565327311,0.8192612669681909,0.9569504195272271,0.003051881993896236,0.41229587800685347,0.2329799500883013,0.06972238522529466,0.0005185177443575271,0.7155167310648068
c003204e1ab016dfa150abc119207b24,SP,4.438859975152179,0.9317417083486941,124.52145,200,4.466666666666667,0.9333333333333333,195,195,0.8748566065594062,0.771402744460996,0.9295410109729001,0.08646998982706001,0.4136864469535729,0.21937003511418227,0.06772536500039479,0.014691336090129936,0.7154731831582799
b4ffb71f0cb1b1c3d63fad021ecf93e1,SP,4.232777482654747,0.9699107547045053,40.4615243902439,164,4.244755244755245,0.9790209790209791,143,143,0.7744174123485242,0.9355702638837547,0.9813331236450085,0.0681586978636826,0.3661925684408566,0.2660556798814206,0.07149888299847522,0.011580229623984774,0.7153273609447371
d57e18d5f73c7ccb7f7339b61166898d,SP,4.360470565916636,0.9530450292535793,50.598412698412695,63,4.426229508196721,0.9672131147540983,61,61,0.8366516673485551,0.8630296956774374,0.9750874500069113,0.0167853509664293,0.39562078288964037,0.24542673202132234,0.07104382988966106,0.0028518475939663997,0.7149431923945901
bd4889b5e9133b35b66e42a8665cea5c,SP,4.310890088819137,0.9663696378235709,149.33095238095237,42,4.4,1.0,35,36,0.8124874450125605,0.9203396927840776,0.914255052374525,0.006103763987792472,0.38419444032490035,0.2617244392409951,0.06661164638740714,0.0010370354887150543,0.7135675614420176
7b07b3c7487f0ea825fc6df75abd658b,SP,4.371350226673525,0.947990748248388,96.4528125,96,4.417582417582418,0.9560439560439561,91,91,0.8419541282537353,0.8412909085106607,0.9468350309878767,0.0335707019328586,0.39812811517189967,0.23924469735997606,0.06898538882291828,0.0057036951879327995,0.7120618965427268
cb8bcce248bb1fb274ba762d8b971456,MG,4.291394936993027,0.9664664950550153,136.60298507462687,67,4.333333333333333,0.9848484848484849,66,66,0.8029860200409188,0.9207562819562605,0.9220971758600544,0.018819938962360123,0.3797015774853859,0.2618429080719477,0.06718301512656558,0.0031975260902047512,0.7119250267741039
f3b80352b986ab4d1057a4b724be19d0,DF,4.196895910648214,0.9813831923666196,107.85824175824176,91,4.209302325581396,1.0,86,86,0.756929676560387,0.984913954977436,0.9398077671290082,0.031027466937945065,0.3579232826753772,0.28008794425383693,0.06847338988561714,0.00527159706763486,0.7117562138824662
95ec4458365c4d11f452ccf538377619,SP,4.419935788804869,0.94179089707663,60.21806451612903,31,4.615384615384615,0.962962962962963,26,27,0.8656334551660675,0.8146249504940586,0.9691604629533825,0.000508646998982706,0.4093251691155617,0.2316614832886511,0.07061199594493524,8.641962405958786e-05,0.7116850679732077
d1b65fc7debc3361ea86b5f14c68d2e2,SP,4.482055696621303,0.9371525776163291,285.32925,40,4.641025641025641,0.9487179487179487,39,39,0.8959090666938861,0.7946752406430558,0.830461983294255,0.00508646998982706,0.4236413554121322,0.22598822300800467,0.060506572893097355,0.0008641962405958787,0.7110003475538301
562fc2f2c2863ab7e79a9e4388a58a14,SP,4.223163006300421,0.9605513079895422,32.676415094339625,265,4.229249011857707,0.9647058823529412,253,255,0.7697315690918484,0.8953146825406533,0.9861297881066214,0.11953204476093592,0.36397681121469916,0.2546078747547375,0.07184836284671467,0.02030861165400315,0.7107416604701544
6edacfd9f9074789dad6d62ba7950b9c,SP,4.360884191513069,0.9390256170781879,60.029629629629625,216,4.380487804878049,0.9414634146341463,205,205,0.8368532576006299,0.802731303646775,0.9692765639468363,0.09460834181078331,0.39571610725993833,0.22827919077639494,0.07062045493928379,0.016074050075083342,0.7106898030507004
5f3ae9136c875522250f8184f253413a,SP,4.491286245123572,0.9252193756626675,25.40111111111111,45,4.642857142857143,0.9285714285714286,42,42,0.9004077935991031,0.7433497727431964,0.990612344579161,0.0076297049847405905,0.42576863242562213,0.21139238474285665,0.0721749571224421,0.001296294360893818,0.7106322686518147
1e8b33f18b4f7598d87f5cbee2282cc2,SP,4.365776628314595,0.9453710644936582,123.98244604316548,139,4.4,0.9508196721311475,120,122,0.8392377028007922,0.8300234804571268,0.9298731092166302,0.055442522889114956,0.3968436207923445,0.23604048774898054,0.06774956132364154,0.009419739022495079,0.7100534088874616
66922902710d126a0e7d26b0e3805106,MG,4.457947153936614,0.9256529405969398,92.04709677419355,155,4.496644295302014,0.9266666666666666,149,150,0.8841591961857012,0.7452145633671133,0.949549538806163,0.06358087487283826,0.41808528811350165,0.21192269032912353,0.06918316496256106,0.010802453007448485,0.7099935964126347
2b3e4a2a3ea8e01938cabda2a3e5cc79,SP,4.306816781534488,0.9732681736546334,437.57685185185187,54,4.365384615384615,1.0,52,52,0.810502222024982,0.9500107383867697,0.7366571780678484,0.012207527975584944,0.38325570380741353,0.27016223436484454,0.0536720549990455,0.0020740709774301085,0.7091640641487336
cc3d14116804f7209f3884f6367f1152,PR,4.432826104609205,0.94179089707663,182.59333333333333,30,4.62962962962963,0.962962962962963,27,27,0.8719158565327311,0.8146249504940586,0.8937609944803271,0.0,0.41229587800685347,0.2316614832886511,0.06511847122370881,0.0,0.7090758325192134
e26901d5ab434ce92fd9b5c256820a4e,SP,4.197568254453089,0.9682283297984816,53.96046511627907,215,4.2030456852791875,0.9746192893401016,197,197,0.7572573592721786,0.9283340463251014,0.9730159778235543,0.09409969481180061,0.35807823137868794,0.26399785819056726,0.07089290463940322,0.015987630451023756,0.7089566246596822
25e6ffe976bd75618accfe16cefcbd0d,SP,4.399009473446888,0.9387493753413743,100.4575652173913,115,4.443396226415095,0.9433962264150944,106,106,0.8554345186776388,0.8015431701977238,0.9443675697992245,0.04323499491353001,0.4045024795833924,0.2279413116616132,0.06880561223678265,0.007345668045064968,0.7085950715268532
9baf5cb77970f539089d09a38bcec5c3,SP,4.315860708314577,0.9634196060537087,187.1775,32,4.419354838709677,1.0,31,31,0.814909994404315,0.9076514167039792,0.8909365371091661,0.001017293997965412,0.38533997188164965,0.258116171589349,0.06491268427710628,0.00017283924811917572,0.7085416669962241
d9bd94811c3338dceb4181f3dbc0c73e,SP,4.631627426491864,0.8989364693132675,113.29540983606559,61,4.796296296296297,0.8888888888888888,54,54,0.9688063994215269,0.6303053047630643,0.9364577472513893,0.015768056968463885,0.45811173414892736,0.17924501543631732,0.06822931101626974,0.0026790083458472238,0.7082650689473616
c66dccfb3f109511246da627dd5a2498,SP,4.4431802372163585,0.9416416792151628,276.87613636363636,44,4.568181818181818,0.9545454545454546,44,44,0.8769621888204098,0.8139831548897809,0.8356702274213932,0.007121057985757884,0.4146820967981213,0.23147897068384451,0.06088603999606294,0.0012098747368342302,0.7082569822148629
91f848e9f4be368f4318775aac733370,SP,4.3352259829922914,0.9524990412216442,80.98014285714285,70,4.396551724137931,0.9666666666666667,58,60,0.824348120664974,0.8606813660911613,0.9563682567630392,0.02034587995930824,0.38980290316592764,0.24475891855099174,0.06967996946823946,0.003456784962383515,0.7076985761475424
fde0cc9ea29c8ccfc0a2c22256a58c71,PR,4.367493862404042,0.9494248777878916,112.05714285714286,35,4.485714285714286,0.9714285714285714,35,35,0.8400746375938709,0.847459191753487,0.9372206846728218,0.00254323499491353,0.39723937545463384,0.24099882193535402,0.06828489782172428,0.00043209812029793937,0.7069551933320102
d66c305afaec317ebee552073a674429,MG,4.347806691203826,0.9517955866415843,93.78613636363637,44,4.447368421052632,0.9736842105263158,38,38,0.8304796274225629,0.8576557627695987,0.9484780587435251,0.007121057985757884,0.3927022597301928,0.24389850327290435,0.0691050980698945,0.0012098747368342302,0.7069157358098259
4d6d651bd7684af3fffabd5f08d12e5a,SP,4.219676775545826,0.9509380913754791,110.53727506426735,389,4.223756906077348,0.953168044077135,362,363,0.7680324717858069,0.853967620565548,0.9381571257106209,0.18260427263479145,0.36317337265997535,0.2428496764562795,0.0683531259153077,0.031024645037392044,0.7054008200689545
0241d4d5d36f10f80c644447315af0bd,PR,4.339126175323193,0.9390716573676569,127.6329268292683,246,4.3544303797468356,0.9411764705882353,237,238,0.8262489719708561,0.8029293258882838,0.9276239267338984,0.10986775178026449,0.3907017435210459,0.228335503962192,0.06758568829082498,0.018666638796870978,0.705289574570934
b6d44737c043328708f6749c2dbe50bd,SP,4.436419933005244,0.9300565235064528,66.89367088607595,79,4.524590163934426,0.9344262295081968,61,61,0.873667394103225,0.7641546562394401,0.9650474001025774,0.024923702950152594,0.4131241135700424,0.21730883766694684,0.07031232257974526,0.004234561578919806,0.7049798353956543
128639473a139ac0f3e5f5ade55873a5,PR,4.210532791664962,0.9365550046022809,21.292148014440432,554,4.213051823416507,0.937381404174573,521,527,0.7635759342034949,0.7921050407361532,0.9931440132443973,0.26653102746693796,0.361066045374202,0.22525731448081027,0.0723594117967267,0.045283883007224045,0.703966654658963
86ccac0b835037332a596a33b6949ee1,SC,4.2229598702944315,0.9603672428679481,76.41509615384615,208,4.231638418079096,0.9662921348314607,177,178,0.7696325659377737,0.8945230066328331,0.9591809336895952,0.09053916581892167,0.36392999638500106,0.2543827394762535,0.0698848981042335,0.015382693082606641,0.7035803270480947
ff063b022a9a0aab91bad2c9088760b7,SP,4.283578150517245,0.9576243128755116,125.796875,96,4.311827956989247,0.9680851063829787,93,94,0.799176323615805,0.882725488596598,0.9287551792602777,0.0335707019328586,0.3779001168045606,0.25102778389118174,0.06766811014134287,0.0057036951879327995,0.702299706025018
3586b8580d9c917874e053a1bb37b5ff,SP,4.323651383470634,0.9502406055655064,35.45813953488372,43,4.416666666666667,0.9722222222222222,36,36,0.8187069648579933,0.8509676893074183,0.9844158752688174,0.006612410986775178,0.38713541493413717,0.24199656175042522,0.07172348898838146,0.0011234551127746423,0.7019789207857186
46dc3b2cc0980fb8ec44634e21d2718e,RJ,4.268887717878474,0.9336765927127814,234.82099426386233,523,4.27364185110664,0.9343936381709741,497,503,0.7920165925830208,0.7797248063606046,0.8615817975574989,0.25076297049847407,0.37451455205041867,0.22173664713915653,0.06277392931400101,0.04260487466137682,0.701630003164953
b90e891671cffd9557f33a97dc523645,PR,4.259176436681043,0.9652486257510232,114.07692307692308,39,4.323529411764706,1.0,34,34,0.7872835691883362,0.91551814787364,0.9359762309815184,0.004577822990844354,0.3722764851297201,0.26035329753336955,0.06819422825526653,0.0007777766165362908,0.7016017875348926
9b00ed88b7fdb95d6ff76e27c1b52d16,SP,4.429330854803347,0.9293738547925194,31.3576,50,4.543478260869565,0.9347826086956522,46,46,0.870212363577984,0.7612184542628636,0.9869423538978026,0.01017293997965412,0.41149036091688,0.2164738461721292,0.0719075655221695,0.0017283924811917575,0.7016001650923704
0509040ea3fe50071181bbc359eb7738,MG,4.41804975680206,0.9284505977439061,38.430729166666666,96,4.476744186046512,0.9310344827586207,86,87,0.8647142527033913,0.7572474664093161,0.982584364046074,0.0335707019328586,0.40889051319827835,0.21534458425139363,0.07159004703735578,0.0057036951879327995,0.7015288396749606
b76dba6c951ab00dc4edf0a1aa88037e,SP,4.210850720852105,0.9612837024320295,15.241377245508982,167,4.219354838709678,0.9681528662420382,155,157,0.7637308845390902,0.8984647580689051,0.9968720941241312,0.06968463886063073,0.361139315500193,0.25550368720057964,0.07263103578679327,0.011839488496163538,0.7011135269837295
7e93a43ef30c4f03f38b393420bc753a,SP,4.3526106390101615,0.9417823696958301,515.4704658385093,322,4.364779874213837,0.9435736677115988,318,319,0.8328209454105792,0.8145882736816477,0.6886643348340393,0.14852492370295015,0.3938093800426976,0.23165105320697946,0.050175347713355654,0.025234530225399655,0.7008703111884323
eeb6de78f79159600292e314a77cbd18,SC,4.384771747074143,0.952915903195013,524.2269879518071,83,4.439024390243903,0.9634146341463414,82,82,0.8484954247888583,0.8624743162076425,0.6832691506649125,0.02695829094608342,0.40122124575100904,0.2452687942713397,0.049782260358644935,0.004580240075158157,0.7008525404561519
6061155addc1e54b4cfb51c1c2a32ad8,SP,4.445155971900309,0.9428688434270628,473.73939393939395,33,4.642857142857143,0.9642857142857143,28,28,0.8779251100138876,0.8192612669681909,0.7143762345537792,0.001525940996948118,0.41513742564200207,0.2329799500883013,0.05204868925807175,0.00025925887217876357,0.7004253238605539
7722b1df1b0e383e000397b2c11e3e19,SP,4.216514498049428,0.9617290411639082,48.93472222222223,144,4.2272727272727275,0.9699248120300752,132,133,0.7664912607893732,0.9003801885523883,0.9761125049777472,0.05798575788402848,0.3624445925417936,0.2560483936531268,0.07111851429973638,0.009851837142793016,0.6994633376374498
282f23a9769b2690c5dda22e316f9941,MG,4.3316997819604675,0.9428622382666242,59.30532110091743,109,4.36734693877551,0.9489795918367347,98,98,0.8226295428956063,0.8192328577489905,0.9697228344931913,0.04018311291963377,0.38899025304030405,0.23297187112895312,0.07065296973452578,0.006827150300707441,0.6994422442044904
cc5a78bbad32776dc4e3af205218368c,MG,4.342689700145377,0.9477104668654474,112.34684210526316,38,4.454545454545454,0.9696969696969697,33,33,0.8279857403753588,0.8400854002842089,0.9370421913421314,0.004069175991861648,0.3915229953068277,0.2389018772392725,0.06827189298834045,0.0006913569924767029,0.6993881225269174
42b729f859728f5079499127a9c2ef37,SP,4.428976455895119,0.9218210662407861,31.274503816793892,131,4.480392156862745,0.9223300970873787,102,103,0.8700396388581868,0.7287334256953658,0.9869935522167639,0.05137334689725331,0.41140868595998054,0.20723581596196117,0.07191129577699218,0.008728382030018375,0.6992841797289523
34d1ca11b242c0fee2c834ae8d788566,MG,4.271529380831828,0.9684078415918392,327.3717073170732,41,4.333333333333333,1.0,39,40,0.7933040697248014,0.9291061380757816,0.8045582286741648,0.005595116988809766,0.3751233510699652,0.2642174241639505,0.058619253005306605,0.0009506158646554665,0.6989106441038778
80e6699fe29150b372a0c8a1ebf7dcc8,PR,4.305107740773577,0.9501222749595196,113.46591836734694,98,4.336842105263158,0.9583333333333334,95,96,0.8096692804450387,0.8504587417724039,0.936352691280906,0.03458799593082401,0.3828618373838841,0.2418518282251311,0.06822165675049505,0.005876534436051976,0.6988118567955622
5cbbd5a299cab112b7bf23862255e43e,PR,4.231058790878041,0.9663696378235709,71.73842105263158,38,4.277777777777778,1.0,36,36,0.7735797671169609,0.9203396927840776,0.9620623885804479,0.004069175991861648,0.36579647783920266,0.2617244392409951,0.07009483782922844,0.0006913569924767029,0.6983071119019029
c6bda72e4dbf5c5866b13cb1810c6d03,SP,4.330872398797587,0.951940206412487,238.29457627118646,59,4.389830508474576,0.9661016949152542,59,59,0.8222262980727382,0.8582777816910899,0.8594416082890199,0.014750762970498474,0.38879957388583003,0.24407539182253554,0.06261799741033389,0.0025061690977280482,0.6979991322164275
5debea795b07621e1f90532e18f96145,PR,4.266911039707308,0.9591160302953214,57.084242424242426,33,4.36,1.0,25,25,0.7910532115586543,0.8891414610106589,0.9710913148510019,0.001525940996948118,0.374059005769983,0.2528523458387123,0.0707526757514035,0.00025925887217876357,0.6979232862322776
30a2f535bb48308f991d0b9ad4a8c4bb,SP,4.252552524802407,0.9578857478872309,54.38275862068966,87,4.28169014084507,0.971830985915493,71,71,0.7840552485117394,0.8838499373701965,0.97275578876673,0.02899287894201424,0.37074993494959363,0.25134755247992424,0.07087394754269148,0.004925918571396508,0.6978973535436058
f680f85bee2d253556ac91be391d2c82,SP,4.277415471546258,0.9565481344374845,95.99851851851852,54,4.333333333333333,0.9777777777777777,45,45,0.7961727957443918,0.8780967760272501,0.947114936601693,0.012207527975584944,0.37647986260046024,0.2497114794754115,0.06900578244690861,0.0020740709774301085,0.6972711955002104
669ae81880e08f269a64487cfb287169,SC,4.24987176801918,0.9514166713639647,70.99389189189189,185,4.2625,0.9565217391304348,160,161,0.7827487180640545,0.8560260238283028,0.9625211177299325,0.07884028484231943,0.37013212634566134,0.24343504123398094,0.07012826034498452,0.01339504172923612,0.6970904696538629
d4e12e7884759a14fa0f5f896c791cae,SP,4.4356845682428565,0.9257257735465708,43.75,32,4.620689655172414,0.9310344827586207,29,29,0.8733089966319495,0.7455278225604844,0.9793069845773787,0.001017293997965412,0.4129546410240532,0.21201177437859456,0.07135126067059841,0.00017283924811917572,0.6964905153213653
ce27a3cc3c8cc1ea79d11e561e9bebb6,SP,4.181312405240105,0.9656413347639283,62.68509933774835,151,4.188034188034188,0.9754098360655737,117,122,0.7493346853158448,0.9172072145561713,0.9676404408439115,0.06154628687690743,0.35433189990585723,0.2608336310817237,0.07050124875792857,0.010456774511210132,0.6961235542567197
dbb9b48c841a0e39e21f98e1a6b2ec3e,SP,4.2498188468842395,0.9545889369034433,60.90550847457627,118,4.268518518518518,0.962962962962963,108,108,0.782722925692826,0.8696701416223858,0.9687369058934233,0.044760935910478125,0.37011993011335076,0.24731512932166513,0.07058113603004648,0.007604926917243732,0.695621122382306
620c87c171fb2a6dd6e8bb4dec959fc6,RJ,4.301740020037348,0.900955772119066,144.55205655526993,778,4.305865921787709,0.9002770083102493,716,722,0.8080279418093547,0.6389904558014495,0.9171994888495352,0.38046795523906407,0.3820857107096922,0.18171488205520497,0.06682617488333852,0.06464187879657173,0.6952686464448075
520b493b57809f446cb0a233bb3e25c7,SP,4.265150305029805,0.9541001971355213,50.66986301369863,73,4.301587301587301,0.9682539682539683,63,63,0.7901950757214737,0.867568040495859,0.975043427094056,0.02187182095625636,0.3736532259395227,0.24671733782915242,0.07104062242726154,0.0037160438345622783,0.6951272300304989
dee656f0f566ed1aa85bd137c943f08f,SP,4.331610679158311,0.939956928347978,66.08595744680851,94,4.369565217391305,0.9456521739130435,92,92,0.8225861165300667,0.8067369332228103,0.9655450591850696,0.03255340793489318,0.38896971836212996,0.22941830404382732,0.07034858148883016,0.005530855939813623,0.694267459834601
4bfc7a4a1cf8d4d2121c27422d9e50b5,SP,4.374481243350323,0.9406714912511807,203.10999999999999,40,4.538461538461538,0.9615384615384616,26,26,0.8434801035477423,0.8098103141555371,0.8811199945752217,0.00508646998982706,0.3988496909053211,0.23029230622747604,0.06419746147541684,0.0008641962405958787,0.6942036548488099
4371b634e0efc0e22b09b52907d9d469,SP,4.427772667011985,0.9205899019296173,73.58558558558559,111,4.48,0.9207920792079208,100,101,0.8694529437733366,0.723438108933132,0.9609242891481594,0.041200406917599186,0.4111312601472507,0.2057299439224682,0.07001191712046077,0.006999989548826617,0.6938731107390063
1838dd9b8977065acf51d95e0053ea7a,MG,4.318464683842678,0.9422149721029704,42.315384615384616,65,4.370967741935484,0.9516129032258065,62,62,0.816179103684865,0.8164489244145612,0.9801908987743302,0.01780264496439471,0.3859400854375515,0.2321801814989713,0.07141566171467383,0.0030246868420855753,0.6925606154932822
01fdefa7697d26ad920e9e0346d4bd1b,PR,4.348118446258029,0.9345124515913078,113.8656153846154,130,4.377952755905512,0.9375,127,128,0.830631568647923,0.7833198890722869,0.9361064246704742,0.0508646998982706,0.392774106962292,0.222759009875565,0.06820371402835367,0.008641962405958787,0.6923787932721694
729b2d09b2a0bdab221076327f13d050,SP,4.446623859203246,0.9177691560143433,30.086833333333335,60,4.5625,0.9166666666666666,48,48,0.8786405197321644,0.71130589961578,0.9877253154565065,0.015259409969481181,0.41547571571405617,0.20227980947185803,0.0719646112648732,0.002592588721787636,0.6923127251725749
c8b3445d737de6befde0c88ede534a5e,SP,4.322441139737797,0.9449092418760963,87.47333333333333,36,4.433333333333334,0.9666666666666667,30,30,0.8181171238489302,0.8280371517227983,0.9523675864043054,0.003051881993896236,0.386856501533384,0.23547561938763914,0.06938848489994923,0.0005185177443575271,0.6922391235653299
43f8c9950d11ecd03a0304a49e010da6,SP,4.431816520464647,0.9241032469412148,103.64853658536586,41,4.560975609756097,0.926829268292683,41,41,0.871423811736792,0.7385492314394053,0.9424015063340859,0.005595116988809766,0.4120632087192835,0.21002721600066407,0.06866236695312261,0.0009506158646554665,0.6917034075377257
1127b7f2594683f2510f1c2c834a486b,SP,4.183415427401673,0.9626096878313338,52.10703125,128,4.1909090909090905,0.9727272727272728,110,110,0.7503596430827847,0.9041679064201984,0.9741579400003741,0.04984740590030519,0.35481656348809887,0.25712553760630874,0.07097610678361073,0.008469123157839611,0.691387331035858
1554a68530182680ad5c8b042c3ab563,MG,4.3147983767458555,0.9298342556803728,108.53797752808988,267,4.327868852459017,0.9308943089430894,244,246,0.8143922418992183,0.7631986680464186,0.9393889593401139,0.12054933875890132,0.38509514639524556,0.2170369755754807,0.06844287599754438,0.020481450902122323,0.691056448870393
7008613ea464bad5cb9b83456e1e6a8f,SC,4.260551247910101,0.9457377016447074,49.59671052631579,152,4.278688524590164,0.9512195121951219,122,123,0.7879536160727911,0.8316004103875969,0.9757046319920821,0.06205493387589013,0.3725933248413302,0.23648893206254276,0.07108879710974489,0.01054319413526972,0.6907142481488876
cac876b37d3abcd6bd76caca30277996,PR,4.329026697895778,0.94179089707663,67.56878787878787,33,4.461538461538462,0.962962962962963,26,27,0.8213267519294175,0.8146249504940586,0.9646314380957144,0.001525940996948118,0.3883742126950806,0.2316614832886511,0.07028201603231106,0.00025925887217876357,0.6905769708882216
75fbb52eda0cbc24f479d3b2fbfa8d3e,GO,4.347806691203826,0.9361705866415843,26.687560975609756,41,4.447368421052632,0.9473684210526316,38,38,0.8304796274225629,0.790451634401585,0.9898197200812707,0.005595116988809766,0.3927022597301928,0.22478712195391476,0.0721172073483125,0.0009506158646554665,0.6905572048970756
3bb548e3cb7f70f28e3f11ee9dce0e59,PR,4.179330854803348,0.9710405214591861,145.09471698113208,53,4.195652173913044,1.0,46,46,0.7483689296771968,0.9404294632442336,0.9168651377337678,0.011698880976602238,0.3538752307605571,0.2674375296894348,0.06680181441824194,0.0019876513533705208,0.6901022262216044
53e4c6e0f4312d4d2107a8c9cddf45cd,SP,4.130432515046794,0.9446112833232339,57.78861328125,512,4.130151843817788,0.9460043196544277,461,463,0.7245371631652531,0.826755612853364,0.9706573285665213,0.2451678535096643,0.34260609392254926,0.23511117781829463,0.070721055974358,0.041654258796721355,0.6900925865119232
5f1dc28029d2c244352a68107ec2b542,SP,4.360470565916636,0.9308513357393341,35.991025641025644,78,4.426229508196721,0.935483870967742,61,62,0.8366516673485551,0.7675731946923694,0.9840875464361364,0.024415055951169887,0.39562078288964037,0.2182809950851607,0.07169956730039677,0.004148141954860217,0.689749487230058
b1a81260566c1bac3114a6d124413f27,RS,4.238799633440786,0.9599339940917064,160.8275925925926,54,4.2745098039215685,0.9803921568627451,51,51,0.7773524504734818,0.8926595758249082,0.9071715904172036,0.012207527975584944,0.36758043644629135,0.25385282059185416,0.066095552916691,0.0020740709774301085,0.6896028809322666
ffc470761de7d0232558ba5e786e57b7,SP,4.3217149934980945,0.94179089707663,50.971000000000004,30,4.444444444444445,0.962962962962963,27,27,0.8177632192434924,0.8146249504940586,0.9748578865929061,0.0,0.3866891534929322,0.2316614832886511,0.07102710414456676,0.0,0.6893777409261501
834f3294fba9f932f56edc879193f925,SP,4.458061603659694,0.9338577994028413,604.6590909090909,66,4.545454545454546,0.9393939393939394,66,66,0.8842149759747774,0.7805041879708402,0.6337122600466941,0.018311291963377416,0.41811166425626806,0.22195828618883892,0.04617159825145005,0.003111106466145163,0.6893526551627022
916748bc99315c2d202898ae58b1617e,SP,4.220399411800331,0.9591160302953214,11.543750000000001,32,4.28,1.0,25,25,0.7683846657166472,0.8891414610106589,0.9991503251067273,0.001017293997965412,0.36333991178741126,0.2528523458387123,0.07279702526227648,0.00017283924811917572,0.6891621221365193
c70c1b0d8ca86052f45a432a38b73958,SP,4.3531781692297615,0.9157864249827321,108.00342261904763,336,4.368217054263566,0.9153846153846154,258,260,0.8330975447337733,0.7027780461266508,0.9397183163777001,0.15564598168870802,0.3939401733525772,0.19985467482877867,0.06846687259944,0.026444404962233884,0.6887061257430297
5160d23075764e18e07c1f4a87fad743,SP,4.283866170733613,0.9477104668654474,62.078947368421055,38,4.363636363636363,0.9696969696969697,33,33,0.7993166971045853,0.8400854002842089,0.968013911208822,0.004069175991861648,0.3779664940935753,0.2389018772392725,0.07052845940972532,0.0006913569924767029,0.6880881877350498
1c129092bf23f28a5930387c980c0dfc,SP,4.241830298190849,0.9421014050666434,43.5096803652968,219,4.251256281407035,0.945,199,200,0.7788295168740806,0.8159604652985486,0.9794550534878327,0.09613428280773144,0.3682788850224315,0.23204127443103445,0.07136204881322722,0.016333308947262107,0.6880155172139553
1b8356dabde1d35e17cef975c3f82730,SP,4.1983174617453995,0.9619125622847087,56.10666666666667,60,4.218181818181818,0.9818181818181818,55,55,0.757622503228973,0.9011695246778613,0.9716936317506971,0.015259409969481181,0.35825089408133,0.256272863548788,0.07079655991724043,0.002592588721787636,0.6879129062691459
381c83fdca332ea6afd896da20bf6e4a,PR,4.319955854803347,0.9432627436814083,159.90869565217392,46,4.391304347826087,0.9565217391304348,46,46,0.8169058612463894,0.8209554572566534,0.907737753348315,0.008138351983723296,0.38628374147348865,0.23346174067789768,0.06613680294300138,0.0013827139849534058,0.6872649990793411
6b243f80ed07b10f0e8aa0f21a205f3c,PR,4.242032728942415,0.951570643286299,70.33820224719102,89,4.265822784810126,0.9620253164556962,79,79,0.7789281763056722,0.8566882669536551,0.9629251099023017,0.030010172939979655,0.36832553731882794,0.24362336866567053,0.07015769478306527,0.005098757819515684,0.6872053585870794
e9511df20ccd82658a30c37b7fb343af,SP,4.236929367685356,0.956560782188779,69.88666666666667,30,4.318181818181818,1.0,22,22,0.776440932065687,0.8781511748177502,0.9632033159736532,0.0,0.3671494140265872,0.2497269492992718,0.0701779645802073,0.0,0.6870543279060662
25cf099de44674fde97473224f9d59ab,SP,4.275778726976332,0.9462489150665974,33.087199999999996,50,4.326530612244898,0.96,49,50,0.7953750894291192,0.8337991721429983,0.9858766898798073,0.01017293997965412,0.37610265759474465,0.23711421171957475,0.07182992238030211,0.0017283924811917575,0.6867751841758132
20d83f3ef0e6925fd74bfd59170babf7,SP,4.318571977714038,0.938104811288809,53.770370370370365,54,4.4,0.95,40,40,0.8162313958997571,0.7987708588166035,0.9731331015115312,0.012207527975584944,0.38596481243900504,0.2271529270604555,0.07090143814618215,0.0020740709774301085,0.6860932486230727
4b9750c8ad28220fe6702d4ecb7c898f,SP,4.346711381733678,0.9214605660290592,71.56289592760182,221,4.364055299539171,0.9216589861751152,217,217,0.8299458023544555,0.7271828911350082,0.9621705354409927,0.09715157680569685,0.3924498341394567,0.20679487791320034,0.0701027172939509,0.016506148195381282,0.6858535775419893
0db783cfcd3b73998abc6e10e59a102f,SP,4.197833387298082,0.9551577059814013,66.25839416058393,137,4.206106870229007,0.9621212121212122,131,132,0.7573865780572737,0.8721164539505039,0.9654388151972968,0.05442522889114954,0.3581393340321798,0.24801080693646868,0.07034084066538496,0.009246899774375901,0.6857378814084093
bfd27a966d91cfaafdb25d076585f0da,SP,4.293718890896291,0.9422494110361529,167.17391304347825,115,4.31858407079646,0.9473684210526316,113,114,0.8041186541361223,0.816597048477694,0.9032614115601405,0.04323499491353001,0.3802371571118414,0.23222230473636452,0.06581066146253745,0.007345668045064968,0.6856157913558084
1b938a7ec6ac5061a66a3766e0e75f90,SP,4.3080249937747706,0.943907591728389,124.50967741935484,31,4.413793103448276,0.9655172413793104,29,29,0.8110910729379298,0.8237289901159914,0.9295482644509253,0.000508646998982706,0.3835341490293348,0.23425047264069157,0.06772589348105458,8.641962405958786e-05,0.6855969347751406
b8bc237ba3788b23da09c0f1f3a3288c,SC,4.265760882377649,0.9565481344374845,291.1853191489362,47,4.318181818181818,0.9777777777777777,44,45,0.7904926550843672,0.8780967760272501,0.8268538645506649,0.008646998982706003,0.37379393991298887,0.2497114794754115,0.06024368921611074,0.001469133609012994,0.6852182422135242
31344c16881c08a8a72c6d2eb29918c1,MG,4.3412862451235705,0.9399252580156087,222.99523809523808,42,4.428571428571429,0.9523809523809523,42,42,0.8273017332586298,0.806600717089562,0.8688680387892801,0.006103763987792472,0.39119955433182796,0.22937956716072916,0.06330479706601856,0.0010370354887150543,0.6849209540472907
1025f0e2d44d7041d6cf58b6550e0bfa,SP,4.013562146421102,0.8994817495139544,97.32997183098591,1420,4.011086474501108,0.8989010989010989,902,910,0.6675776150268321,0.6326505899216882,0.9462945839844767,0.7070193285859614,0.31567208792340234,0.17991196313814276,0.06894601243162779,0.12012327744282714,0.684653340936
1caf283236cd69af44cbc09a0a1e7d32,RJ,4.440728915831651,0.9138121617807016,24.8,37,4.606060606060606,0.9090909090909091,33,33,0.8757674791599812,0.6942866133163145,0.9909827091038652,0.003560528992878942,0.4141171639955818,0.19743989742858314,0.07220194148603949,0.0006049373684171151,0.6843639402786217
53243585a1d6dc2643021fd1853d8905,BA,4.1908713590863025,0.9543179613504315,544.8511,400,4.19364161849711,0.9568965517241379,346,348,0.7539934683603243,0.868504658368037,0.6705619500908708,0.18819938962360122,0.35653486138588514,0.24698369142587423,0.04885642730033861,0.03197526090204751,0.6843502410141454
6b90f847357d8981edd79a1eb1bf0acb,SP,4.2932884874192725,0.9424636273952309,70.68255319148936,47,4.355555555555555,0.9555555555555556,45,45,0.8039088867857112,0.8175184067941106,0.9627129438460451,0.008646998982706003,0.38013796610244877,0.2324843188498433,0.07014223659087036,0.001469133609012994,0.6842336551521755
33ac3e28642ab8bda860a2f693000e78,SP,4.182253359757966,0.9652486257510232,104.60085714285715,35,4.205882352941177,1.0,34,34,0.7497932818342474,0.91551814787364,0.9418147500021503,0.00254323499491353,0.3545487527739282,0.26035329753336955,0.06861961651362877,0.00043209812029793937,0.6839537649412245
bacb1f0ed56ad24198f5810d2b3fe9a5,SP,4.263221358316622,0.9517955866415843,159.94868421052632,38,4.324324324324325,0.9736842105263158,37,38,0.7892549577560903,0.8576557627695987,0.9077131150690784,0.004069175991861648,0.37320867987574413,0.24389850327290435,0.06613500782429808,0.0006913569924767029,0.6839335479654233
f326006815956455b2859abd58fe7e39,SP,4.313969433607935,0.9404262155731826,104.90533333333333,30,4.666666666666667,1.0,9,9,0.8139882367854872,0.8087553677139542,0.9416271521063787,0.0,0.3849041077281115,0.2299923025788044,0.06860594833135983,0.0,0.6835023586382757
8a130737016f838139d31878787a39c9,SP,4.371313171721814,0.9257916773787975,68.09725806451613,62,4.446428571428571,0.9285714285714286,56,56,0.8419360686434975,0.7458112791749426,0.9643058300582988,0.01627670396744659,0.3981195754684367,0.2120923832277509,0.07025829257856268,0.0027654279699068115,0.6832356792446571
4a3ca9315b744ce9f8e9374361493884,SP,3.8562829896710418,0.8903864947414134,101.01699332991278,1949,3.8533941814033086,0.8899548532731377,1753,1772,0.5909238848690417,0.5935313150881755,0.9440228875546771,0.9760935910478128,0.27942545157527643,0.1687872986804537,0.06878049905668025,0.16583925857034912,0.6828325078827595
d91fb3b7d041e83b64a00a3edfb37e4f,SP,4.140292146296309,0.9362089409910207,76.05026666666666,525,4.140384615384615,0.9370229007633588,520,524,0.7293424884789985,0.7906165989214567,0.9594057172564262,0.2517802644964395,0.3448783496734858,0.22483403424814333,0.06990127559476916,0.042777713909495994,0.6823913734258944
1a3df491d1c4f1589fc2b934ada68bf2,SC,4.2611077230753605,0.9404027825003302,131.41754385964913,171,4.275,0.94375,160,160,0.788224827452854,0.808654580562848,0.9252920984550078,0.07171922685656154,0.37272157039763093,0.2299636409217958,0.0674157937735935,0.012185166992401889,0.6822861720854222
670c26e0f1bf8d0576271d5cfaec6d2b,PR,4.278707102183308,0.9409215295637029,72.67558139534884,86,4.311688311688312,0.948051948051948,77,77,0.7968023025929905,0.8108857449940436,0.961484972960463,0.028484231943031537,0.37677753246953044,0.23059813518971406,0.07005276794402834,0.004839498947336921,0.6822679345506099
42bde9fef835393bb8a8849cb6b7f245,DF,4.278407205911813,0.9485819590843565,194.2051282051282,39,4.352941176470588,0.9705882352941176,34,34,0.7966561410268583,0.8438337442810918,0.8866065819114013,0.004577822990844354,0.376708418218668,0.23996782412644724,0.06459720836723003,0.0007777766165362908,0.6820512273288817
fa1a9dec3a9940c072684a46728bf1fc,SC,4.117738537602975,0.9742582412970543,111.23333333333333,60,4.111111111111111,1.0,54,55,0.7183504519587964,0.9542690828945632,0.9377282610877187,0.015259409969481181,0.3396806332720408,0.27137321422058214,0.06832187929705316,0.002592588721787636,0.6819683155114636
fa1c13f2614d7b5c4749cbc52fecda94,SP,4.365670903221983,0.898865757524936,329.7359930915371,579,4.372822299651568,0.8979238754325259,574,578,0.8391861751674587,0.6300011688206539,0.8031015136660101,0.2792472024415056,0.3968192553324579,0.17915852583948205,0.058513118306068784,0.04744437360871374,0.6819352730867225
750303a20e9c56b2a6bc45cdce0b897d,GO,4.260241897287524,0.9482900955071063,140.64285714285714,56,4.30188679245283,0.9622641509433962,53,53,0.7878028467042547,0.8425784202931577,0.9196080764726715,0.013224821973550356,0.3725220317357954,0.23961083749489823,0.06700166200438722,0.0022469102255492845,0.6813814414606301
ebd2d60905fb58271facef5596b620d3,SP,4.214771747074142,0.952915903195013,90.74141176470589,85,4.2317073170731705,0.9634146341463414,82,82,0.7656418897363223,0.8624743162076425,0.9503540147158802,0.02797558494404883,0.3620429572447091,0.2452687942713397,0.06924177821789511,0.004753079323277332,0.6813066090572212
fe2032dab1a61af8794248c8196565c9,SP,4.3728898198938575,0.9119589891694714,215.37609836065576,305,4.387543252595155,0.9112627986348123,289,293,0.8427044855528381,0.6863159989129096,0.8735624438905883,0.13987792472024416,0.3984829306270087,0.195173229369503,0.06364682640651324,0.023765396616386665,0.6810683830194115
715bbd5ba4e6b74cb0d2f29eb45058b0,SP,4.393464683842678,0.9194876993756977,63.1765625,64,4.467741935483871,0.9193548387096774,62,62,0.8527321338551015,0.7186974649701775,0.9673376340630478,0.017293997965412006,0.40322462448444846,0.20438180867135006,0.07047918657937323,0.002938267218025988,0.6810238869531978
db4350fd57ae30082dec7acbaacc17f9,SP,4.159981534035387,0.956264923117663,22.788413793103445,145,4.162962962962963,0.9632352941176471,135,136,0.7389385789331318,0.8768786659541261,0.9922221141916227,0.05849440488301119,0.3494159762226269,0.2493650756656858,0.07229224321663648,0.009938256766852605,0.6810115518718017
7d456afc660226829370f3173d14520c,SP,4.2942078727043045,0.9372212042600173,91.21629213483146,89,4.345454545454546,0.9454545454545454,55,55,0.8043569710265358,0.7949704082444567,0.9500614251441323,0.030010172939979655,0.3803498481138925,0.22607216220519943,0.06922046045428057,0.005098757819515684,0.6807412285928881
3d8fa2f5b647373c8620330c4e077a9f,SP,4.211477537413801,0.95463114036855,74.50510638297872,47,4.2439024390243905,0.9761904761904762,41,42,0.7640363784683019,0.8698516614359287,0.9603577418380413,0.008646998982706003,0.36128377197133804,0.24736674957860194,0.06997063908870661,0.001469133609012994,0.6800902942476597
582d4f8675b945722eda7c0cb61ba4c7,SP,4.149054216979405,0.96370491229484,66.23887323943661,71,4.1525423728813555,0.9830508474576272,59,59,0.7336128915994377,0.908878537168183,0.9654508426853083,0.020854526958290945,0.3468976610448676,0.2584651377568337,0.07034171697531212,0.0035432045864431023,0.6792477203634565
edb1ef5e36e0c8cd84eb3c9b003e486d,RJ,4.412443577636143,0.9210205107071278,454.85574712643677,174,4.442424242424242,0.9212121212121213,165,165,0.8619819482208378,0.7252901849369852,0.7260110766774495,0.07324516785350967,0.4075985102289825,0.20625663374943182,0.052896391425319655,0.012444425864580652,0.6791959612683146
65febd49fd28ec955651299159b1f527,SP,4.342689700145377,0.9307613143230744,108.8607894736842,38,4.454545454545454,0.9393939393939394,33,33,0.8279857403753588,0.7671860068002614,0.9391900641764929,0.004069175991861648,0.3915229953068277,0.21817088733392775,0.06842838470840916,0.0006913569924767029,0.6788136243416413
cc63f0dd2acba93ffed4fe9f8e0321fa,SP,4.102427050786496,0.9742582412970543,112.64619047619048,63,4.090909090909091,1.0,55,55,0.7108880354314111,0.9542690828945632,0.936857752866332,0.0167853509664293,0.33615194004876797,0.27137321422058214,0.06825845499803536,0.0028518475939663997,0.6786354568613518
08633c14ef2db992c11f840f04fad4cd,SP,4.320404072906676,0.929149175450614,78.80721649484536,97,4.364864864864865,0.9324324324324325,74,74,0.8171243109777737,0.7602520939854204,0.9577070688803229,0.0340793489318413,0.3863870380509355,0.21619903448715938,0.06977751388880793,0.005790114811992387,0.6781537012388953
640e21a7d01df7614a3b4923e990d40c,SP,4.304339659454242,0.928474592518166,55.35948529411765,136,4.3304347826086955,0.9304347826086956,115,115,0.8092949377831874,0.7573506694742453,0.972153995015985,0.05391658189216684,0.38268482496314754,0.21537393294134838,0.07083010149292816,0.009160480150316314,0.6780493395477404
1da3aeb70d7989d1e6d9b0e887f97c23,SP,4.163586959379188,0.9404700959758235,26.8258024691358,324,4.165384615384616,0.9425287356321839,260,261,0.7406957685513784,0.808944100143517,0.9897345449046723,0.14954221770091555,0.35024688442443497,0.23004597394567167,0.07211100157594097,0.02540736947351883,0.6778112294195664
537eb890efff034a88679788b647c564,RJ,4.2243021290193985,0.9397549866579424,27.005263157894735,171,4.234177215189874,0.9430379746835443,158,158,0.7702867475867068,0.8058683690461702,0.9896239732125729,0.07171922685656154,0.3642393340295708,0.22917130342670922,0.07210294544058196,0.012185166992401889,0.6776987498892638
d94a40fd42351c259927028d163af842,MG,4.202389437132881,0.9517056948020746,125.45688073394494,109,4.214285714285714,0.96,98,100,0.759607077084854,0.8572691321954133,0.9289646610223381,0.04018311291963377,0.3591893236491024,0.24378855401067492,0.06768337275873036,0.006827150300707441,0.6774884007192151
efcd8d2104f1a05d028af7bad20d974b,SP,4.179330854803348,0.9571516325702972,47.6958,50,4.195652173913044,0.9782608695652174,46,46,0.7483689296771968,0.8806924602504438,0.9768758461163439,0.01017293997965412,0.3538752307605571,0.2504496351836663,0.07117413051959222,0.0017283924811917575,0.6772273889450073
e333046ce6517bd8bb510291d44f0130,SP,4.296246217528073,0.9352650802666106,98.21621621621621,74,4.338235294117647,0.9411764705882353,68,68,0.8053504067577432,0.7865569933352307,0.9457485393773477,0.022380467955239063,0.38081960612319204,0.2236795713863053,0.0689062282049097,0.003802463458621866,0.6772078691730289
02f623a8eb246f3c5f7c2f96462654e6,SP,4.43405204438384,0.9130702506437341,144.95454545454547,44,4.558139534883721,0.9090909090909091,43,44,0.8725133473803194,0.6910956058739837,0.9169515020678513,0.007121057985757884,0.41257840872557106,0.1965324448434062,0.06680810683135742,0.0012098747368342302,0.6771288351371689
1d4587203296c8f4ad134dc286fa6db0,SP,4.284089219093349,0.938104811288809,55.792682926829265,41,4.35,0.95,40,40,0.7994254050168899,0.7987708588166035,0.9718870875634749,0.005595116988809766,0.3780178979346846,0.2271529270604555,0.07081065490108425,0.0009506158646554665,0.6769320957608799
9b013e03b2ab786505a1d3b5c0756754,SP,4.211107886135904,0.9383414160462317,39.61159090909091,220,4.218934911242603,0.9411764705882353,169,170,0.763856220144123,0.7997885110719839,0.9818567958978728,0.09664292980671414,0.36119858194538423,0.22744232505987905,0.0715370371993627,0.016419728571321696,0.6765976727759476
abcd2cb37d46c2c8fb1bf071c859fc5b,MT,4.265760882377649,0.9416416792151628,94.45725490196078,51,4.318181818181818,0.9545454545454546,44,44,0.7904926550843672,0.8139831548897809,0.9480645603172404,0.010681586978636826,0.37379393991298887,0.23147897068384451,0.06907497101630929,0.0018148121052513452,0.6761626937183941
8f119a0aee85c0c8fc534629734e94fd,SP,4.252442738789401,0.9397516588619941,44.183703703703706,81,4.28,0.9466666666666667,75,75,0.7840017416924633,0.8058540559821001,0.9790397653177185,0.025940996948118005,0.3707246336078787,0.2291672331049607,0.07133179136081864,0.004407400827038981,0.6756310589006971
850f4f8af5ea87287ac68de36e29107f,SP,4.280980968693603,0.9335609318163274,237.09617801047122,191,4.295081967213115,0.935483870967742,183,186,0.7979105254083759,0.7792273414177276,0.8601799812687103,0.08189216683621567,0.3773015689293255,0.22159517901142353,0.06267179447680611,0.013913559473593648,0.6754821018911488
70eea00b476a314817cefde4aad4f89a,SP,4.369733127702555,0.9235978601898591,280.578125,112,4.40952380952381,0.9245283018867925,105,106,0.8411659966874138,0.7363755305681348,0.8333893092410045,0.04170905391658189,0.39775543770114735,0.2094090631098657,0.06071985473421938,0.007086409172886205,0.6749707647181186
81a1104df0f08b59c68aa5b03cfe398e,PR,4.278149712584253,0.9379073218883817,129.45805555555555,72,4.314285714285714,0.9444444444444444,70,72,0.7965306455419127,0.7979214442234747,0.9264994042941355,0.021363173957273652,0.37664907617234106,0.22691137216522195,0.06750375678722799,0.0036296242105026905,0.6746938293352936
76d64c4aca3a7baf218bf93ef7fa768d,PR,4.213136276919686,0.9546101949451267,245.09855072463768,69,4.234375,0.96875,64,64,0.7648448045376776,0.8697615738247629,0.8552494535975294,0.019837232960325534,0.361666045941446,0.24734113063627033,0.06231256149812797,0.0033703653383239268,0.6746901034141681
3f995f07c49d0d55a99d5c54957f7d81,SP,4.188150405039578,0.9552886600733537,91.99302325581395,43,4.209302325581396,0.9767441860465116,43,43,0.7526673468221677,0.8726796959092806,0.9495828552971803,0.006612410986775178,0.35590778889967956,0.2481709806060101,0.06918559236650348,0.0011234551127746423,0.6743878169849677
9add47bf45ce8e8c7db6b9cf670b1e09,PR,4.197882322541624,0.9539539932098715,107.12651162790699,43,4.225,0.975609756097561,40,41,0.7574104278097217,0.8669392080230733,0.9402586103706714,0.006612410986775178,0.3581506116738835,0.24653851165485313,0.06850623784255414,0.0011234551127746423,0.6743188162840654
e63e8bfa530fb16910dd6956e592bb81,SP,4.262324995040919,0.9390286200755432,30.54285714285714,42,4.317073170731708,0.9512195121951219,41,41,0.7888180938379535,0.8027442197312395,0.9874443440381678,0.006103763987792472,0.3730021035285563,0.22828286382775867,0.07194413998750401,0.0010370354887150543,0.674266142832534
ef0ace09169ac090589d85746e3e036f,RJ,4.366282018543933,0.9150319321107883,115.86618705035973,139,4.3984375,0.9140625,128,128,0.8394840167248017,0.6995329238342435,0.934873806007428,0.055442522889114956,0.3969600932877165,0.19893183316617527,0.068113906749411,0.009419739022495079,0.6734255722257978
d23019c84ffae2d5ef2270367b8605fc,PR,4.3241609597791975,0.9525371930009445,748.8487179487179,39,4.410256410256411,0.9743589743589743,39,39,0.8189553189670729,0.8608454593438696,0.5448722407912059,0.004577822990844354,0.3872528521555071,0.24480558307593295,0.03969880935919594,0.0007777766165362908,0.6725350212071722
55a5b51f93f2b70ea513f5a047b0262a,MG,4.359248679077442,0.9217679622317138,97.61707317073171,41,4.461538461538462,0.9230769230769231,39,39,0.8360561517952532,0.7285050219422424,0.9461176913114394,0.005595116988809766,0.39533918621253467,0.20717086294007647,0.06893312422045052,0.0009506158646554665,0.6723937892377172
8bd0f31cf0a614c658f6763bd02dea69,SP,4.229543494148285,0.9477104668654474,127.29542857142857,35,4.28125,0.9696969696969697,32,33,0.7728412512892321,0.8400854002842089,0.9278318706223789,0.00254323499491353,0.36544726176596115,0.2389018772392725,0.06760083886038641,0.00043209812029793937,0.672382075985918
113e3a788b935f48aad63e1c41dac1bd,SP,4.258520976918112,0.9371525776163291,17.653125,48,4.315789473684211,0.9487179487179487,38,39,0.7869641153151387,0.7946752406430558,0.9953861362133761,0.009155645981688708,0.37212542753150596,0.22598822300800467,0.07252277048091313,0.0015555532330725815,0.6721919742534963
058fd0aa2bfdb2274e05e1ae971dabb6,SP,4.313809932146336,0.9292432272681558,119.83968253968253,63,4.366666666666666,0.9333333333333333,60,60,0.8139104999623138,0.7606566168922568,0.9324256034353663,0.0167853509664293,0.38486734893823105,0.21631407193668156,0.06793553332550553,0.0028518475939663997,0.6719688017943846
0691148aee60ca47977c187804f935ae,PR,4.161187303190988,0.9577385965076904,110.72660377358491,53,4.170212765957447,0.9787234042553191,47,47,0.7395262391507721,0.8832170298373857,0.9380404740032359,0.011698880976602238,0.34969385840998063,0.2511675674478594,0.06834462679653047,0.0019876513533705208,0.6711937040077409
f7720c4fa8e3aba4546301ab80ea1f1b,PR,4.226976294901483,0.9401755005301341,26.539610389610388,77,4.254237288135593,0.9491525423728814,59,59,0.771590065802281,0.8076770262139974,0.9899108773522819,0.023906408952187184,0.36485562369099445,0.22968564588823753,0.07212384896969208,0.00406172233080063,0.6707268408797247
4869f7a5dfa277a7dca6462dcf3b52b2,SP,4.150332605562094,0.8851434065609229,197.72467770034842,1148,4.150537634408602,0.8843416370106761,1116,1124,0.7342359446185356,0.5709804561360796,0.8844380705465714,0.5686673448626653,0.3471922791431957,0.16237432860004147,0.0644392129458802,0.09661713969861924,0.6706229603877367
2199e7fe213c16213bf5d6a7eadc9a5d,SP,4.273266064462244,0.9382983509012278,125.57633333333334,30,4.375,0.9583333333333334,24,24,0.7941504837133179,0.7996032851178702,0.9288910623075923,0.0,0.37552358808359215,0.22738965085778454,0.0676780104350019,0.0,0.6705912493763786
aced59e9b31ef866a94f9e7f29d8d418,SP,4.360470565916636,0.9185622706328896,108.48507462686567,67,4.426229508196721,0.9180327868852459,61,61,0.8366516673485551,0.7147171365204416,0.9394215545750134,0.018819938962360123,0.39562078288964037,0.2032498904897591,0.0684452508515366,0.0031975260902047512,0.6705134503211408
73a63f72308aa20a46f4b1632018f196,PR,4.169935788804869,0.9606588216049319,218.30857142857144,35,4.1923076923076925,1.0,26,27,0.7437900212652798,0.8957771055044903,0.8717556498155317,0.00254323499491353,0.3517100389592386,0.25473937771158195,0.06351518532046187,0.00043209812029793937,0.6703967001115804
3078096983cf766a32a06257648502d1,SP,4.2632050636137055,0.937986799330017,129.68590163934425,61,4.303571428571429,0.9464285714285714,56,56,0.7892470161458592,0.7982632818036363,0.9263590207527763,0.015768056968463885,0.3732049245900265,0.22700858328159643,0.06749352859238089,0.0026790083458472238,0.6703860448098511
e0a366315b1b726b6c7832d664c0f530,SP,4.25372417553138,0.9407959064501652,145.09980392156862,51,4.3023255813953485,0.9534883720930233,43,43,0.7846262803043407,0.8103454319157603,0.9168620035007746,0.010681586978636826,0.37101995418658357,0.230444481991295,0.06680158606137447,0.0018148121052513452,0.6700808343445044
0ef83d7d83ed97cd2a0049ac8be5f88a,PR,4.145802687806372,0.9583096965548837,80.382,55,4.148936170212766,0.9791666666666666,47,48,0.732028181679954,0.8856733678138694,0.9567367924478669,0.01271617497456765,0.3461483119388221,0.2518660961373445,0.06970682058451727,0.0021604906014896967,0.6698817192621737
83deb69e889cf80f82be1dc6d5f2d486,SC,4.266847839783004,0.938104811288809,127.6907142857143,42,4.325,0.95,40,40,0.7910224095754566,0.7987708588166035,0.9275883219622598,0.006103763987792472,0.3740444406825245,0.2271529270604555,0.06758309416520114,0.0010370354887150543,0.6698174973968962
8b321bb669392f5163d04c59e235e066,SP,4.105378363037515,0.8963545162605244,17.17705472636816,1005,4.10475161987041,0.8956989247311828,926,930,0.7123264275081211,0.6192001588816735,0.9956794589242033,0.49593082400813837,0.3368321010066654,0.17608695531864035,0.07254414166025774,0.08425913345809817,0.6697223314436618
fad44952713764836814be105382aee5,RJ,4.229543494148285,0.9468089231907136,160.28125,32,4.28125,0.96875,32,32,0.7728412512892321,0.8362078030460536,0.9075082102382167,0.001017293997965412,0.36544726176596115,0.2377991735628847,0.06612007867722804,0.00017283924811917572,0.669539353254193
94144541854e298c2d976cb893b81343,RS,4.229143231851932,0.9459033781389511,227.45105263157893,76,4.253731343283582,0.9558823529411765,67,68,0.7726461739586377,0.8323129956283467,0.8661226634295214,0.023397761953204477,0.36535501710875706,0.23669157568859617,0.06310477195028091,0.0039753027067410416,0.6691266674543752
afe0067131b73e40875c9b6c10bd2e21,MG,4.2335028178615195,0.9424636273952309,112.0111111111111,45,4.2727272727272725,0.9555555555555556,44,45,0.7747709216778136,0.8175184067941106,0.9372490463607448,0.0076297049847405905,0.3663597295702374,0.2324843188498433,0.06828696422400662,0.001296294360893818,0.6684273070049811
17ca9b9e9b9ef8fdb529001b49ebb50f,MG,4.078775749679806,0.9639355854259674,75.38953125,128,4.069565217391304,0.9739130434782609,115,115,0.6993610124591683,0.9098706771179643,0.9598128182965261,0.04984740590030519,0.33070124888225444,0.25874728061565094,0.06993093654163146,0.008469123157839611,0.6678485891973766
4830e40640734fc1c52cd21127c341d4,SP,4.218365651835199,0.9300648588915713,44.76650943396226,212,4.2254901960784315,0.9313725490196079,204,204,0.7673934645251205,0.764190507266096,0.9786806793462697,0.09257375381485249,0.36287121040702,0.217319032913247,0.07130562874056218,0.01572837157884499,0.6672242436396743
ea8482cd71df3c1969d7b9473ff13abc,SP,4.028389138730257,0.8962995833722465,30.889528619528622,1188,4.0266429840142095,0.8957597173144877,1126,1132,0.6748039016563042,0.6189638890016441,0.9872307482248271,0.5890132248219736,0.3190891242902774,0.17601976534265099,0.07192857762473541,0.10007392466100276,0.6671113919186665
59fb871bf6f4522a87ba567b42dafecf,SP,4.258703366719249,0.9323148828527611,169.42880000000002,125,4.276422764227642,0.9349593495934959,123,123,0.7870530073138551,0.773868004809706,0.9018721007979918,0.04832146490335707,0.3721674611800329,0.2200711011307933,0.06570943776465346,0.008209864285660848,0.6661578643611404
b92e3c8f9738272ff7c59e111e108d7c,MG,4.155964683842678,0.9535786084666068,117.587,70,4.161290322580645,0.967741935483871,62,62,0.7369808716493528,0.865324654136753,0.9338135559830686,0.02034587995930824,0.3484902508359413,0.24607936791278193,0.06803665806533597,0.003456784962383515,0.6660630617764428
2e1c9f22be269ef4643f826c9e650a52,SP,4.233017835434911,0.9300262970324139,72.8756886227545,167,4.24375,0.9316770186335404,160,161,0.7745345539808554,0.7640246502335889,0.9613616802500172,0.06968463886063073,0.36624796026770695,0.2172718668079845,0.0700437849688629,0.011839488496163538,0.6654031005407178
d6b1ce66b035a475f00c017792ff9769,SP,4.25441828432791,0.9314823520767915,113.67962962962963,108,4.277777777777778,0.9347826086956522,90,92,0.7849645707014207,0.7702872364808367,0.9362210166726411,0.03967446592065107,0.37117991886120255,0.219052809091155,0.06821206307920917,0.0067407306766478535,0.6651855217082145
1464afc72f696af775557a821c2e253f,RJ,4.201642015051367,0.943907591728389,35.312,30,4.241379310344827,0.9655172413793104,29,29,0.7592428031929142,0.8237289901159914,0.9845059166910723,0.0,0.3590170723670698,0.23425047264069157,0.07173004931021276,0.0,0.6649975943179741
3bdff180c7e1f6551a643b99c265a120,SP,4.225714722019374,0.937986799330017,51.865517241379315,58,4.254545454545455,0.9464285714285714,55,56,0.7709752083139917,0.7982632818036363,0.9743067448042761,0.014242115971515769,0.3645648809477768,0.22700858328159643,0.07098694854264999,0.0024197494736684605,0.6649801622456916
d1ef48b38baca7e831711c4a0aeb398f,PR,4.401677711030744,0.9058318063900258,42.32735294117647,34,4.571428571428571,0.8928571428571429,28,28,0.8567349475963593,0.6599625923180844,0.9801835246912173,0.002034587995930824,0.40511740300611976,0.1876788980729186,0.07141512444685619,0.00034567849623835144,0.6645571040221329
527801b552d0077ffd170872eb49683b,SP,4.415674529975834,0.9044389443539775,195.0304347826087,92,4.47191011235955,0.9,89,90,0.8635566295321887,0.653971803257635,0.886098083112005,0.03153611393692777,0.40834311718730315,0.18597524895319617,0.06456015968795192,0.0053580166916944475,0.6642365425201457
1b4c3a6f53068f0b6944d2d005c9fc89,SC,4.238102927401674,0.9336855295259956,125.39565217391305,115,4.254545454545455,0.9369369369369369,110,111,0.7770128942485824,0.7797632441681215,0.9290023859722106,0.04323499491353001,0.3674198732097948,0.22174757800924383,0.06768612135827529,0.007345668045064968,0.6641992406223789
8581055ce74af1daba164fdbd55a40de,SP,4.299184784614682,0.9010244877655836,149.9857276995305,426,4.306878306878307,0.899736147757256,378,379,0.8067825871760643,0.6392860062097353,0.9138516235488542,0.20142421159715157,0.38149682982386435,0.18179893011428852,0.066582252994165,0.0342221711275968,0.6641001840599147
05ff92fedb5be47920fea08e501238b9,RS,4.273028996098857,0.938733946326041,353.933,60,4.315789473684211,0.9473684210526316,57,57,0.7940349428194605,0.8014768090119928,0.7881929338755773,0.015259409969481181,0.3754689531851422,0.22792243999470696,0.057426895109861674,0.002592588721787636,0.6634108770114984
4e7c18b98d84e05cbae3ff0ff03846c2,SP,4.188542599055247,0.9431300705145925,102.71477272727272,88,4.2,0.9506172839506173,80,81,0.7528584918846656,0.8203848214464982,0.9429768292670614,0.029501525940996948,0.35599817413671675,0.23329946435906163,0.06870428436738288,0.0050123381954560965,0.6630142610586174
5c243662ce92d84573bfaff24c3e3700,SP,4.143279780064472,0.9589912705246887,328.62019999999995,100,4.144329896907217,0.9693877551020408,97,98,0.7307985827092024,0.8886048612256497,0.8037889908567935,0.03560528992878942,0.3455668813071344,0.25269974861952305,0.05856320715973487,0.0060493736841711505,0.6628792107705634
8a432f4e5b471f8da497d7dc517666e2,SP,4.182831917030485,0.941445599545962,71.27358490566037,106,4.191489361702128,0.9473684210526316,94,95,0.7500752554534152,0.8131398036411835,0.9623487895726374,0.038657171922685654,0.35468208738416446,0.23123914007091656,0.07011570469954781,0.006567891428528677,0.6626048235831575
54a1852d1b8f10312c55e906355666ee,SP,4.33710313817402,0.9058701676118812,84.4379207920792,202,4.355329949238579,0.9040404040404041,197,198,0.8252629967981997,0.6601275863966716,0.9542378049085758,0.08748728382502544,0.39023551332640316,0.18772581877299802,0.0695247470221547,0.014864175338249113,0.662350254459805
ccc4bbb5f32a6ab2b7066a4130f114e3,PR,4.30585659058415,0.9234043692621972,385.8556613756614,189,4.3224043715847,0.9239130434782609,183,184,0.8100342501746233,0.7355433136631337,0.7685243217186101,0.08087487283825025,0.38303441770109886,0.2091723988602457,0.05599386104072726,0.01374072022547447,0.6619413978275462
9674754b5a0cb32b638cec001178f799,SP,4.112521320660924,0.9537719776823763,52.0182105263158,95,4.107142857142857,0.9642857142857143,84,84,0.7158077174482971,0.8661563475510887,0.9742126653988955,0.03306205493387589,0.33847827073936065,0.24631588329312912,0.07098009401768206,0.005617275563873211,0.6613915236140451
5a8e7d5003a1f221f9e1d6e411de7c23,SP,4.164368869080091,0.9381283284973092,61.687709497206704,179,4.1678832116788325,0.9416058394160584,137,137,0.7410768508032118,0.7988720078405336,0.9682549658583537,0.0757884028484232,0.35042708374118703,0.22718169162616472,0.07054602239396363,0.012876523984878593,0.661031321746194
ceaec5548eefc6e23e6607c5435102e7,SP,4.194728519753118,0.9371201676118812,249.8940776699029,206,4.2,0.9393939393939394,195,198,0.7558733471633319,0.7945358431326991,0.8522947701372517,0.08952187182095625,0.35742378464129493,0.22594858141097723,0.06209728641779721,0.015209853834487464,0.6606795063045569
bba74270a87732727b5a3b4fd9ac1c39,MG,4.084474994479514,0.9658183204108425,149.115,40,4.057142857142857,1.0,35,35,0.7021386746873189,0.9179684411887803,0.9143881078104531,0.00508646998982706,0.3320146998059662,0.26105010725363825,0.06662134066432139,0.0008641962405958787,0.6605503439645217
6481e96574816ead57975da2c0f6d80d,SP,4.169543494148285,0.9468089231907136,77.3232558139535,43,4.1875,0.96875,32,32,0.7435988271530433,0.8362078030460536,0.9586213863535804,0.006612410986775178,0.3516196305284437,0.2377991735628847,0.06984413008311419,0.0011234551127746423,0.6603863892872173
aaed1309374718fdd995ee4c58c9dfcd,SC,4.069485038585363,0.9608839811158569,84.19324324324324,111,4.0576923076923075,0.9711538461538461,104,104,0.6948329638866599,0.8967455310197214,0.9543885588746985,0.041200406917599186,0.3285601067664499,0.2550147767049186,0.06953573079507101,0.006999989548826617,0.6601106038152662
58f1a6197ed863543e0136bdedb3fce2,MG,4.141286245123571,0.95463114036855,152.4418604651163,43,4.142857142857143,0.9761904761904762,42,42,0.729826986138,0.8698516614359287,0.912338318558276,0.006612410986775178,0.34510745020676964,0.24736674957860194,0.06647199520926472,0.0011234551127746423,0.6600696501074109
4c03b9dd4c11ee2cb35c96c49efc9420,SP,4.115033457037142,0.9583096965548837,134.55416666666667,48,4.1063829787234045,0.9791666666666666,47,48,0.7170320667383191,0.8856733678138694,0.9233595209437555,0.009155645981688708,0.33905721899650565,0.2518660961373445,0.06727498824075948,0.0015555532330725815,0.6597538566076823
d650b663c3b5f6fb392b6326366efa9a,SP,4.313028996098857,0.9266857535549566,321.6824561403509,57,4.368421052631579,0.9298245614035088,57,57,0.8135298922435866,0.7496567582221989,0.8080635653233151,0.013733468972533061,0.3846873740101539,0.21318595319452213,0.05887464808869781,0.0023333298496088723,0.6590813051429827
822166ed1e47908f7cfb49946d03c726,RJ,4.017176450086212,0.9675254478427516,34.396574074074074,108,3.985294117647059,0.9855072463768116,68,69,0.6693391317057008,0.9253109058975534,0.9850699410148462,0.03967446592065107,0.31650504222776144,0.2631381433055629,0.07177114351987728,0.0067407306766478535,0.6581550597298494
f80edd2c5aaa505cc4b0a3b219abf4b8,SP,4.146444922612137,0.9430627996131085,70.844,125,4.147826086956521,0.9482758620689655,115,116,0.7323411900563741,0.820095484979377,0.962613471103995,0.04832146490335707,0.3462963217065224,0.23321718340866582,0.07013498911315458,0.008209864285660848,0.6578583585140038
01fd077212124329bac32490e8ef80d9,SP,4.152595402192127,0.9458757464045858,30.974358974358974,39,4.161290322580645,0.967741935483871,31,31,0.735338772265025,0.8321941497644546,0.9871784814251182,0.004577822990844354,0.34771376443262225,0.23665777852943076,0.07192476952154694,0.0007777766165362908,0.6570740891001363
4200ddf1967c5e41e48db62bc6d4b5ac,SP,4.202085802903087,0.9357274488554457,17.495238095238093,42,4.2631578947368425,0.9545454545454546,19,22,0.7594590937360224,0.7885456703270649,0.9954834155804654,0.006103763987792472,0.35911934794642447,0.2242451075406189,0.07252985815167252,0.0010370354887150543,0.656931349127431
96804ea39d96eb908e7c3afdb671bb9e,MG,4.135948631043895,0.9510304372231967,90.53205128205128,39,4.135135135135135,0.972972972972973,37,37,0.7272255732247804,0.8543648059866208,0.9504830086642816,0.004577822990844354,0.3438773408870706,0.24296262728565265,0.06925117657916717,0.0007777766165362908,0.6568689213684267
95e03ca3d4146e4011985981aeb959b9,RJ,4.029133908018161,0.9591662502275828,57.18505263157895,190,4.017647058823529,0.9651162790697675,170,172,0.6751668826463124,0.8893574601642159,0.9710292023333069,0.08138351983723296,0.3192607642081135,0.252913771264329,0.07074815029972108,0.01382713984953406,0.6567498256216977
41b39e28db005d9731d9d485a83b4c38,SP,4.1535471936947035,0.9338728523242319,73.12443946188341,223,4.1550802139037435,0.9358288770053476,187,187,0.7358026504451508,0.7805689315523728,0.9612084165944288,0.09816887080366225,0.3479331147978327,0.2219766978445612,0.07003261834265331,0.016678987443500458,0.6566214184285476
0b90b6df587eb83608a64ea8b390cf07,PR,4.0470954150411895,0.9572217859527058,136.328995215311,209,4.037037037037037,0.9631901840490797,162,163,0.683920849421188,0.8809941944531212,0.9222659901144302,0.09104781281790437,0.32340018246785546,0.250535441778356,0.06719531475278961,0.015469112706666227,0.6566000517056673
cd6efc47efaabf134f8bdb654e10b4f1,RJ,4.356677034845188,0.9107880271063402,129.9546875,32,4.483870967741935,0.9032258064516129,31,31,0.8348027999391373,0.6812796158854062,0.9261934128548539,0.001017293997965412,0.39474652374390645,0.19374099240959447,0.0674814625778626,0.00017283924811917572,0.6561418179794827
cca3071e3e9bb7d12640c9fbe2301306,SP,3.8930271596422297,0.9405723000621536,77.15441860465117,817,3.886627906976744,0.9413447782546495,688,699,0.6088320282495366,0.8093836864819147,0.9587254125670703,0.40030518819938965,0.28789353211678065,0.23017098266670935,0.06985170932189445,0.06801224413489565,0.6559284682402802
3361277dc30b7cccdb0c286b24219756,PR,4.2654718022854095,0.9257257735465708,92.97738095238095,42,4.344827586206897,0.9310344827586207,29,29,0.7903517650399238,0.7455278225604844,0.9489763598195737,0.006103763987792472,0.3737273183644289,0.21201177437859456,0.06914140375394404,0.0010370354887150543,0.6559175319856826
a2e874074c877c5a05abae80ad6e488f,SP,4.21512370185197,0.938104811288809,175.11904761904762,42,4.25,0.95,40,40,0.7658134232511555,0.7987708588166035,0.8983661502076228,0.006103763987792472,0.3621240689260438,0.2271529270604555,0.06545399795016096,0.0010370354887150543,0.6557680294253753
066a6914e1ebf3ea95a216c73a986b91,PR,4.100918746516836,0.9555969298376239,124.39416666666668,72,4.090909090909091,0.9696969696969697,66,66,0.7101529275450805,0.8740055839611203,0.9296194344629694,0.021363173957273652,0.33580433546152066,0.24854803411091145,0.06773107885209886,0.0036296242105026905,0.6557130726350336
6c177e38df6d3f34182b1f1d427231bf,PR,4.147565840949496,0.9482900955071063,150.23870370370372,54,4.150943396226415,0.9622641509433962,53,53,0.7328874962137589,0.8425784202931577,0.9136957566287203,0.012207527975584944,0.3465546491301287,0.23961083749489823,0.06657089669688177,0.0020740709774301085,0.6548104542993387
4e06067cc08b3f41d837768d392c3ee3,MG,4.1321872389268215,0.9458757464045858,20.47217391304348,46,4.129032258064516,0.967741935483871,31,31,0.7253923694976139,0.8321941497644546,0.9936492265281315,0.008138351983723296,0.3430104885014939,0.23665777852943076,0.07239622109684368,0.0013827139849534058,0.6534472021127218
974cf2cb8f4b7add98709c30df02fe10,SP,4.15577447307113,0.9449092418760963,89.82333333333332,30,4.166666666666667,0.9666666666666667,30,30,0.7368881679150716,0.8280371517227983,0.950919673336377,0.0,0.3484464147625019,0.23547561938763914,0.06928299150067288,0.0,0.6532050256508138
00ee68308b45bc5e2660cd833c3f81cc,SP,4.279455096759304,0.9125150158078348,117.79069767441861,172,4.298507462686567,0.9111111111111111,134,135,0.7971668555037047,0.6887075051900686,0.933688051078942,0.07222787385554426,0.37694991568893943,0.19585332134449682,0.06802751391210231,0.012271586616461478,0.653102337562
240b9776d844d37535668549a396af32,RJ,4.273154239762532,0.9330314351649409,380.91685714285717,35,4.3428571428571425,0.9428571428571428,35,35,0.7940959832916867,0.7769499423181943,0.7715672830754685,0.00254323499491353,0.3754978169050779,0.22094753661706995,0.056215567954292736,0.00043209812029793937,0.6530930195967386
94e93ce877be27a515118dbfd2c2be41,SP,4.0755907545090055,0.9620894099102071,159.8994117647059,34,4.035714285714286,1.0,28,29,0.6978087294648974,0.901930157671498,0.9077434734597984,0.002034587995930824,0.3299672332370028,0.25648917090278844,0.06613721970421307,0.00034567849623835144,0.6529393023402427
aba1721a889e04decc910aa13b768ef4,SP,4.390863115914993,0.8983019958262514,153.2967391304348,92,4.445783132530121,0.891566265060241,83,83,0.85146419797576,0.6275763935523421,0.9118115994131663,0.03153611393692777,0.402625065785392,0.1784689728924994,0.06643361901506332,0.0053580166916944475,0.6528856743846491
0c7533c71df861ec58ad7ff999ed0e8d,SP,4.145280692498915,0.941550776380016,40.94931506849315,73,4.147540983606557,0.9508196721311475,61,61,0.7317737748769914,0.8135921759584387,0.9810325796035401,0.02187182095625636,0.3460280126285016,0.2313677848441346,0.07147698568069487,0.0037160438345622783,0.6525888269878932
17e34d8224d27a541263c4c64b11a56b,SP,4.2451603601042365,0.9154392584068183,209.3856923076923,260,4.253061224489796,0.9149797570850202,245,247,0.780452501588598,0.7012848603901518,0.8772533320634748,0.11698880976602238,0.3690463328247052,0.19943004552871485,0.06391574057569309,0.01987651353370521,0.6522686324628184
ca3bd7cd9f149df75950150d010fe4a2,SP,4.098571798923421,0.9459033781389511,68.54422222222222,135,4.088235294117647,0.9558823529411765,68,68,0.7090090869292132,0.8323129956283467,0.9640304405924102,0.05340793489318413,0.33526345669726204,0.23669157568859617,0.07023822799628562,0.009074060526256726,0.6512673209084006
26d8a1c7c75d513045798992ead43aa2,PR,4.316868744373351,0.9152486257510232,164.92027777777778,36,4.411764705882353,0.9117647058823529,34,34,0.8154012847039025,0.7004649370959957,0.9046499511139924,0.003051881993896236,0.3855722843965639,0.19919687731260272,0.06591182897100883,0.0005185177443575271,0.6511995084245329
7dc8c42cc750eeafea6c85712ffee9bf,SP,4.177579232329055,0.9390286200755432,128.1936,50,4.195121951219512,0.9512195121951219,41,41,0.7475152348885341,0.8027442197312395,0.9272784773676264,0.01017293997965412,0.35347155093319255,0.22828286382775867,0.06756051921905326,0.0017283924811917575,0.6510433264611962
78c99c6dff4eeae5be99bf635ed21e3f,SP,4.315860708314577,0.9107880271063402,52.073846153846155,39,4.419354838709677,0.9032258064516129,31,31,0.814909994404315,0.6812796158854062,0.9741783864405366,0.004577822990844354,0.38533997188164965,0.19374099240959447,0.07097759648939736,0.0007777766165362908,0.6508363373971778
4e17c65a516f69d023a2ae78b84f28d6,SP,4.2085718317394205,0.9300565235064528,103.23324324324325,74,4.229508196721311,0.9344262295081968,61,61,0.7626202138392159,0.7641546562394401,0.9426573823583765,0.022380467955239063,0.3606141215288365,0.21730883766694684,0.06868100980689168,0.003802463458621866,0.6504064324612969
4917cee8d902e13428c3ec4b1ca6f315,SC,4.152595402192127,0.9458757464045858,164.64193548387095,31,4.161290322580645,0.967741935483871,31,31,0.735338772265025,0.8321941497644546,0.9048214470479093,0.000508646998982706,0.34771376443262225,0.23665777852943076,0.06592432398153932,8.641962405958786e-05,0.6503822865676521
bd23da7354813347129d751591d1a6e2,SP,4.121137618518584,0.9456689066523339,111.54712643678161,87,4.117647058823529,0.9534883720930233,85,86,0.7200070747222543,0.8313045187076903,0.9375349227323534,0.02899287894201424,0.3404639872294996,0.2364047869532893,0.06830779287103095,0.004925918571396508,0.6501024856252163
f789d2c4f2c2eb38fc4373e7a4b35264,MG,4.152857656571197,0.9416416792151628,99.27020408163264,49,4.159090909090909,0.9545454545454546,44,44,0.7354665881614306,0.8139831548897809,0.9450991424395714,0.009664292980671414,0.347774203713359,0.23147897068384451,0.06885891383779533,0.0016419728571321693,0.649754061092131
3c487ae8f8d7542beff5788e2e0aea83,DF,4.176607806404463,0.9449092418760963,284.4151515151515,33,4.2,0.9666666666666667,30,30,0.7470417874068038,0.8280371517227983,0.8310251897374831,0.001525940996948118,0.3532476756088621,0.23547561938763914,0.06054760751285907,0.00025925887217876357,0.6495301613815391
f214d28e8d8e3ef068748498ccc2f813,SP,4.238799633440786,0.921986122372582,37.7619298245614,57,4.2745098039215685,0.9230769230769231,51,52,0.7773524504734818,0.729443342717391,0.9829964335385234,0.013733468972533061,0.36758043644629135,0.20743770080508372,0.07162006998034831,0.0023333298496088723,0.6489715370813323
813348c996469b40f2e028d5429d3495,SP,4.0720704529808245,0.9440147350760677,55.454,195,4.06508875739645,0.9476744186046512,169,172,0.6960930269586584,0.8241898205346269,0.9720957613658749,0.0839267548321465,0.3291559427140602,0.23438152271258156,0.07082585865139406,0.014259237969831999,0.6486225620478677
0c8380b62e38e8a1e6adbeba7eb9688c,MG,4.0789651770786435,0.9413345511896184,79.0320642201835,218,4.073033707865169,0.9444444444444444,178,180,0.6994533343981655,0.8126621775295183,0.9575685327272118,0.09562563580874874,0.33074490441921134,0.23110331367200912,0.06976742029269496,0.01624688932320252,0.6478625277071179
8cbac7e12637ed9cffa18c7875207478,SC,4.160442556040645,0.9338577994028413,36.49358024691358,81,4.166666666666667,0.9393939393939394,66,66,0.7391632689500298,0.7805041879708402,0.9837779058483863,0.025940996948118005,0.3495222235939785,0.22195828618883892,0.07167700721797247,0.004407400827038981,0.6475649178278288
7178f9f4dd81dcef02f62acdf8151e01,SC,4.0661058205818,0.9469952523906202,171.14139534883722,215,4.059701492537314,0.9504950495049505,201,202,0.6931860217848462,0.8370092169000845,0.9008169139104792,0.09409969481180061,0.3277813304260425,0.23802707809986245,0.06563255797531999,0.015987630451023756,0.6474285969522487
b2ba3715d723d245138f291a6fe42594,SP,4.199047713001222,0.9111854787001753,140.86337142857144,350,4.202492211838006,0.9104938271604939,321,324,0.7579784085114519,0.6829890807130647,0.9194722102956713,0.16276703967446593,0.35841918816593404,0.19422712674339432,0.06699176293988127,0.02765427969906812,0.6472923575482777
6d803cb79cc31c41c4c789a75933b3c7,SP,4.216804930360714,0.9275585422031118,131.9909090909091,66,4.241379310344827,0.9310344827586207,58,58,0.7666328098698646,0.75341067824452,0.9249388290886091,0.018311291963377416,0.362511525723459,0.21425348578113204,0.06739005494496692,0.003111106466145163,0.6472661729157031
062ce95fa2ad4dfaedfc79260130565f,RS,4.103849648714086,0.9489364693132675,126.76440677966103,59,4.092592592592593,0.962962962962963,54,54,0.7115813722976418,0.8453585155407082,0.9281590507890406,0.014750762970498474,0.33647979270780076,0.24040143565708402,0.0676246768577921,0.0025061690977280482,0.6470120743204049
00fc707aaaad2d31347cf883cd2dfe10,PR,4.087309789228452,0.9450768801942744,93.96222222222222,135,4.078431372549019,0.9514563106796117,102,103,0.7035202791937769,0.8287581748942697,0.9483695663964086,0.05340793489318413,0.33266800807967223,0.2356806625762712,0.0690971934333895,0.009074060526256726,0.6465199246155896
dfc5fb7259bb2b599ca565e6e9448f0f,SP,4.127003425635573,0.9477104668654474,180.13617647058823,34,4.121212121212121,0.9696969696969697,33,33,0.722865915049189,0.8400854002842089,0.895274930451186,0.002034587995930824,0.34181582419156853,0.2389018772392725,0.06522877498115823,0.00034567849623835144,0.6462921549082375
138dbe45fc62f1e244378131a6801526,SP,4.0966742493643915,0.945532233934152,19.406206896551723,58,4.081632653061225,0.9591836734693877,49,49,0.7080842711121367,0.8307166805702755,0.9943060042188375,0.014242115971515769,0.3348261464379757,0.23623761866957227,0.07244407321773141,0.0024197494736684605,0.6459275877989478
f181738b150df1f37cb0bd72e705b193,SP,4.360688420507671,0.9018535087913128,149.45135135135135,37,4.472222222222222,0.8888888888888888,36,36,0.8367578439544063,0.6428516788774398,0.9141808705691608,0.003560528992878942,0.39567098977211096,0.18281292927871534,0.06660624158031915,0.0006049373684171151,0.6456950979995626
272f092de69afedd4d2969440b37f18f,SP,4.035170826367006,0.9591160302953214,47.341794871794875,39,3.9583333333333335,1.0,24,25,0.6781091180935201,0.8891414610106589,0.9770939604360214,0.004577822990844354,0.32065203555376065,0.2528523458387123,0.07119002209590525,0.0007777766165362908,0.6454721801049145
40d54b51e962dbe09cabbcfd33298dee,SP,4.051607806404463,0.9627663847332392,218.8890322580645,31,4.0,1.0,30,30,0.68612007045641,0.9048418698576715,0.8713980086153429,0.000508646998982706,0.32444011053070054,0.25731719803791303,0.06348912796469591,8.641962405958786e-05,0.6453328561573691
d50d79cb34e38265a8649c383dcffd48,SP,4.223875571349589,0.9261970577610562,185.8917142857143,70,4.246376811594203,0.9285714285714286,69,70,0.7700788545817213,0.7475548462307625,0.8917287524020469,0.02034587995930824,0.36414102932690967,0.2125882154878842,0.06497040423699604,0.003456784962383515,0.6451564340141734
994f04b3718c2bab35c2adfa8afecd2a,SP,4.253494995498681,0.9166427060967315,59.81454545454546,55,4.297872340425532,0.9148936170212766,47,47,0.7845145839756785,0.7064609661845274,0.9694090844522868,0.01271617497456765,0.3709671372369308,0.20090201658147572,0.07063011024173492,0.0021604906014896967,0.6446597546616312
33576ec5412fb5905d876f12f33bfde6,PR,4.111779075661515,0.9458757464045858,84.9375,32,4.096774193548387,0.967741935483871,31,31,0.7154459667302023,0.8321941497644546,0.9539299975623572,0.001017293997965412,0.33830721257036533,0.23665777852943076,0.06950232050774989,0.00017283924811917572,0.6446401508556651
2138ccb85b11a4ec1e37afbd1c8eda1f,SP,3.964141172117072,0.9442389312682642,28.85255369928401,419,3.956072351421189,0.9458762886597938,387,388,0.6434911301631295,0.8251541027541464,0.9884857961423015,0.19786368260427264,0.3042825044554863,0.23465574344341883,0.07202001907519381,0.03361723375917968,0.6445755007332786
c013e57c075a06e5b5c48ee03c525719,SP,4.207952911790238,0.9252193756626675,43.81222222222222,45,4.238095238095238,0.9285714285714286,42,42,0.7623185685115433,0.7433497727431964,0.9792686473992209,0.0076297049847405905,0.36047148491512243,0.21139238474285665,0.07134846746475469,0.001296294360893818,0.6445086314836276
fd386aa7bed2af3c7035c65506c9b4a3,SP,4.304335341464531,0.9043675531059094,30.31776315789474,76,4.3478260869565215,0.8985507246376812,69,69,0.8092928333084117,0.6536647449152657,0.9875830319200143,0.023397761953204477,0.38268382983699073,0.18588792828985742,0.07195424463841055,0.0039753027067410416,0.6445013054719997
218d46b86c1881d022bce9c68a7d4b15,SP,4.182103454038729,0.906654209669268,127.88166666666667,420,4.184210526315789,0.9057591623036649,380,382,0.7497202217238746,0.6634998016331864,0.9274706698568416,0.19837232960325535,0.3545142054238282,0.18868480288364406,0.06757452215849195,0.03370365338323927,0.6444771838492034
4bf2f4ee540798a61f9636d12cd9cc80,SP,4.137812227817324,0.943907591728389,166.5186666666667,30,4.137931034482759,0.9655172413793104,29,29,0.7281338413459045,0.8237289901159914,0.9036651306204375,0.0,0.3443068263697107,0.23425047264069157,0.0658400760019644,0.0,0.6443973750123667
cb3dd9ce66268c7a3ca7241ac70ab58c,SP,4.173896586475974,0.9312826695278568,55.766400000000004,50,4.1875,0.9375,48,48,0.7457204100222142,0.7694283890151431,0.9719032813478236,0.01017293997965412,0.35262284645261277,0.21880857169368684,0.07081183476291154,0.0017283924811917575,0.6439716453904029
f00e21b1e91a79653163b7fd8f293ff1,SP,4.114107806404463,0.9458757464045858,125.80935483870968,31,4.1,0.967741935483871,30,31,0.7165809289316069,0.8321941497644546,0.9287474900170635,0.000508646998982706,0.3388438930697813,0.23665777852943076,0.06766754991129695,8.641962405958786e-05,0.6432556411345687
17a053fcb14bd219540cbde0df490be0,SP,4.2391226764815295,0.9194327836337427,272.657027027027,148,4.254098360655738,0.9193548387096774,122,124,0.7775098931670094,0.7184612688375842,0.8382697608441572,0.06002034587995931,0.36765488511364536,0.2043146396675153,0.061075439224078876,0.010197515639031368,0.643242479644271
05d2173d43ea568aa0540eba70d2ca76,MG,4.172784291120696,0.9308513357393341,87.26757575757576,66,4.183333333333334,0.935483870967742,60,62,0.7451783064798184,0.7675731946923694,0.9524943604820776,0.018311291963377416,0.35236650628594635,0.2182809950851607,0.0693977215238188,0.003111106466145163,0.643156329361071
8a32e327fe2c1b3511609d81aaf9f042,SP,3.9683718511007986,0.9599665627964565,36.10130177514793,169,3.944,0.9682539682539683,125,126,0.6455530519835662,0.8927996559154557,0.9840196016464869,0.07070193285859613,0.30525750893667447,0.25389265629972907,0.07169461691561055,0.012012327744282713,0.6428571098962967
817245bcc3badd82bbd222e0366951a6,SP,4.121714993498094,0.9428688434270628,121.4909090909091,44,4.111111111111111,0.9642857142857143,27,28,0.7202884721228621,0.8192612669681909,0.9314082279027572,0.007121057985757884,0.3405970493678736,0.2329799500883013,0.06786140843109521,0.0012098747368342302,0.6426482826241043
3340ef1913fb70d28420f6ceb685c339,PR,4.289543494148285,0.912326164570024,160.2654761904762,42,4.375,0.90625,32,32,0.8020836754254214,0.6878952438890579,0.9075179290062765,0.006103763987792472,0.37927489300347883,0.19562233203132148,0.066120786776286,0.0010370354887150543,0.6420550472998013
06e5eefc71ec47ae763c5c6f8db7064f,RS,4.004501648183153,0.9647837719401845,232.7813978494624,93,3.977272727272727,0.9777777777777777,88,90,0.663161766154177,0.9135187817823782,0.8628384606646093,0.03204476093591048,0.31358400078236,0.25978472163343197,0.06286548844545074,0.005444436315754036,0.6416786471769967
cbd996ad3c1b7dc71fd0e5f5df9087e2,SP,4.202726712613796,0.9135210620702225,43.47883597883598,189,4.210191082802548,0.9125,157,160,0.7597714562959147,0.6930345747684153,0.9794740577389939,0.08087487283825025,0.35926705233202816,0.19708384510417917,0.07136343344266396,0.01374072022547447,0.6414550511043458
7ea5bfa6c340f58f8e71fc1f0412b0d6,MG,4.181213935463843,0.9255321110250935,106.25892156862744,102,4.189473684210526,0.9270833333333334,95,96,0.749286693733144,0.7446948676194645,0.940793161427878,0.03662258392675483,0.35430920650995407,0.21177490024770493,0.06854518466150382,0.006222212932290326,0.6408515043514531
01cf7e3d21494c41fb86034f2e714fa1,PR,4.124699667202819,0.9401755005301341,145.224,65,4.120689655172414,0.9491525423728814,58,59,0.7217431236958902,0.8076770262139974,0.9167854821710103,0.01780264496439471,0.34128489882376106,0.22968564588823753,0.06679601079903807,0.0030246868420855753,0.6407912423531222
de23c3b98a88888289c6f5cc1209054a,SP,4.2764087972481235,0.9032883291179754,145.69477528089888,178,4.291925465838509,0.9006211180124224,161,161,0.7956821691311745,0.6490229332401963,0.9164954218811077,0.0752797558494405,0.37624786391761217,0.1845678987754889,0.06677487731619668,0.012790104360819005,0.6403807443701167
624f4ece8da4aafb77699233d480f8ef,SP,4.221102495820204,0.921986122372582,167.5185185185185,54,4.25,0.9230769230769231,52,52,0.7687273304018554,0.729443342717391,0.9030490886790381,0.012207527975584944,0.3635019448966744,0.20743770080508372,0.06579519184425181,0.0020740709774301085,0.6388089085234401
966cb4760537b1404caedd472cc610a5,SP,4.135025584793109,0.9560743822049613,685.4964179104478,67,4.134328358208955,0.9701492537313433,67,67,0.7267757047254001,0.8760591372529063,0.5839056974332194,0.018819938962360123,0.34366461516755314,0.24913201966315718,0.04254274530941354,0.0031975260902047512,0.6385369062303287
14a08204d03bb6b6bde8029f801ae0eb,SP,3.9886342327698747,0.9613873619455814,57.51052631578948,38,3.892857142857143,1.0,28,28,0.6554284046298406,0.8989106042932447,0.9708286671841004,0.004069175991861648,0.30992718796523816,0.2556304760959928,0.07073353952298816,0.0006913569924767029,0.6369825605766959
827f8f69dfa529c561901c4f2e0f332f,PR,4.256796025302937,0.9052557055133453,32.77298076923077,104,4.280898876404494,0.9010989010989011,89,91,0.7861234192027163,0.6574847454528453,0.9860702907863712,0.03763987792472025,0.3717278942842194,0.1869742527268421,0.07184402793552418,0.0063950521804095025,0.6369412271269951
751bdc4d83a466c7206cd42e8f426b03,SP,3.992196637424093,0.9599339940917064,95.89647058823529,68,3.938775510204082,0.9803921568627451,49,51,0.657164627093897,0.8926595758249082,0.947177811721613,0.019328585961342827,0.31074818159652723,0.25385282059185416,0.06901036346097443,0.0032839457142643386,0.6368953113636202
fdb9095204a334cd8872252ffec6f2db,SP,4.163705854803347,0.9293738547925194,133.70491803278688,61,4.173913043478261,0.9347826086956522,46,46,0.7407537150583972,0.7612184542628636,0.9238827712394639,0.015768056968463885,0.35027428512578673,0.2164738461721292,0.06731311169829937,0.0026790083458472238,0.6367402513420625
dfa0c4c6229ab200a4a1336b4d7128ff,SC,4.0260755232359395,0.9506302674277806,55.54767441860466,86,4.0,0.961038961038961,77,77,0.6736763062300892,0.8526436499994114,0.9720380454446714,0.028484231943031537,0.3185559272589302,0.24247316824229012,0.07082165353103498,0.004839498947336921,0.6366902479795923
c9aafcd0621b2207c10e32c649cada4d,SP,4.266847839783004,0.9078017809857787,56.83531914893617,47,4.325,0.9,40,40,0.7910224095754566,0.6684355795574253,0.9712446847502476,0.008646998982706003,0.3740444406825245,0.19008842995696051,0.07076385011841246,0.001469133609012994,0.6363658543669105
72c5da29406b4234927b81855e7b64f6,SP,4.1321872389268215,0.9458757464045858,380.6029032258065,31,4.129032258064516,0.967741935483871,31,31,0.7253923694976139,0.8321941497644546,0.7717607205134366,0.000508646998982706,0.3430104885014939,0.23665777852943076,0.05622966159936754,8.641962405958786e-05,0.6359843482543518
1f9ab4708f3056ede07124aad39a2554,SP,4.101905104380799,0.940342328873151,172.89519480519482,77,4.093333333333334,0.9473684210526316,75,76,0.7106336524618815,0.8083945656302871,0.8997363398035065,0.023906408952187184,0.3360316520083723,0.229889698373243,0.06555382850029864,0.00406172233080063,0.6355369012127146
ba90964cff9b9e0e6f32b23b82465f7b,SP,4.329949548346684,0.9361705866415843,1163.4868421052631,38,4.421052631578948,0.9473684210526316,38,38,0.8217765250010782,0.790451634401585,0.28939991805606624,0.004069175991861648,0.38858689329045554,0.22478712195391476,0.02108536885415897,0.0006913569924767029,0.635150741091006
870d0118f7a9d85960f29ad89d5d989a,MG,4.071066265197051,0.9424636273952309,51.75737704918033,61,4.044444444444444,0.9555555555555556,45,45,0.6956036122072337,0.8175184067941106,0.9743733735691498,0.015768056968463885,0.3289245170746062,0.2324843188498433,0.07099180304327699,0.0026790083458472238,0.6350796473135737
b335c59ab742f751a85db9c411a86739,MG,4.072441139737797,0.9449092418760963,80.45516129032258,31,4.033333333333333,0.9666666666666667,30,30,0.6962736899481425,0.8280371517227983,0.9566917153464521,0.000508646998982706,0.3292413713770609,0.23547561938763914,0.06970353631506553,8.641962405958786e-05,0.6345069467038252
001cca7ae9ae17fb1caed9dfb1094831,ES,4.068938927178163,0.9317417083486941,104.64542735042734,234,4.0625,0.9333333333333333,192,195,0.6945668035300775,0.771402744460996,0.9417872888166264,0.10376398779247202,0.3284342496472272,0.21937003511418227,0.06861761572098919,0.017629603308155925,0.6340515037905546
48162d548f5b1b11b9d29d1e01f75a61,SP,4.017585413183503,0.9555969298376239,225.948202247191,89,3.984848484848485,0.9696969696969697,66,66,0.6695384495781513,0.8740055839611203,0.8670486194766263,0.030010172939979655,0.3165992920760796,0.24854803411091145,0.06317223611864382,0.005098757819515684,0.6334183201251505
daeb5653dd96c1b11860f72209795012,MG,4.1870924054895395,0.9205455866415843,47.797435897435896,39,4.2105263157894735,0.9210526315789473,38,38,0.752151705629199,0.7232475060335711,0.976813224863549,0.004577822990844354,0.3556639617725563,0.20567574063492514,0.07116956800201392,0.0007777766165362908,0.6332870470260317
643214e62b870443ccbe55ab29a4dccf,SP,4.343098490450774,0.8891749180775977,48.927727272727275,66,4.4,0.8769230769230769,65,65,0.8281849740335782,0.588320246055039,0.976116814798506,0.018311291963377416,0.39161720533343597,0.167305384848814,0.07111882830867254,0.003111106466145163,0.6331525249570678
b2ac621f0d0322434d04a12b078b9369,PR,4.301607806404463,0.9091949561618106,319.18333333333334,30,4.4,0.9,30,30,0.8079635043571977,0.6744277154530526,0.8096033579065656,0.0,0.3820552406870237,0.19179246208709144,0.05898683573130261,0.0,0.6328345385054177
fcb5ace8bcc92f75707dc0f01a27d269,SP,4.019436509308082,0.951940206412487,114.41928571428572,70,3.9827586206896552,0.9661016949152542,58,59,0.6704406252113478,0.8582777816910899,0.9357652899872172,0.02034587995930824,0.31702589665267755,0.24407539182253554,0.06817885931977691,0.003456784962383515,0.6327369327573736
dc317f341ab0e22f39acbd9dbf9b4a1f,RS,4.143522941197455,0.9372212042600173,327.38620689655176,58,4.1454545454545455,0.9454545454545454,55,55,0.7309170930589377,0.7949704082444567,0.8045492950015664,0.014242115971515769,0.34562292034843745,0.22607216220519943,0.058618602107465216,0.0024197494736684605,0.6327334341347705
232a6014e7b10cba61c6c2b2ea6bb4b0,SP,4.1495434941482845,0.9295675438803689,109.14200000000001,35,4.15625,0.9375,32,32,0.73385135244098,0.762051523467556,0.939016801029305,0.00254323499491353,0.34701042011593775,0.21671075279710317,0.06841576094060775,0.00043209812029793937,0.6325690319739466
432c37c9dfba871172ec162e20118b8c,DF,4.217373785603455,0.9130702506437341,48.72490909090909,55,4.25,0.9090909090909091,44,44,0.7669100549745371,0.6910956058739837,0.9762417778180243,0.01271617497456765,0.36264262439886175,0.1965324448434062,0.07112793298077257,0.0021604906014896967,0.6324634928245302
e38db885400cd35c71dfd162f2c1dbcf,DF,4.34327447307113,0.8913378133046678,64.5875,32,4.466666666666667,0.8666666666666667,30,30,0.8282707433406624,0.59762299731818,0.9664683085973966,0.001017293997965412,0.39165776237974426,0.16995088343681772,0.07041584845467473,0.00017283924811917572,0.6321973335193559
8b2492b7ff4468839593fafeed55bad9,RJ,4.159088823562005,0.9257257735465708,81.3351111111111,45,4.172413793103448,0.9310344827586207,29,29,0.7385034952949076,0.7455278225604844,0.9561495490295837,0.0076297049847405905,0.34921024170216364,0.21201177437859456,0.06966403465643252,0.001296294360893818,0.6321823450980846
4559697a8f7e637227c2eeaed843baff,SP,4.183810082586215,0.9217679622317138,89.3923076923077,39,4.205128205128205,0.9230769230769231,39,39,0.7505519876543497,0.7285050219422424,0.9511852425526549,0.004577822990844354,0.3549075159273957,0.20717086294007647,0.0693023405900546,0.0007777766165362908,0.632158496074063
79ebd9a61bac3eaf882805ed4ecfa12a,PR,4.069385262963009,0.9365718084595056,105.5935,140,4.06015037593985,0.9398496240601504,133,133,0.6947843358688713,0.7921773152051454,0.9412031497618768,0.05595116988809766,0.3285371124245766,0.22527786775588549,0.068575055973515,0.009506158646554665,0.6318961948005318
0adac9fbd9a2b63cccaac4f8756c1ca8,SP,4.100622376672695,0.9311736177656167,116.10149253731343,134,4.09433962264151,0.9339622641509434,106,106,0.7100084846670215,0.7689593503829293,0.9347288264799746,0.052899287894201424,0.3357360339129423,0.21867518738573946,0.0681033436959271,0.008987640902197138,0.6315022058968061
70c27847eca8195c983ed7e798c56743,RJ,4.2155492074464656,0.9117953159714699,123.24000000000001,98,4.233766233766234,0.9090909090909091,77,77,0.7660208035022651,0.6856120299779404,0.9303305548881753,0.03458799593082401,0.36222213116688035,0.19497303603198587,0.06778289032656613,0.005876534436051976,0.6308545919614843
4b5f66b7adcf57f1ecc0d3c07dd6b177,PR,4.111929367685356,0.9370391335726814,167.9415789473684,38,4.090909090909091,0.9565217391304348,22,23,0.7155192151152932,0.7941873105264552,0.9027884270945892,0.004069175991861648,0.3383418489484256,0.22584946637590747,0.06577620031968216,0.0006913569924767029,0.6306588726364919
a17f621c590ea0fab3d5d883e1630ec6,SP,4.157938920347015,0.920392331966982,34.332307692307694,78,4.163934426229508,0.9206349206349207,61,63,0.7379430626694359,0.7225883478367732,0.985109537667607,0.024415055951169887,0.3489452344085684,0.2054882904893097,0.07177402848969502,0.004148141954860217,0.6303556953424334
bd0389da23d89b726abf911cccc54596,DF,4.166449282927754,0.9196010402217824,83.024,90,4.172413793103448,0.9195402298850575,87,87,0.7420907898717479,0.7191849512274325,0.9551089684795832,0.030518819938962362,0.35090653699963553,0.20452043907957662,0.06958821906924574,0.005185177443575272,0.6302003725920331
45ba18c210d42734ec52c0c1c574e9ee,SP,4.122210843536117,0.9330314351649409,134.1957894736842,38,4.114285714285714,0.9428571428571428,35,35,0.7205301364081923,0.7769499423181943,0.923580329037784,0.004069175991861648,0.34071132322578845,0.22094753661706995,0.06729107608259387,0.0006913569924767029,0.629641292917929
004c9cd9d87a3c30c522c48c4fc07416,SP,4.153937062252408,0.9171149315662714,116.48648809523809,168,4.1558441558441555,0.9166666666666666,154,156,0.7359926621405134,0.7084920382532383,0.9344916179270326,0.07019328585961343,0.34802296410861666,0.2014796089665584,0.06808606093417742,0.011925908120223126,0.6295145421295756
45d33f715e24d15a6ccf5c17b3a23e3c,SP,4.141583441992085,0.9257916773787975,77.905,58,4.142857142857143,0.9285714285714286,56,56,0.7299718320860173,0.7458112791749426,0.9582629544347855,0.014242115971515769,0.3451759423518156,0.2120923832277509,0.06981801511643534,0.0024197494736684605,0.6295060901696703
7a241947449cc45dbfda4f9d0798d9d0,MG,4.143522941197455,0.9257916773787975,112.64636363636363,66,4.1454545454545455,0.9285714285714286,55,56,0.7309170930589377,0.7458112791749426,0.9368576461765968,0.018311291963377416,0.34562292034843745,0.2120923832277509,0.06825844722473524,0.003111106466145163,0.6290848572670689
d13e50eaa47b4cbe9eb81465865d8cfc,SP,4.672347317945407,0.8251621472289282,104.01544117647059,68,4.818181818181818,0.7878787878787878,66,66,0.988652205032595,0.31299720801943975,0.9421754442267908,0.019328585961342827,0.4674960615331163,0.08900954657847635,0.06864589630949464,0.0032839457142643386,0.6284354501353517
f262cbc1c910c83959f849465454ddd3,SP,4.177073663628224,0.9065810118374948,49.9993137254902,204,4.180851063829787,0.9047619047619048,188,189,0.7472688339822061,0.6631849730582907,0.9754565747864334,0.08850457782299084,0.3533550373071872,0.18859527253646066,0.07107072392674896,0.015037014586368289,0.6280580483567652
5dceca129747e92ff8ef7a997dc4f8ca,SP,4.0192773056768285,0.9365371193823603,323.9846355685131,343,4.012578616352202,0.937888198757764,318,322,0.6703630335428624,0.7920281152567652,0.8066451160983144,0.15920651068158698,0.3169892065009335,0.22523543856030612,0.05877130139353999,0.027049342330651,0.6280452887854306
98dac6635aee4995d501a3972e047414,SP,4.146011082145417,0.9123036308266209,21.66184210526316,190,4.1477272727272725,0.9101123595505618,88,89,0.7321297476074532,0.6877983248116643,0.9929162324336576,0.08138351983723296,0.3461963386066939,0.19559477036970732,0.07234281593020189,0.01382713984953406,0.6279610647561372
48436dade18ac8b2bce089ec2a041202,SP,4.108402465180356,0.9244682346566337,80.41571428571429,147,4.104477611940299,0.9253731343283582,134,134,0.7138002954663234,0.74011906704131,0.9567160199564364,0.0595116988809766,0.33752903716092875,0.2104736428426556,0.06970530712298358,0.010111096014971779,0.6278190831415397
0be8ff43f22e456b4e0371b2245e4d01,SP,4.042972268433415,0.9335984480497879,64.77714285714286,175,4.032051282051282,0.9358974358974359,156,156,0.6819113360565174,0.7793887011469669,0.9663514633331003,0.07375381485249237,0.3224499599540133,0.22164106618219573,0.07040733523354772,0.01253084548864024,0.627029206858397
c826c40d7b19f62a09e2d7c5e7295ee2,SP,4.130791114896458,0.9056852622179069,122.33709589041096,365,4.130434782608695,0.9046242774566474,345,346,0.7247119353135703,0.659332296423386,0.9308868641049244,0.1703967446592065,0.3426887370305988,0.18749965573349844,0.06782342242177512,0.028950574059961934,0.6269623892458343
1eade46fba20122dc4aefb379f8c636b,SP,4.361541772465976,0.8799394945840643,48.471599999999995,75,4.431034482758621,0.8620689655172413,58,58,0.8371737452861099,0.5485980965515258,0.9763978499639615,0.02288911495422177,0.39586765370869864,0.15600927604706852,0.07113930423058856,0.003888883082681454,0.6269051170690372
8d956fec2e4337affcb520f56fd8cbfd,SP,4.208233222400939,0.8979445658689043,48.40616740088106,227,4.214285714285714,0.8952380952380953,210,210,0.7624551845410101,0.6260390643532298,0.9764381651619755,0.10020345879959308,0.36053608544440147,0.1780317901590792,0.07114224155284582,0.01702466593973881,0.6267347830960652
1c68394e931a64f90ea236c5ea590300,PR,3.9279823419213384,0.957826890149175,145.22076023391813,171,3.9014084507042255,0.9647887323943662,142,142,0.625868266015595,0.8835967864592358,0.9167874782985196,0.07171922685656154,0.29594932162337606,0.25127556190868844,0.06679615623475588,0.012185166992401889,0.6262062067592223
e8b3a3a38279a82f0e5d006d5e5b7d2c,PR,4.035481374565451,0.9425935617458623,138.38117647058823,85,4.0125,0.95,80,80,0.6782604711290814,0.8180772627799822,0.9210015730687818,0.02797558494404883,0.32072360465325367,0.23264324524480975,0.0671031906776618,0.004753079323277332,0.6252231198990025
f0b47fbbc6dee9aafe415a6e33051b3f,SP,4.229143231851932,0.9023109413447462,44.31670588235294,85,4.253731343283582,0.8955223880597015,67,67,0.7726461739586377,0.6448191256640413,0.9789578182570678,0.02797558494404883,0.36535501710875706,0.18337242802792403,0.07132582078552636,0.004753079323277332,0.6248063452454847
e8b4225284fbb02d16f200513f1f395d,SP,4.239107806404463,0.9091949561618106,187.954,30,4.3,0.9,30,30,0.7775026458820007,0.6744277154530526,0.8904581096635293,0.0,0.36765145814794287,0.19179246208709144,0.06487782656453689,0.0,0.6243217467995712
b32be1695eb7ec5f10f72d9610a12527,RS,4.138970077170725,0.9416416792151628,590.5555555555555,45,4.1395348837209305,0.9545454545454546,43,44,0.7286981467105372,0.8139831548897809,0.6424019167030235,0.0076297049847405905,0.34457366493450114,0.23147897068384451,0.04680471735198554,0.001296294360893818,0.624153647331225
3b15288545f8928d3e65a8f949a28291,SP,4.088789616164528,0.9284639176776488,116.65101694915253,118,4.08,0.9306930693069306,100,101,0.7042415079756584,0.7573047562996901,0.9343902462344225,0.044760935910478125,0.33300904976579565,0.2153608762406992,0.06807867510095254,0.007604926917243732,0.624053528024691
ad420dd0c4f92f8af951ac24b86d0cf5,MG,4.128916805300245,0.9252193756626675,102.28891304347826,46,4.125,0.9285714285714286,40,42,0.7237984460439874,0.7433497727431964,0.9432392155654741,0.008138351983723296,0.34225678266524273,0.21139238474285665,0.06872340155276936,0.0013827139849534058,0.6237552829458222
92eb0f42c21942b6552362b9b114707d,SP,4.027077642021183,0.9192081042918372,17.922932960893853,358,4.021084337349397,0.9191616766467066,332,334,0.6741647126059716,0.7174949085601404,0.9952198985655424,0.16683621566632756,0.3187868760759059,0.20403982798254533,0.07251065858348908,0.02834563669154482,0.623682999333485
0ffa40d54288e4f3499b8780dd0f144f,SP,4.362297543282632,0.8799138566959558,61.79428571428572,35,4.484848484848484,0.8484848484848485,33,33,0.8375420881322833,0.54848782634842,0.9681893007105074,0.00254323499491353,0.3960418290445785,0.15597791761789379,0.07054123810144378,0.00043209812029793937,0.6229930828842141
2528513dd95219a6013d4d05176e391a,SP,3.985583855470938,0.9457791265863517,196.74819277108435,166,3.968152866242038,0.95,157,160,0.6539417308506589,0.8317785817217345,0.8850397153507061,0.06917599186164802,0.30922419642482163,0.23653960008531913,0.06448304814355262,0.011753068872103952,0.6219999135257973
951e8cef368f09bb3f3d03c00ca4702c,SP,4.134322752659157,0.9194876993756977,57.874057971014494,69,4.133333333333334,0.9193548387096774,60,62,0.7264331628027741,0.7186974649701775,0.9706046832546511,0.019837232960325534,0.3435026401080505,0.20438180867135006,0.07071722029317785,0.0033703653383239268,0.6219720344109023
b56906f7fd1696e043f1bcce164c487b,SP,4.042709908748521,0.938104811288809,51.1545238095238,42,4.0,0.95,40,40,0.6817834688368192,0.7987708588166035,0.974744811477125,0.006103763987792472,0.32238949640444164,0.2271529270604555,0.07101886561243279,0.0010370354887150543,0.6215983245660449
b94cc9f10ddc85e4ba73a6f7974e7101,RJ,4.245039540134805,0.9217679622317138,649.9,39,4.297297297297297,0.9230769230769231,37,39,0.7803936171087607,0.7285050219422424,0.6058378330349121,0.004577822990844354,0.3690184885916481,0.20717086294007647,0.04414069727853446,0.0007777766165362908,0.6211078254267953
7142540dd4c91e2237acb7e911c4eba2,SP,4.052642092492212,0.9178798758627525,113.35957317073172,328,4.047770700636943,0.9177215189873418,314,316,0.6866241543306785,0.7117821127937245,0.9364182140893702,0.1515768056968464,0.3246784726409586,0.20241523406337997,0.0682264306723196,0.025753047969757185,0.6210731853464154
609e1a9a6c2539919b8205cf7c4e6ff0,SC,3.8687104340525655,0.9638488278324018,50.73253846153846,130,3.8117647058823527,0.9770114942528736,85,87,0.5969806948612654,0.909497527136852,0.9750048106685387,0.0508646998982706,0.2822894868774843,0.2586411649386622,0.07103780887575355,0.008641962405958787,0.6206104230978589
391fc6631aebcf3004804e51b40bcf1e,SP,4.045666370722787,0.8974678565723243,65.24842975206612,605,4.042471042471043,0.8963531669865643,518,521,0.6832243707533859,0.6239887070564883,0.9660610878208012,0.29247202441505593,0.3230708441702399,0.1774487134777834,0.07038617878393928,0.04969128383426302,0.6205970202662255
5b67882648febfb6e1225e6ad7164f6b,PR,4.055048326831427,0.94179089707663,227.116,30,4.0,0.962962962962963,27,27,0.6877968897493184,0.8146249504940586,0.8663291004864179,0.0,0.32523301465952065,0.2316614832886511,0.06311981273370293,0.0,0.6200143106818747
eed78ac17f7f795a19a709745f00cd4e,SP,3.936929367685356,0.956560782188779,77.66964285714286,56,3.772727272727273,1.0,22,22,0.6302288113847418,0.8781511748177502,0.958407965789157,0.013224821973550356,0.29801125783899945,0.2497269492992718,0.06982858048879448,0.0022469102255492845,0.619813697852615
32b8764b4ef628b53608fc34011fcc13,SC,4.175503235322486,0.9179825410493773,233.78947368421052,38,4.194444444444445,0.9166666666666666,36,36,0.7465034484723414,0.712223682354099,0.8622173516541436,0.004069175991861648,0.352993115582242,0.20254080676928524,0.0628202351064993,0.0006913569924767029,0.6190455144505032
11305281b50fff20ae8bb473f8e11876,MG,4.254286315234231,0.9002445499190392,163.2175,40,4.314285714285714,0.8857142857142857,35,35,0.7849002524312503,0.6359314434476078,0.9056990890698318,0.00508646998982706,0.3711495051951669,0.1808449659805015,0.06598826804164287,0.0008641962405958787,0.618846935457907
e24fc9fcd865784fb25705606fe3dfe7,SP,4.151843111701656,0.9209729551306676,232.14545454545456,55,4.1568627450980395,0.9215686274509804,51,51,0.7349721256384254,0.7250856453488222,0.8632302864604964,0.01271617497456765,0.34754039117452684,0.206198467173075,0.06289403645433875,0.0021604906014896967,0.6187933854034303
c8b0e2b0a7095e5d8219575d5e7e1181,SP,4.093833412944695,0.9264992504096491,143.1789411764706,85,4.0843373493975905,0.9285714285714286,83,84,0.7066997220540319,0.7488545962178285,0.9180455108498488,0.02797558494404883,0.33417144579768127,0.21295783589998366,0.06688781514244836,0.004753079323277332,0.6187701761633906
aac29b1b99776be73c3049939652091d,MG,4.1574520243911195,0.9076243128755117,50.1042748091603,131,4.161290322580645,0.9042553191489362,93,94,0.737705762368561,0.6676722778189542,0.9753919047759356,0.05137334689725331,0.34883302411308237,0.18987136367041507,0.07106601213887317,0.008728382030018375,0.6184987819523889
7b0df942f46435babab05d49b744b2c4,SP,4.29545254504927,0.912326164570024,706.2696875,32,4.387096774193548,0.90625,31,32,0.8049635916369035,0.6878952438890579,0.5711065959428738,0.001017293997965412,0.38063669595052113,0.19562233203132148,0.04161021644852607,0.00017283924811917572,0.6180420836784878
6a8b085f816a1f75f92dbac6eb545f8f,SP,4.157183039911987,0.9067213082454397,44.24187969924812,133,4.16,0.904,125,125,0.7375746663981471,0.6637883969180731,0.9790039211542341,0.05239064089521872,0.3487710338099814,0.1887668730580555,0.07132917979336066,0.00890122127813755,0.6177683079395351
d2374cbcbb3ca4ab1086534108cc3ab7,SP,3.792176802101355,0.9405831806390026,33.75164516129033,620,3.7799607072691552,0.9416342412451362,509,514,0.5596802127579272,0.8094304845416443,0.9854673031428055,0.30010172939979657,0.2646515062126638,0.23018429100930973,0.07180009490000543,0.05098757819515685,0.6176234703171358
382229d1e840115ffe3dbf5ff460e417,RJ,4.22979642392721,0.9002101062684703,84.10541666666667,48,4.266666666666667,0.8888888888888888,45,45,0.7729645226204324,0.6357832990946928,0.9544426717461609,0.009155645981688708,0.365505552094494,0.18080283697313893,0.06953967340107521,0.0015555532330725815,0.6174036157017807
ce7d1888639e6fb06b2749cbfdac1ff7,MG,4.161220569868898,0.9126434379332827,140.4034523809524,84,4.166666666666667,0.9102564102564102,78,78,0.7395424524558563,0.6892598569983179,0.9197555816996018,0.027466937945066123,0.3497015250658913,0.19601039809388757,0.0670124090776367,0.0046666596992177446,0.6173909919366334
17f51e7198701186712e53a39c564617,SP,4.290232090640733,0.913596555427578,787.1967213114754,61,4.339285714285714,0.9107142857142857,56,56,0.8024192792702688,0.6933592765462488,0.5212447619835894,0.015768056968463885,0.37943358730962906,0.1971761831739053,0.03797733649528206,0.0026790083458472238,0.6172661153246636
c8417879a15366a17c30af34c798c332,SP,4.225647016843196,0.9002925008835567,49.56285714285715,35,4.291666666666667,0.88,24,25,0.770942210589358,0.6361376836251952,0.9757254901862538,0.00254323499491353,0.36454927757762573,0.18090361616722198,0.07109031681548875,0.00043209812029793937,0.6169753086806344
6d66611d7c44cc30ce351abc49a68421,SP,3.9859843039300786,0.9363943028687443,77.17586206896551,174,3.9691358024691357,0.9390243902439024,162,164,0.6541368989121067,0.7914138522606613,0.958712200536346,0.07324516785350967,0.30931648398519873,0.2250607556258828,0.06985074670745073,0.012444425864580652,0.6166724121831129
2a7dc43cecabf23403078e2188437d1d,SP,4.106816781534488,0.921986122372582,88.81314814814814,54,4.096153846153846,0.9230769230769231,52,52,0.7130274749043518,0.729443342717391,0.9515420819877205,0.012207527975584944,0.337163599682355,0.20743770080508372,0.06932833953007024,0.0020740709774301085,0.616003710994939
06df0c10d34e459d9672bc77388742eb,PR,4.26084487971396,0.9022099527896421,302.3333333333333,30,4.346153846153846,0.8846153846153846,26,26,0.7880967245019298,0.6443847674035027,0.8199852026702223,0.0,0.3726609953797197,0.18324890605765534,0.05974324584951803,0.0,0.6156531472868931
9c0e69c7bf2619675bbadf47b43f655a,SP,4.19331651611556,0.8978243929099514,163.602,200,4.2,0.8940397350993378,150,151,0.75518517367581,0.6255221927398007,0.9054621858465899,0.08646998982706001,0.35709837354785845,0.17788480319954136,0.06597100752588894,0.014691336090129936,0.6156455203634187
5d3bb11474a06bdc23fb9e89f1164ee0,SP,3.9893300960696783,0.9458757464045858,114.20625,32,3.903225806451613,0.967741935483871,31,31,0.6557675501257351,0.8321941497644546,0.9358965483679192,0.001017293997965412,0.3100875569835949,0.23665777852943076,0.06818842266516724,0.00017283924811917572,0.615106597426312
0ed6ce5d87fd9c69eaacaeb778d67235,SP,4.313172452668038,0.8811017286038441,48.25047619047619,42,4.390243902439025,0.8571428571428572,41,42,0.8135998092076052,0.5535969397040988,0.9765340916888294,0.006103763987792472,0.3847204350857745,0.15743083748923897,0.07114923065711096,0.0010370354887150543,0.6143375387208395
8931a84a914b3fe9b1ddaa4d704947ca,SP,4.097329884943788,0.9257257735465708,145.884375,32,4.071428571428571,0.9310344827586207,28,29,0.7084038106736614,0.7455278225604844,0.9163786031955918,0.001017293997965412,0.3349772445549439,0.21201177437859456,0.06676636603157121,0.00017283924811917572,0.6139282242132288
8e6cc767478edae941d9bd9eb778d77a,MG,4.0816997819604675,0.9199596630560428,54.901388888888896,108,4.071428571428571,0.92,98,100,0.7007861089948186,0.7207274110667504,0.97243624342939,0.03967446592065107,0.3313751228839809,0.20495908085463252,0.07085066581079363,0.0067407306766478535,0.6139256002260549
e59aa562b9f8076dd550fcddf0e73491,PR,4.235369824223152,0.9043675531059094,374.5890243902439,82,4.260869565217392,0.8985507246376812,69,69,0.7756808515426774,0.6536647449152657,0.7754660710474575,0.026449643947100712,0.36679000082835,0.18588792828985742,0.056499629480729036,0.004493820451098569,0.6136713790500351
96493fab2fbb13a14d0c0e8772eef5c3,SP,4.080964683842678,0.9316282870231618,296.390625,64,4.064516129032258,0.9365079365079365,62,63,0.7004278414791169,0.7709149120564686,0.8236467026935077,0.017293997965412006,0.33120571178904457,0.2192313062692573,0.06001001882951427,0.002938267218025988,0.6133853041058421
ba143b05f0110f0dc71ad71b4466ce92,SP,4.400764106014003,0.8616047481198293,71.41309523809524,84,4.457831325301205,0.8433734939759037,83,83,0.8562896805064842,0.4697391746329702,0.9622628326222359,0.027466937945066123,0.40490685311831565,0.13358352685890912,0.07010944196797218,0.0046666596992177446,0.6132664816444147
e067ad2c1c0b48758eb1b5228bcf7a68,SP,4.145516315380753,0.9114364693132675,82.66475409836066,61,4.148148148148148,0.9074074074074074,54,54,0.7318886112811066,0.6840686074574752,0.955330311813874,0.015768056968463885,0.34608231440052134,0.19453412049150898,0.06960434590811385,0.0026790083458472238,0.6128997891459914
f5a590cf36251cf1162ea35bef76fe84,SP,4.2555509519649934,0.8986684715472043,434.17610169491525,118,4.274336283185841,0.8938053097345133,113,113,0.7855166031589028,0.6291526291616016,0.7387524932138008,0.044760935910478125,0.3714409540345402,0.17891721975632552,0.05382471742208583,0.007604926917243732,0.6117878181301952
b39d7fe263ef469605dbb32608aee0af,SP,3.9912862451235704,0.9407959064501652,105.48333333333333,48,3.9285714285714284,0.9534883720930233,42,43,0.656720925797527,0.8103454319157603,0.9412710271049903,0.009155645981688708,0.3105383721129756,0.230444481991295,0.06858000144421868,0.0015555532330725815,0.6111184087815619
5c6d4016c2a288f074fa0848a2b653d2,SP,4.152595402192127,0.9107880271063402,91.17647058823529,34,4.161290322580645,0.9032258064516129,31,31,0.735338772265025,0.6812796158854062,0.9500859605218777,0.002034587995930824,0.34771376443262225,0.19374099240959447,0.06922224807569115,0.00034567849623835144,0.6110226834141462
7ddcbb64b5bc1ef36ca8c151f6ec77df,SP,4.033756396198278,0.9142875143733942,162.98101796407187,334,4.027950310559007,0.9138461538461539,322,325,0.6774197619784375,0.6963311353425149,0.9058447935081937,0.15462868769074262,0.3203260652406875,0.19802131468681794,0.0659988839113611,0.02627156571411471,0.6106178295529813
575df70bde3f9f2b30bf8d2e9910d725,SP,4.099492771275872,0.9229229725483281,159.11911764705883,34,4.074074074074074,0.9259259259259259,27,27,0.7094579446650143,0.7334727954836269,0.9082242385873597,0.002034587995930824,0.33547570446508934,0.20858358886572026,0.06617224773779007,0.00034567849623835144,0.610577219564838
701938c450705b8ae65fc923b70f35c7,SP,4.027221700081475,0.929149175450614,107.02063063063062,111,4.0,0.9324324324324325,73,74,0.67423492272096,0.7602520939854204,0.9403238471705019,0.041200406917599186,0.3188200757714811,0.21619903448715938,0.06851099092609517,0.006999989548826617,0.6105300907335622
31da954dc0855f2495c6310f70a2f931,SP,4.1803654193066855,0.9075439553647526,152.76666666666668,30,4.206896551724138,0.896551724137931,29,29,0.7488731492439106,0.6673266550049775,0.9121381946673105,0.0,0.3541136570346166,0.18977307611649755,0.06645741439636788,0.0,0.610344147547482
77530e9772f57a62c906e1c21538ab82,PR,4.146900529416406,0.887322241257578,119.88608923884514,381,4.147435897435898,0.8846153846153846,312,312,0.7325632408465371,0.5803517640814676,0.9323970107263633,0.1785350966429298,0.3464013210878348,0.16503932320604592,0.06793345009127409,0.03033328804491534,0.60970738243007
6a8a889bde935bafa76d7848782dfaf9,SP,4.079026697895778,0.9214407220204114,28.694,30,4.038461538461538,0.9230769230769231,26,26,0.6994833180286298,0.7270975407795198,0.9885834863436469,0.0,0.3307590825387575,0.20677060614256568,0.07202713667889821,0.0,0.6095568253602215
76d5af76d0271110f9af36c92573f765,SP,4.134325342809753,0.9085384256172818,206.0941935483871,155,4.133858267716535,0.90625,127,128,0.7264344251741456,0.6716039354215626,0.8792813337939718,0.06358087487283826,0.34350323703550517,0.1909894409297121,0.06406349861519646,0.010802453007448485,0.6093586295878622
16090f2ca825584b5a147ab24aa30c86,SP,4.090524576587957,0.8936672583609938,63.002857142857145,406,4.088383838383838,0.8919597989949749,396,398,0.7050870821183489,0.6076420900920405,0.9674446597041442,0.19125127161749747,0.3334088896482435,0.17280009385173498,0.07048698435324452,0.03249377864640504,0.609189746499628
b74d1c09cb380e1d03a6f859c6f4224b,RJ,4.239107806404463,0.8913378133046678,57.226578947368424,38,4.3,0.8666666666666667,30,30,0.7775026458820007,0.59762299731818,0.9710036165906284,0.004069175991861648,0.36765145814794287,0.16995088343681772,0.07074628614984362,0.0006913569924767029,0.6090399847270809
37515688008a7a40ac93e3b2e4ab203f,SP,4.104844340359729,0.9008494764626933,24.912552301255232,239,4.102222222222222,0.8986784140969163,225,227,0.7120661588807519,0.6385332713575563,0.9909133618920299,0.10630722278738555,0.33670902986231716,0.1815848688186296,0.07219688892227108,0.018061701428453862,0.6085524890316717
9e6229250fedbe05838fef417b74e7fb,SP,3.9393096121693874,0.948635530758196,168.34155844155845,77,3.8904109589041096,0.9589041095890412,73,73,0.631388880030573,0.8440641594904099,0.9025419864407418,0.023906408952187184,0.2985598102220048,0.24003334916239233,0.06575824491692346,0.00406172233080063,0.6084131266321212
ce248b21cb2adc36282ede306b7660e5,SC,4.213136276919686,0.8990546393895711,208.6183076923077,65,4.234375,0.890625,64,64,0.7648448045376776,0.6308135618496027,0.8777261432178333,0.01780264496439471,0.361666045941446,0.17938955261319614,0.06395018909128002,0.0030246868420855753,0.6080304744880077
14d7985702e72162bbf13b6beb74ab2b,SP,4.263221358316622,0.8875383737311332,102.28947368421052,38,4.324324324324325,0.8648648648648649,37,37,0.7892549577560903,0.581281363729295,0.9432388701360942,0.004069175991861648,0.37320867987574413,0.16530368097356787,0.06872337638515377,0.0006913569924767029,0.6079270942269425
3c4e0452bff7a2a788179488d3d77032,PR,3.948513769539066,0.9468089231907136,104.06666666666666,36,3.838709677419355,0.96875,31,32,0.6358747445909125,0.8362078030460536,0.94214388250055,0.003051881993896236,0.30068100512133805,0.2377991735628847,0.06864359675583916,0.0005185177443575271,0.6076422931844195
406822777a0b9eb5c50e442dd4cd3ec5,SP,4.270117618154332,0.8844988220723056,77.13239130434783,46,4.325581395348837,0.8636363636363636,43,44,0.792616013674885,0.568208056858187,0.9587389843185429,0.008138351983723296,0.37479799550831006,0.16158591900296804,0.0698526981452076,0.0013827139849534058,0.607619326641439
6f892e20a171e98efe17fdb971ff319b,SP,4.146158184610591,0.9091778738068864,120.98,50,4.15,0.9024390243902439,40,41,0.7322014414854211,0.674354243147571,0.9317230159662682,0.01017293997965412,0.346230239917403,0.19177156817356944,0.06788434355310423,0.0017283924811917575,0.6076145441252684
b561927807645834b59ef0d16ba55a24,SP,4.305603637936061,0.8731073652708234,47.38936842105263,95,4.341176470588235,0.8588235294117648,85,85,0.8099109676975934,0.5192126696463157,0.9770646487919116,0.03306205493387589,0.38297612210212667,0.147652704621405,0.07118788648082999,0.005617275563873211,0.607433988768235
6b3bd31ad8fcda4b2635ec9f3ff2ecdf,RJ,4.103342919007816,0.9166379925419901,96.75952380952381,42,4.085714285714285,0.9142857142857143,35,35,0.7113344055477558,0.706440692882901,0.9466460559610081,0.006103763987792472,0.33636301151587744,0.20089625129878574,0.06897162030434885,0.0010370354887150543,0.6072679186077271
5d0363b33554b373851fc1622e4d5f3c,SP,4.085379952319047,0.9152514079416925,69.66797872340426,94,4.075268817204301,0.9139784946236559,93,93,0.7025797273701356,0.7004769034767242,0.9633380568803971,0.03255340793489318,0.332223256860809,0.19920028028903683,0.07018778165872452,0.005530855939813623,0.607142174748384
81f89e42267213cb94da7ddc301651da,SP,3.8043308548033474,0.9710405214591861,76.0576923076923,52,3.6739130434782608,1.0,46,46,0.5656037788260149,0.9404294632442336,0.9594011420723075,0.011190233977619531,0.26745253552607223,0.2674375296894348,0.0699009422517421,0.001901231729310933,0.60669223919656
c9c7905cffc4ef9ff9f113554423e671,SP,4.141221894533891,0.9014046898370026,76.67035971223022,139,4.141732283464567,0.8976377952755905,127,127,0.7297956233507195,0.6409212797337945,0.9590236573313186,0.055442522889114956,0.34509261993636947,0.18226396606725861,0.06987343911679295,0.009419739022495079,0.606649764142916
56642bcb79900e777d68e91915cb4267,SP,4.082987495566883,0.9177691560143433,65.315,56,4.0625,0.9166666666666666,48,48,0.7014137067855643,0.71130589961578,0.9660200716795593,0.013224821973550356,0.33167189003213166,0.20227980947185803,0.07038319039170728,0.0022469102255492845,0.6065818001212462
20cb7c2fde3e5bf10f0bbe7394e1c6a9,PR,4.111779075661515,0.9107880271063402,16.9,50,4.096774193548387,0.9032258064516129,31,31,0.7154459667302023,0.6812796158854062,0.9958501615449862,0.01017293997965412,0.33830721257036533,0.19374099240959447,0.07255657887084078,0.0017283924811917575,0.6063331763319922
f4aba7c0bca51484c30ab7bdc34bcdd1,SP,3.9720410691064623,0.9322008772019508,25.66869565217391,115,3.9444444444444446,0.9351851851851852,108,108,0.6473413324697288,0.7733776591846349,0.9904474768541481,0.04323499491353001,0.3061031188285474,0.21993165758102337,0.07216294503613124,0.007345668045064968,0.6055433894907669
4c498c7345e89aebad651544829beca0,SP,4.2381103801140645,0.8892454458227589,97.23978723404257,47,4.276595744680851,0.8723404255319149,47,47,0.7770165265048604,0.5886235904159552,0.9463501497106215,0.008646998982706003,0.3674215907657723,0.16739164933721998,0.06895006089107202,0.001469133609012994,0.6052324346030773
7202e2ba20579a9bd1acb29e61fe71f6,SP,4.021723157461974,0.9339599681176806,228.03207547169808,53,3.98,0.9411764705882353,50,51,0.6715550774641204,0.7809436221741843,0.8657646759559157,0.011698880976602238,0.3175528787767104,0.22208325164600143,0.06307868936540374,0.0019876513533705208,0.6047024711414861
c33847515fa6305ce6feb1e818569f13,SC,3.889978596268289,0.94939226817901,121.248828125,128,3.8508771929824563,0.956140350877193,114,114,0.6073462385297563,0.8473189357316431,0.9315573820278792,0.04984740590030519,0.28719095861446314,0.24095893619647402,0.06787227564130537,0.008469123157839611,0.6044912936100821
6860153b69cc696d5dcfe1cdaaafcf62,SP,4.104144777004552,0.909149175450614,45.56702380952381,84,4.095890410958904,0.9054054054054054,73,74,0.7117252100750483,0.6742308096743627,0.9781874558460824,0.027466937945066123,0.33654780812727275,0.19173646639885264,0.07126969300326534,0.0046666596992177446,0.6042206272286085
b4a476fbd28de64b1e347abf9089366a,SP,4.137812227817324,0.9091949561618106,127.97257142857143,35,4.137931034482759,0.9,29,30,0.7281338413459045,0.6744277154530526,0.9274146604131399,0.00254323499491353,0.3443068263697107,0.19179246208709144,0.06757044137026058,0.00043209812029793937,0.6041018279473607
c847e075301870dd144a116762eaff9a,MG,4.18064094323128,0.9091778738068864,363.0666666666667,42,4.2,0.9024390243902439,40,41,0.7490074323682884,0.674354243147571,0.7825653784182289,0.006103763987792472,0.35417715442172343,0.19177156817356944,0.057016877431340984,0.0010370354887150543,0.6040026355153488
056b4ada5bbc2c50cc7842547dda6b51,RJ,4.191076230955732,0.8990546393895711,187.7446153846154,65,4.2063492063492065,0.890625,63,64,0.754093317528648,0.6308135618496027,0.8905871184809073,0.01780264496439471,0.3565820762635753,0.17938955261319614,0.06488722600914672,0.0030246868420855753,0.6038835417280037
8648b1e89e9b349e32d3741b30ec737e,SP,4.1574520243911195,0.8984446852526168,72.2875,100,4.161290322580645,0.8924731182795699,93,93,0.737705762368561,0.6281901099380202,0.9617240828003547,0.03560528992878942,0.34883302411308237,0.1786435003828967,0.07007018923151398,0.0060493736841711505,0.6035960874116642
93dc87703c046b603023e75222018b45,MG,4.1321872389268215,0.9138121617807016,239.68676470588235,34,4.129032258064516,0.9090909090909091,31,33,0.7253923694976139,0.6942866133163145,0.858583834745354,0.002034587995930824,0.3430104885014939,0.19743989742858314,0.06255550094632994,0.00034567849623835144,0.6033515653726453
ef506c96320abeedfb894c34db06f478,SP,3.971316791287392,0.9149558992545654,28.78463855421687,332,3.961783439490446,0.9145569620253164,314,316,0.6469883384834341,0.6992059016371371,0.9885276409193452,0.1536113936927772,0.30593620138528715,0.19883883522006027,0.07202306784094507,0.026098726465995536,0.602896830912288
4992e76a42cb3aad7a7047e0d3d7e729,SP,4.006448306856949,0.9257916773787975,29.742465753424653,73,3.9642857142857144,0.9285714285714286,56,56,0.6641105164639696,0.7458112791749426,0.9879374917625153,0.02187182095625636,0.31403262875380294,0.2120923832277509,0.07198007020385411,0.0037160438345622783,0.6018211260199702
4ebdc7e6cd6102a022dadc49156d4ea8,SP,3.925046270370516,0.943907591728389,29.021874999999998,32,3.793103448275862,0.9655172413793104,29,29,0.6244373018558724,0.8237289901159914,0.9883814716640098,0.001017293997965412,0.29527267304518034,0.23425047264069157,0.07201241810515874,0.00017283924811917572,0.6017084030391499
f45122a9ab94eb4f3f8953578bc0c560,SP,3.9875107658782882,0.9234043692621972,110.48060913705584,197,3.972826086956522,0.9239130434782609,184,184,0.6548808563740617,0.7355433136631337,0.9381920394708404,0.0849440488301119,0.30966827320049783,0.2091723988602457,0.06835566969457779,0.014432077217951174,0.6016284189732723
729f06993dac8e860d4f02d7088ca48a,SP,4.2024970694361645,0.890957646208845,175.97504424778762,113,4.21505376344086,0.8829787234042553,93,94,0.7596595342425768,0.595987874226406,0.8978387422481099,0.0422177009155646,0.3592141286457532,0.16948589026349278,0.06541557156967803,0.007172828796945793,0.6012884192758698
0d85bbda9889ce1f7e63778d24f346eb,MG,4.183487863344327,0.8949989291566416,83.53793103448275,58,4.2,0.8823529411764706,50,51,0.7503949464587478,0.613369691698098,0.9547923184962464,0.014242115971515769,0.3548332571131549,0.17442889822722213,0.06956514828974737,0.0024197494736684605,0.6012470531037928
f457c46070d02cadd8a68551231220dd,PR,3.898477239185916,0.9362665952265222,81.73173913043478,230,3.8762886597938144,0.9384615384615385,194,195,0.6114882538760774,0.7908645734906474,0.9559051733307389,0.1017293997965412,0.28914956028586786,0.2249045527812201,0.06964622970408925,0.017283924811917574,0.6009842675830948
3db66a856d18a9cba7c9241fc5221c50,MG,4.191760488459056,0.890957646208845,97.71443298969074,97,4.202127659574468,0.8829787234042553,94,94,0.7544268066641575,0.595987874226406,0.9460577046926472,0.0340793489318413,0.35673977060403306,0.16948589026349278,0.06892875365949098,0.005790114811992387,0.6009445293390093
634964b17796e64304cadf1ad3050fb7,RJ,4.061756801086269,0.900051263041448,121.09628482972136,323,4.056603773584905,0.8981132075471698,265,265,0.6910664239070984,0.6351001041750641,0.9316513690196488,0.14903357070193285,0.32677905312889294,0.18060855131031892,0.06787912343311632,0.025320949849459245,0.6005876777217873
b499c00f28f4b7069ff6550af8c1348a,SP,4.215013180044934,0.8781209106650948,55.83615384615385,182,4.224489795918367,0.8707482993197279,147,147,0.7657595578251952,0.5407762503346663,0.9718603036859579,0.07731434384537131,0.36209859801285404,0.15378491439996397,0.07080870345638245,0.013135782857057354,0.5998279987262578
2a6fbeaa7ab9e5d59a35841a8da71ce4,SC,4.010152653349239,0.9270520990189535,54.42633333333333,30,3.9310344827586206,0.9333333333333333,29,30,0.6659159176518853,0.7512324335879258,0.972728940938701,0.0,0.3148863343749925,0.2136340407373654,0.0708719914386237,0.0,0.5993923665509816
e7d5b006eb624f13074497221eb37807,SP,4.010373363204657,0.9243503249085443,55.22111111111111,63,3.9285714285714284,0.9285714285714286,28,28,0.6660234858386046,0.7396119296431376,0.9722392519469804,0.0167853509664293,0.3149371992831792,0.21032942408060992,0.07083631322183771,0.0028518475939663997,0.5989547841795932
ececbfcff9804a2d6b40f589df8eef2b,SP,4.117192823542732,0.9017472971143203,65.18592233009709,103,4.11340206185567,0.8969072164948454,97,97,0.7180844852586848,0.6423948556342537,0.9660996007199977,0.037131230925737536,0.3395548677256048,0.1826830187597053,0.07038898479263014,0.006308632556349914,0.5989355038342902
23c38debaffe4a25a30fdbd9b586a13f,SP,4.262324995040919,0.8793271275382297,117.00391304347826,46,4.317073170731708,0.8536585365853658,41,41,0.7888180938379535,0.545964266563903,0.9341728152273607,0.008138351983723296,0.3730021035285563,0.15526027251938035,0.06806283331006668,0.0013827139849534058,0.5977079233429566
e06f09ec0a4aca210779cf1cfc63cf19,SP,4.03142924909392,0.9257257735465708,170.30612903225807,31,3.9655172413793105,0.9310344827586207,29,29,0.6762855716008883,0.7455278225604844,0.9013315492360007,0.000508646998982706,0.31978974970744545,0.21201177437859456,0.06567005375533572,8.641962405958786e-05,0.5975579974654354
dd2bdf855a9172734fbc3744021ae9b9,MG,3.919976258045498,0.9382818133210794,96.42727272727272,110,3.881188118811881,0.9428571428571428,101,105,0.6219663110094744,0.799532155923682,0.9468507668902952,0.04069175991861648,0.2941042353651801,0.22736942327376472,0.06898653532395732,0.00691356992476703,0.5973737638876692
5b8154610ebb21fb90eb587365e673df,SP,4.154130449225713,0.9034113896041491,226.20125,40,4.162162162162162,0.8918918918918919,37,37,0.7360869138721101,0.6495522242936267,0.8668927083497743,0.00508646998982706,0.3480675321711667,0.18471841755158916,0.06316087660050634,0.0008641962405958787,0.596811022563858
b839e41795b7f3ad94cc2014a52f6796,SP,4.107395582498318,0.9477104668654474,1189.6944444444443,36,4.090909090909091,0.9696969696969697,33,33,0.7133095672922645,0.8400854002842089,0.27325254362799334,0.003051881993896236,0.3372969904538177,0.2389018772392725,0.01990888840409827,0.0005185177443575271,0.5966262738415461
e8f6dc8e6a1dcde89d20e3995c8d90b3,SP,4.04673914542291,0.9166379925419901,48.83500000000001,44,4.0,0.9142857142857143,35,35,0.6837472129664451,0.706440692882901,0.9761739471516699,0.007121057985757884,0.32331807638614374,0.20089625129878574,0.07112299091088771,0.0012098747368342302,0.5965471933326514
6a0cbc8af2e8abd1bdfb777943d174c6,SP,4.068179896223809,0.9152486257510232,111.41617647058824,34,4.03030303030303,0.9117647058823529,33,34,0.6941968717784155,0.7004649370959957,0.9376156053567347,0.002034587995930824,0.32825932297831606,0.19919687731260272,0.06831367132084748,0.00034567849623835144,0.5961155501080047
3f3486b61f45078d4f31ee5e43d8c5bb,SP,4.271529380831828,0.8756141160778675,96.65974358974358,39,4.333333333333333,0.8461538461538461,39,39,0.7933040697248014,0.5299943658398014,0.9467075338691531,0.004577822990844354,0.3751233510699652,0.1507187827362917,0.06897609951905742,0.0007777766165362908,0.5955960099418506
f84fa566034f5e8e880a07ec624c56af,SP,4.228758642125367,0.8775210221309687,49.939099999999996,100,4.247191011235955,0.8651685393258427,89,89,0.7724587350269271,0.5381960912272161,0.9754936744630317,0.03560528992878942,0.36526638436014575,0.1530511736943913,0.07107342696955112,0.0060493736841711505,0.5954403587082593
a416b6a846a11724393025641d4edd5e,SP,4.208440998328082,0.8793164893172755,141.64909090909092,176,4.2165605095541405,0.8726114649681529,157,157,0.76255644907079,0.5459185108924395,0.9189881024218117,0.07426246185147507,0.3605839695927442,0.15524726060915875,0.06695649135738015,0.012617265112699828,0.5954049866719828
aae3bfea055532c57fb453ed3ec80b30,SP,3.745802687806373,0.9718232100683973,61.1584,50,3.595744680851064,1.0,47,48,0.5370786874386944,0.943795857213233,0.9685810910234534,0.01017293997965412,0.2539641036887054,0.2683948583591734,0.0705697835250826,0.0017283924811917575,0.5946571380541531
276677b5d08786d5dce7c2149dcce48b,MG,4.070962749130903,0.9107880271063402,76.09333333333333,45,4.032258064516129,0.9032258064516129,31,31,0.69555316119538,0.6812796158854062,0.9593791824524012,0.0076297049847405905,0.3289006607081086,0.19374099240959447,0.0698993422972959,0.001296294360893818,0.5938372897758928
44073f8b7e41514de3b7815dd0237f4f,DF,3.789164620801347,0.957826890149175,121.72609271523179,151,3.74468085106383,0.9647887323943662,141,142,0.5582121547054284,0.8835967864592358,0.9312633234589192,0.06154628687690743,0.2639573173420462,0.25127556190868844,0.06785085084812334,0.010456774511210132,0.5935405046100681
0176f73cc1195f367f7b32db1e5b3aa8,SP,4.117766812862077,0.9034113896041491,122.18947368421053,38,4.108108108108108,0.8918918918918919,37,37,0.7183642325774502,0.6495522242936267,0.9309778190502325,0.004069175991861648,0.3396871496029743,0.18471841755158916,0.06783004930192013,0.0006913569924767029,0.5929269734489603
3be634553519fb6536a03e1358e9fdc7,SP,4.025277292932798,0.9142916749534095,55.06336842105264,95,4.0,0.9125,80,80,0.6732872697453756,0.6963490302643346,0.9723364424585998,0.03306205493387589,0.31837196668768936,0.1980264036104135,0.07084339441868251,0.005617275563873211,0.5928590402806586
f62d7bb4a613ec758a03342d46b580b2,MG,4.289543494148285,0.8950847852596792,770.78125,32,4.375,0.875,32,32,0.8020836754254214,0.6137389643105597,0.5313588791870314,0.001017293997965412,0.37927489300347883,0.1745339112655398,0.03871424026948235,0.00017283924811917572,0.5926958837866201
ed4acab38528488b65a9a9c603ff024a,SP,3.92810560627376,0.9458757464045858,324.3194871794872,39,3.806451612903226,0.967741935483871,31,31,0.6259283418235014,0.8321941497644546,0.8064388028968903,0.004577822990844354,0.2959777291902097,0.23665777852943076,0.05875626963409538,0.0007777766165362908,0.5921695539702723
7e3f87d16fb353f408d467e74fbd8014,SP,4.1603410523615985,0.8881616884193282,50.03322580645161,93,4.164835164835165,0.8791208791208791,91,91,0.7391137987227953,0.583962280229719,0.9754356804267804,0.03204476093591048,0.34949883100325996,0.16606607487358846,0.07106920158602677,0.005444436315754036,0.5920785437786293
6a51fc556dab5f766ced6fbc860bc613,SP,4.05898035017653,0.9182983509012278,232.83451612903227,31,4.0,0.9166666666666666,24,24,0.6897132546554998,0.7135820008068124,0.8628057327279561,0.000508646998982706,0.32613919080674375,0.20292708276947782,0.06286310392295051,8.641962405958786e-05,0.5920157971232317
e9bc59e7b60fc3063eb2290deda4cced,PR,4.081397245407112,0.893254968276857,129.01419230769233,260,4.076555023923445,0.8899521531100478,209,209,0.7006386606246534,0.6058688039647324,0.9267728831864565,0.11698880976602238,0.3313054001523865,0.17229581013896844,0.06752368216715604,0.01987651353370521,0.5910014059922163
63b464dbf392c7b80d12d932fa7cafed,SP,3.9532810131002636,0.9341115733074418,174.26315789473685,38,3.861111111111111,0.9444444444444444,36,36,0.6381981738938635,0.7815956858307584,0.8988934922997653,0.004069175991861648,0.3017796665543992,0.22226868425985516,0.06549241953161765,0.0006913569924767029,0.5902321273383487
f27e33c6d29b5138fa9967bcd445b6d5,SP,4.103397970337065,0.8984446852526168,90.69693877551019,98,4.096774193548387,0.8924731182795699,93,93,0.7113612361197419,0.6281901099380202,0.9503814160019339,0.03458799593082401,0.3363756986738773,0.1786435003828967,0.0692437746463233,0.005876534436051976,0.5901395081391492
7d13fca15225358621be4086e1eb0964,SP,4.044462783084493,0.879991297166201,196.91099824868652,571,4.0414414414414415,0.8781362007168458,555,558,0.6826377737499844,0.5488209027838271,0.8849394054874932,0.27517802644964395,0.3227934647365003,0.15607263725670192,0.06447573967408322,0.046753016616237035,0.5900948582835225
4c2b230173bb36f9b240f2b8ac11786e,SP,3.987048436424317,0.9011088645952866,42.19991253644315,343,3.9763779527559056,0.8992248062015504,254,258,0.6546555291410002,0.6396489163725925,0.9802620449581941,0.15920651068158698,0.3095617245138352,0.1819021338113727,0.07142084534962236,0.027049342330651,0.5899340460054813
1d8dbc4f32378d715c717c1c1fc57bae,PR,4.06988013745247,0.9052557055133453,115.52567010309278,97,4.056179775280899,0.9010989010989011,89,91,0.6950255246974547,0.6574847454528453,0.9350836098107467,0.0340793489318413,0.32865116145706197,0.1869742527268421,0.06812919283038052,0.005790114811992387,0.589544721826277
229c3efbfb0ea2058de4ccdfbc3d784a,MG,3.6924235163512167,0.9716313718407041,106.75172413793103,145,3.623931623931624,0.9830508474576272,117,118,0.5110630812431938,0.9429707486769268,0.940489529393834,0.05849440488301119,0.24166231204460334,0.2681602155738292,0.0685230623558834,0.009938256766852605,0.5882838467411685
5656537e588803a555b8eb41f07a944b,DF,3.9178686492455777,0.9234259773860984,42.871675675675675,185,3.8947368421052633,0.9239766081871346,171,171,0.6209391178354672,0.7356362515916108,0.979848149371876,0.07884028484231943,0.293618514743876,0.20919882837035547,0.07139068935938142,0.01339504172923612,0.5876030742028491
7e1fb0a3ebfb01ffb3a7dae98bf3238d,SP,4.1840770450725975,0.8779829698622177,154.84928994082838,169,4.189542483660131,0.8709677419354839,153,155,0.7506820981586041,0.5401829580835469,0.9108550212825315,0.07070193285859613,0.35496904024099496,0.15361619508583713,0.06636392375440901,0.012012327744282713,0.5869614868255238
1336efc61c316ddf92c899eb817f7cae,SP,4.026925812037112,0.909149175450614,56.90952941176471,85,4.0,0.9054054054054054,74,74,0.674090714659458,0.6742308096743627,0.9711989613420247,0.02797558494404883,0.3187518852587302,0.19173646639885264,0.07076051875973716,0.004753079323277332,0.5860019497405973
048c2757535328e0d7dac690ad3c0aae,SP,4.216077234439019,0.8804594413823869,181.3016,50,4.244897959183674,0.86,49,50,0.766278149990125,0.5508344211197823,0.8945568742988854,0.01017293997965412,0.36234382054248837,0.15664523774488165,0.0651764581770245,0.0017283924811917575,0.5858939089455861
36a968b544695394e4e9d7572688598f,SP,3.79203117293623,0.9477868824428816,44.00301282051282,156,3.75,0.9527027027027027,148,148,0.5596092369277075,0.8404140685898219,0.979151094973475,0.06408952187182096,0.26461794443945086,0.23899534330257208,0.07133990272059995,0.010888872631508072,0.585842063094131
2b1a40c1daabc6ca280c4b815c101841,MG,3.961929367685356,0.9357274488554457,374.0181818181818,33,3.8181818181818183,0.9545454545454546,22,22,0.6424131547748206,0.7885456703270649,0.7758177861197206,0.001525940996948118,0.3037727708546318,0.2242451075406189,0.056525255065145406,0.00025925887217876357,0.5848023923325749
4e922959ae960d389249c378d1c939f5,SP,3.970603696496277,0.8947829167695465,101.65565022421524,446,3.963235294117647,0.8932038834951457,408,412,0.6466407948112493,0.612440608549847,0.943629389825663,0.2115971515768057,0.3057718611884716,0.17416468734086055,0.06875182923253079,0.03595056360878855,0.5846389413706515
cd06602b43d8800bd0afad514919d35c,SP,3.8602815525805614,0.9407959064501652,49.14057692307692,52,3.744186046511628,0.9534883720930233,43,43,0.5928726794112985,0.8103454319157603,0.9759856710579761,0.011190233977619531,0.28034696246515733,0.230444481991295,0.07110927331584269,0.001901231729310933,0.5838019495016059
b33e7c55446eabf8fe1a42d037ac7d6d,SP,4.194474100044396,0.879513814543208,290.88927631578946,152,4.201342281879195,0.87248322147651,149,149,0.7557493496794809,0.5467672193605237,0.8270362663748264,0.06205493387589013,0.3573651509427655,0.1554886146979045,0.06025697881815331,0.01054319413526972,0.583653938594093
2745f798279e0ed033addcc1474776d7,SP,4.03014642260029,0.912326164570024,114.6415625,32,3.967741935483871,0.90625,31,32,0.6756603556605573,0.6878952438890579,0.935628337875416,0.001017293997965412,0.3194941088458516,0.19562233203132148,0.0681688811352215,0.00017283924811917572,0.5834581612605138
238fac594e170b59c6d228f5a4f4f1d9,SP,4.053851624074222,0.9075439553647526,104.2,30,4.0,0.896551724137931,28,29,0.687213648256133,0.6673266550049775,0.9420617314044973,0.0,0.3249572219190615,0.18977307611649755,0.06863761131474547,0.0,0.5833679093503045
25c5c91f63607446a97b143d2d535d31,MG,3.8755906052451685,0.9281039425552824,203.79240601503759,266,3.8451612903225807,0.9294871794871795,155,156,0.6003339095969934,0.7557564801823907,0.8806995415595597,0.12004069175991862,0.2838750947125227,0.21492058044364998,0.06416682771787942,0.020395031278062737,0.5833575341521149
30829ded4523ab9224b93bc49a62c95f,RS,3.957699297428173,0.9298844896604862,222.9583870967742,31,3.7777777777777777,0.9444444444444444,18,18,0.6403515296317136,0.7634147276206891,0.8688907439136384,0.000508646998982706,0.3027979066608798,0.21709841818342424,0.06330645133712269,8.641962405958786e-05,0.5832891958054863
dc4a0fc896dc34b0d5bfec8438291c80,SP,3.8414698547630213,0.9319319424106032,97.75198347107438,242,3.8177777777777777,0.9333333333333333,225,225,0.5837043519729264,0.7722209533772525,0.9460345685936249,0.10783316378433368,0.27601160879228137,0.2196027157987906,0.06892706798803327,0.018320960300632627,0.5828623528797379
e5a38146df062edaf55c38afa99e42dc,SP,4.003483027061417,0.9103761475689137,123.15233870967741,124,3.9831932773109244,0.9083333333333333,119,120,0.6626653169729124,0.6795080955458626,0.9303845659212858,0.04781281790437437,0.3133492488283249,0.19323721084817064,0.0677868255127368,0.00812344466160126,0.5824967298508337
411f3b52d857390502ee4e4d5ceabc2d,SP,4.121004721822007,0.891806756277902,60.13366666666666,30,4.105263157894737,0.8571428571428572,19,21,0.7199423043627942,0.5996399511594925,0.9692124632721663,0.0,0.3404333597876171,0.17052446090743142,0.07061578463260819,0.0,0.5815736053276567
3ade81dab5a172b88e1871c28ae05260,SP,4.166159437942539,0.8873132878715073,179.45333333333335,30,4.185185185185185,0.8571428571428572,27,28,0.7419495270385577,0.5803132549930311,0.8956956527923676,0.0,0.35083973917344213,0.16502837206522722,0.06525942836146528,0.0,0.5811275396001346
09f952a5f58d2285b0372551ae8f9b01,SP,3.918781980991386,0.9330910203297552,211.09821428571428,56,3.84,0.94,50,50,0.6213842517402668,0.7772062219383549,0.8761981903821587,0.013224821973550356,0.2938290016535186,0.2210204169246361,0.06383886408003481,0.0022469102255492845,0.5809351928837387
66dc1b1632bd6a3e508510c5b3492107,SP,3.8051328649521157,0.9502406055655064,86.39487804878048,41,3.638888888888889,0.9722222222222222,36,36,0.5659946575082117,0.8509676893074183,0.953032058531829,0.005595116988809766,0.2676373672025041,0.24199656175042522,0.06943689762928326,0.0009506158646554665,0.580021442446868
c3867b4666c7d76867627c2f7fb22e21,SP,4.083922847161534,0.8854918013585095,143.84605809128632,241,4.079646017699115,0.881578947368421,226,228,0.7018695725863519,0.5724789245328639,0.9176344779567434,0.10732451678535096,0.3318874516476027,0.1628004601729201,0.0668578677249766,0.018234540676573038,0.5797803202220725
a420f60ff1aa9acc80d0e42959f2b313,SP,3.993700900089328,0.9130636295167892,107.87391304347827,69,3.953846153846154,0.9104477611940298,65,67,0.657897765208381,0.6910671279818142,0.9397981115295676,0.019837232960325534,0.3110948547535145,0.19652434635497062,0.0684726863889573,0.0033703653383239268,0.5794622528357664
a3e9a2c700480d9bb01fba070ba80a0e,SP,4.017083963499408,0.9026768873874929,93.5090909090909,143,4.0,0.8992248062015504,127,129,0.6692940561723969,0.6463930830933221,0.94864875565163,0.05747711088504578,0.3164837277208157,0.18382002702729083,0.06911753486425792,0.009765417518733428,0.5791867071310979
3ab971ce71839580d2ae5b4e40fe8044,SP,3.989945667450274,0.9166379925419901,132.8918918918919,37,3.911764705882353,0.9142857142857143,34,35,0.6560675634490263,0.706440692882901,0.924383703653919,0.003560528992878942,0.31022942188444896,0.20089625129878574,0.06734960909885407,0.0006049373684171151,0.579080219650506
8e8a7ce9f2f970dc00e2acf6f6e199f6,RJ,4.018236724782891,0.9091563769108022,137.828125,64,3.984126984126984,0.9047619047619048,63,63,0.669855881745387,0.6742617836170778,0.9213423264523997,0.017293997965412006,0.316749393686364,0.1917452747093621,0.06712801760515419,0.002938267218025988,0.5785609532189063
06579cb253ecd5a3a12a9e6eb6bf8f47,SP,4.132622464650813,0.8840795120122,65.53428571428572,70,4.131147540983607,0.8688524590163934,61,61,0.7256044870845464,0.5664045773634457,0.9658849624662298,0.02034587995930824,0.3431107908484346,0.16107304895819585,0.07037334647876568,0.003456784962383515,0.5780139712477798
ec8879960bd2221d5c32f8e12f7da711,SP,4.239945667450273,0.8674576646731375,113.07142857142857,35,4.294117647058823,0.8285714285714285,34,35,0.7779109973498137,0.4949129445770208,0.9365957495492783,0.00254323499491353,0.367844552040772,0.14074239534393296,0.06823936571626155,0.00043209812029793937,0.5772584112212644
4c18691b6037662be2df78a765d98ab5,SP,3.931816971696472,0.920392331966982,47.694328358208956,67,3.873015873015873,0.9206349206349207,63,63,0.627737163853757,0.7225883478367732,0.97687675284374,0.018819938962360123,0.29683305239775865,0.2054882904893097,0.07117419658278161,0.0031975260902047512,0.5766930655600546
c8467937e403e76a8ee9f0ab13f6f5ef,MG,4.097329884943788,0.8913378133046678,56.17545454545454,33,4.071428571428571,0.8666666666666667,28,30,0.7084038106736614,0.59762299731818,0.9716512492534154,0.001525940996948118,0.3349772445549439,0.16995088343681772,0.07079347197376709,0.00025925887217876357,0.5759808588377074
0cbcee27c791afa0cdcb08587a2013a8,MG,4.0450395401348045,0.9034113896041491,129.59358974358975,39,4.0,0.8918918918918919,37,37,0.6829188699881303,0.6495522242936267,0.9264158971783883,0.004577822990844354,0.3229263844665895,0.18471841755158916,0.06749767254798804,0.0007777766165362908,0.575920251182703
5f2684dab12e59f83bef73ae57724e45,SP,3.864437349498991,0.9345690058608752,121.52013698630138,73,3.791044776119403,0.9402985074626866,67,67,0.5948981056798417,0.78356313261736,0.9313902196254438,0.02187182095625636,0.28130470958659165,0.22282818300906385,0.06786009636724899,0.0037160438345622783,0.5757090327974668
7aa4334be125fcdd2ba64b3180029f14,SP,4.131935821244217,0.8704788231044225,67.56518987341772,237,4.131455399061033,0.8644859813084113,213,214,0.7252698351224462,0.5079071409953367,0.9646336549463501,0.10528992878942015,0.34295254665146646,0.14443766003547656,0.07028217754968004,0.01788886218033469,0.5755612464169577
2709af9587499e95e803a6498a5a56e9,SP,4.035170826367006,0.9002925008835567,25.664347826086956,46,3.9583333333333335,0.88,24,25,0.6781091180935201,0.6361376836251952,0.9904501556942368,0.008138351983723296,0.32065203555376065,0.18090361616722198,0.07216314021355821,0.0013827139849534058,0.5751015059194942
7681ef142fd2c19048da7430856b5588,SP,4.20636232943219,0.8799394945840643,410.6817105263158,76,4.228070175438597,0.8620689655172413,57,58,0.7615433604459173,0.5485980965515258,0.7532281681057312,0.023397761953204477,0.36010491847678944,0.15600927604706852,0.05487939962987454,0.0039753027067410416,0.5749688968604736
1900267e848ceeba8fa32d80c1a5f5a8,SP,3.8716479009770124,0.8979511980209754,47.11198852772466,523,3.8596491228070176,0.896551724137931,399,406,0.5984123390894437,0.6260675896651753,0.9772355517588606,0.25076297049847407,0.28296645703421186,0.17803990213265986,0.07120033828842066,0.04260487466137682,0.5748115721166692
900ba814c251a692506d7834c1218441,SP,4.210560536347199,0.8742403352237625,335.2677906976744,86,4.226190476190476,0.8604651162790697,84,86,0.76358945623292,0.5240856461681987,0.7996931893923671,0.028484231943031537,0.36107243942811496,0.14903847235219392,0.058264791440715544,0.004839498947336921,0.5732152021683613
688756f717c462a206ad854c5027a64a,SP,3.933440558238921,0.9150926873370224,58.96636363636364,99,3.8875,0.9135802469135803,80,81,0.6285284572920252,0.699794235963707,0.9699316774474037,0.035096642929806715,0.2972072249976116,0.19900614460909893,0.07066818580905594,0.005962954060111563,0.5728445094758781
3df020b72d3d44b3af9d110fa3940b65,SP,4.075029790512524,0.8878384882106346,49.9,101,4.054545454545455,0.8727272727272728,55,55,0.6975353303463931,0.5825721753776477,0.9755177652719491,0.03611393692777213,0.3298379531823215,0.16567075951802238,0.07107518220015183,0.006135793308230739,0.5727196882087265
318f287a62ab7ac10b703ac37435a231,SP,3.9779300682233947,0.9079859421436546,39.87672131147541,61,3.9215686274509802,0.9019607843137255,51,51,0.6502114759683119,0.6692276685234602,0.981693440249227,0.015768056968463885,0.30746030063099755,0.19031368270014856,0.07152513528132055,0.0026790083458472238,0.5719781269583138
a673821011d0cec28146ea42f5ab767f,SP,4.032209889981398,0.893476275132857,94.79432624113475,141,4.016528925619835,0.888,121,125,0.676666035466383,0.6068206589637305,0.9478568794675323,0.056459816887080364,0.31996965661279503,0.17256649684063388,0.06905983961147182,0.009592578270614252,0.5711885713355149
cfb1a033743668a192316f3c6d1d2671,SP,4.046732341921339,0.8870705180181148,70.44435754189945,179,4.035211267605634,0.8811188811188811,142,143,0.6837438971184693,0.5792690862639893,0.962859704098711,0.0757884028484232,0.3233165084476296,0.164731433361807,0.07015292938609081,0.012876523984878593,0.571077395180406
34056b8b55c1775a22af2331670a799c,SP,4.05765447060436,0.8923778402433146,83.1,77,4.038961038961039,0.8831168831168831,77,77,0.6890670557754518,0.6020962199672047,0.9550621423548331,0.023906408952187184,0.3258336279102552,0.17122296992683372,0.06958480736782234,0.00406172233080063,0.5707031275357118
0dd184061fb0eaa7ca37932c68ab91c5,SP,4.042006599479855,0.8872455483693122,95.57989637305698,193,4.03125,0.8819875776397516,160,161,0.6814406943712649,0.5800219030441605,0.9473728636123049,0.08290946083418108,0.32222741138422417,0.16494551795599147,0.06902457473334993,0.014086398721712821,0.5702839027952783
d5ba419e26d246a0719437cf37d9b46d,SP,4.049543494148285,0.8968630092383287,115.04411764705883,34,4.0,0.8787878787878788,32,33,0.685113978880665,0.6213872198323674,0.935380310276272,0.002034587995930824,0.32396436805340856,0.17670890752323853,0.06815081010932388,0.00034567849623835144,0.5691697641822093
8b28d096634035667e8263d57ba3368c,SP,4.02888499811235,0.8903934396670388,59.77019867549669,151,4.014598540145985,0.8848920863309353,137,139,0.6750455704956886,0.5935611856592624,0.9694364079760763,0.06154628687690743,0.31920340030163147,0.16879579321625263,0.07063210100448761,0.010456774511210132,0.5690880690335818
2e90cb1677d35cfe24eef47d441b7c87,SP,4.120532239361477,0.8752608989873294,101.42124087591242,137,4.118110236220472,0.8661417322834646,127,127,0.7197120288209989,0.5284751564513661,0.9437738172123236,0.05442522889114954,0.3403244712337771,0.15028675287992954,0.06876235205762637,0.009246899774375901,0.5686204759457089
4a3ccda38b2129705f3fb522db62ca31,SP,3.981428959846515,0.9101657505006823,221.49438356164384,73,3.9375,0.90625,64,64,0.6519167438491426,0.6786031642446351,0.8697927651264081,0.02187182095625636,0.3082666570160733,0.19297986821781107,0.0633721716390263,0.0037160438345622783,0.5683347407074729
7d76b645482be4a332374e8223836592,SP,4.01317646120965,0.8884591795205121,20.57781420765027,183,4.0,0.8837209302325582,170,172,0.6673896421845597,0.5852418085594665,0.9935841380332119,0.07782299084435401,0.31558320270877355,0.1664299446895073,0.07239147881864001,0.013222202481116942,0.5676268286980378
b18dc380845b24038cfc48006478f099,SP,4.19128624512357,0.8683321383342231,161.54083333333332,48,4.214285714285714,0.8372093023255813,42,43,0.754195672918157,0.4986741119481597,0.9067321391026941,0.009155645981688708,0.356630476238034,0.14181198891771987,0.06606353496339606,0.0015555532330725815,0.5660615533522225
05f51e13da97139648b8125c31e5f51b,MG,4.20636232943219,0.866444789699535,218.33849999999998,60,4.228070175438597,0.8421052631578947,57,57,0.7615433604459173,0.4905565042732301,0.8717372098284355,0.015259409969481181,0.36010491847678944,0.13950351919359835,0.06351384180270209,0.002592588721787636,0.5657148681948775
99eaacc9e6046db1c82b163c5f84869f,SP,4.030582403795237,0.8979204218546225,188.69074626865674,67,4.0,0.8888888888888888,63,63,0.6758728414441914,0.6259352193973827,0.8900041758124078,0.018819938962360123,0.31959458529902196,0.17800225892941457,0.06484475342909657,0.0031975260902047512,0.5656391237477378
6fc26fe110feebd80a433e1f012a84f9,SP,3.989945667450274,0.9002445499190392,57.65097222222222,72,3.911764705882353,0.8857142857142857,34,35,0.6560675634490263,0.6359314434476078,0.9707421337954787,0.021363173957273652,0.31022942188444896,0.1808449659805015,0.07072723479273964,0.0036296242105026905,0.5654312468681929
95f83f51203c626648c875dd41874c7f,MG,3.8158408045207977,0.9330910203297552,47.34861538461539,65,3.7,0.94,50,50,0.571213426016413,0.7772062219383549,0.9770897580914925,0.01780264496439471,0.27010512453032676,0.2210204169246361,0.07118971591757237,0.0030246868420855753,0.5653399442146207
d05ae8f7a5bd1d2a690a44cd079e4e27,RJ,3.941246539440577,0.9117953159714699,165.55,80,3.8947368421052633,0.9090909090909091,76,77,0.6323328875103243,0.6856120299779404,0.9042619583332603,0.0254323499491353,0.2990061954893365,0.19497303603198587,0.06588356023151008,0.0043209812029793935,0.5641837729558119
17306570e772e7718c92a562d33f5f1d,SP,3.921714993498094,0.9229229725483281,288.0,30,3.7777777777777777,0.9259259259259259,27,27,0.6228137250022319,0.7334727954836269,0.828816445495885,0.0,0.29450494524281506,0.20858358886572026,0.06038668076709001,0.0,0.5634752148756254
d673a59aac7a70d8b01e6902bf090a11,SP,3.9533729351279816,0.9039515956672515,46.535000000000004,84,3.911392405063291,0.8987341772151899,79,79,0.6382429742758966,0.6518756852606609,0.9775910535585786,0.027466937945066123,0.30180085095276404,0.185379158931607,0.07122623976975391,0.0046666596992177446,0.5630729093533428
1da366cade6d8276e7d8beea7af5d4bf,MG,4.025036859447699,0.8958076109567852,132.26229166666664,48,3.975609756097561,0.8809523809523809,41,42,0.6731700887795787,0.6168478840504645,0.9247716212682485,0.009155645981688708,0.31831655626153765,0.1754180199071115,0.06737787236180903,0.0015555532330725815,0.5626680017635307
7c67e1448b00f6e969d365cea6b010ab,SP,3.5091138829516897,0.8998147322773387,137.690073800738,1355,3.4974146845915204,0.8992805755395683,967,973,0.4217227804412222,0.6340827701696761,0.9214273843823804,0.6739572736520855,0.19941667849571681,0.18031924381421874,0.06713421483506242,0.11450600187895392,0.5613761390239519
e9d99831abad74458942f21e16f33f92,SP,3.9556270388259467,0.8968904970837267,33.036778523489936,149,3.9302325581395348,0.8923076923076922,129,130,0.6393415652156107,0.6215054468205713,0.9859077562265065,0.06052899287894201,0.30232033286454046,0.17674252868772095,0.07183218584113343,0.010283935263090956,0.5611789826564858
bf84056e679dbe9c69929847a40e338f,SP,3.895795749196495,0.9166379925419901,50.47578947368421,38,3.7714285714285714,0.9142857142857143,35,35,0.6101813660829509,0.706440692882901,0.9751630022492586,0.004069175991861648,0.2885315827068544,0.20089625129878574,0.07104933454532354,0.0006913569924767029,0.5611685255434404
f7ba60f8c3f99e7ee4042fdef03b70c4,SP,4.213886333505992,0.8521103178076287,297.2489082969432,229,4.220183486238532,0.8440366972477065,218,218,0.7652103624180594,0.4289030201701034,0.8231178858417507,0.10122075279755849,0.3618389043728246,0.12197061946031455,0.05997148979864761,0.017197505187857984,0.5609785188196448
213b25e6f54661939f11710a6fddb871,SP,3.8489773651326282,0.9152523457587719,79.50500000000001,190,3.814569536423841,0.9144736842105263,151,152,0.587363315346841,0.7004809370882054,0.9572771412821534,0.08138351983723296,0.27774179354066075,0.19920142735974483,0.06974618982331103,0.01382713984953406,0.5605165505732507
5343d0649eca2a983820bfe93fc4d17e,SP,3.925024996636945,0.905363724427723,89.26381818181818,110,3.869565217391304,0.9,69,70,0.6244269335968718,0.6579493417400778,0.9512644092085398,0.04069175991861648,0.29526777028946605,0.1871063737292315,0.06930810858802605,0.00691356992476703,0.5585958225314905
ea67327e24487bdfac5fbfa37ea124df,SP,3.7495434941482846,0.9468089231907136,183.82882352941178,34,3.53125,0.96875,32,32,0.5389018581997198,0.8362078030460536,0.8929997679270507,0.002034587995930824,0.2548262118658208,0.2377991735628847,0.06506300907028034,0.00034567849623835144,0.5580340729952242
157c3e4b42f81ac4a44e8b1ca2fe9876,SP,3.889687187985713,0.9166309703073754,82.20967741935483,31,3.6956521739130435,0.9130434782608696,23,23,0.6072042137864916,0.7064104898008866,0.9556106996736364,0.000508646998982706,0.2871238005099461,0.20088766220416604,0.0696247746680286,8.641962405958786e-05,0.5577226570062004
8f2ce03f928b567e3d56181ae20ae952,SP,4.145697468496513,0.8582763703110814,123.33255813953488,172,4.1466666666666665,0.847682119205298,150,151,0.7319769005518505,0.45542360794392406,0.93027352674359,0.07222787385554426,0.3461240630418922,0.12951249342040383,0.06777873531687668,0.012271586616461478,0.5556868783956341
d1c281d3ae149232351cd8c8cc885f0d,SP,3.832509455249627,0.9121454897710891,112.27451882845189,239,3.806603773584906,0.9112149532710281,212,214,0.5793372885895867,0.6871181499767067,0.9370867521155827,0.10630722278738555,0.27394659045541386,0.19540134355278216,0.06827513963868838,0.018061701428453862,0.5556847750753383
f7ccf836d21b2fb1de37564105216cc1,SP,3.911496173028403,0.9043675531059094,37.64931506849315,73,3.8507462686567164,0.8985507246376812,67,69,0.6178333402964604,0.6536647449152657,0.9830658192308437,0.02187182095625636,0.2921499105571936,0.18588792828985742,0.07162512534776376,0.0037160438345622783,0.553379008029377
6ec1a01e866584bb679eb9b098345919,SP,4.201642015051367,0.855623527590382,128.99709677419355,31,4.241379310344827,0.8,29,30,0.7592428031929142,0.44401356104843376,0.9267834163125654,0.000508646998982706,0.3590170723670698,0.12626772613626988,0.06752444959947146,8.641962405958786e-05,0.5528956677268708
dd533b429f380718b70ad9922c294bae,SP,3.990827626445864,0.890998731462483,52.20651162790698,43,3.923076923076923,0.8717948717948718,39,39,0.6564974070993559,0.5961645845406153,0.9740966468347682,0.006612410986775178,0.31043267861374285,0.16953614280422002,0.07097164102904617,0.0011234551127746423,0.5520639175597837
99002261c568a84cce14d43fcffb43ea,MT,3.860688420507671,0.9179825410493773,113.55555555555556,36,3.7222222222222223,0.9166666666666666,36,36,0.593070976152831,0.712223682354099,0.936297462831468,0.003051881993896236,0.28044072945946474,0.20254080676928524,0.06821763286467136,0.0005185177443575271,0.5517176868377788
e62b2d6ac10570a035a30bafcf01d263,SP,4.006197074122263,0.8853967902847887,75.21676056338029,71,3.9661016949152543,0.8709677419354839,59,62,0.6639880722275597,0.5720702758036021,0.959919268056063,0.020854526958290945,0.31397472952696903,0.16268424942991822,0.06993869235738756,0.0035432045864431023,0.5501408759007179
2c9e548be18521d1c43cde1c582c6de8,SP,4.131979819338673,0.852766116967076,35.16701754385965,171,4.131147540983607,0.8387096774193549,122,124,0.7252912786381006,0.4317236544673921,0.9845952451986748,0.07171922685656154,0.34296268647522127,0.12277274603982631,0.0717365576898441,0.012185166992401889,0.5496571571972936
f84a00e60c73a49e7e851c9bdca3a5bb,RJ,3.9384639123340968,0.8939905047812403,60.30144329896907,97,3.897727272727273,0.8863636363636364,88,88,0.6309767081426485,0.6090323937029684,0.9691090905153987,0.0340793489318413,0.298364909797671,0.17319546572996405,0.0706082530039866,0.005790114811992387,0.547958743343614
522620dcb18a6b31cd7bdf73665113a9,PR,3.9276854262428564,0.8985601896215222,318.48589887640446,178,3.905325443786982,0.8953488372093024,169,172,0.6257235571122141,0.6286869016458592,0.8100330704445277,0.0752797558494405,0.2958808942815313,0.17878477705733894,0.05901814412774256,0.012790104360819005,0.5464739198274318
23d7c96d4a1160db1c726b248601b25a,SP,3.9769268895062764,0.8936173361192289,204.96615384615384,52,3.9166666666666665,0.88,48,50,0.6497225530094723,0.6074273713244253,0.8799763565284423,0.011190233977619531,0.30722910754157023,0.1727390325398202,0.06411413722911445,0.001901231729310933,0.5459835090398157
903037660cf848a717166eb7a06d616e,SP,4.0076963662486165,0.8844988220723056,134.49457627118645,59,3.9545454545454546,0.8636363636363636,44,44,0.6647187878319409,0.568208056858187,0.9233962365660273,0.014750762970498474,0.3143202571709778,0.16158591900296804,0.06727766330177369,0.0025061690977280482,0.5456900085734475
adbc26658d6c7b4b6219f9d934598091,PR,4.127143157617115,0.8589027854829947,128.3304347826087,92,4.125,0.8409090909090909,88,88,0.7229340167470163,0.4581178598239198,0.9271941689123556,0.03153611393692777,0.3418480268967827,0.1302786796101277,0.06755437659507173,0.0053580166916944475,0.5450390997936765
1ce3ae5a399804d1a87e706f8a813c3e,SC,3.870296115645073,0.9078017809857787,58.25,44,3.75,0.9,40,40,0.5977535144224827,0.6684355795574253,0.9703730528816504,0.007121057985757884,0.2826549238828394,0.19008842995696051,0.07070034395165933,0.0012098747368342302,0.5446535725282935
a888faf2d1baececa6baf9c3d603ee1f,PR,4.105312319822736,0.8723407284184987,325.27407407407406,54,4.09433962264151,0.8490566037735849,53,53,0.7122942397798232,0.5159153153144579,0.8058506501993816,0.012207527975584944,0.33681688065300375,0.1467150093114551,0.058713417456897676,0.0020740709774301085,0.5443193783987865
49067458c68f7701fd334ce326accbe0,MG,3.756490705926121,0.9282538963967766,28.314864864864862,37,3.3529411764705883,0.9411764705882353,17,17,0.5422877467559101,0.756401441284026,0.9888170840954226,0.003560528992878942,0.2564272699090351,0.21510399324653268,0.07204415636153245,0.0006049373684171151,0.5441803568855174
db2956745b3a8e9f3785c99f34b5d25e,SP,3.9282091223399087,0.9002101062684703,179.58695652173913,46,3.8444444444444446,0.8888888888888888,45,45,0.6259787928353552,0.6357832990946928,0.8956133231069756,0.008138351983723296,0.29600158555670736,0.18080283697313893,0.06525342990854312,0.0013827139849534058,0.5434405664233428
59b22a78efb79a4797979612b885db36,MG,4.0033603852634805,0.8802312420202741,204.39473684210526,133,3.9838709677419355,0.872,124,125,0.662605544581711,0.5498529210093873,0.8803284255273353,0.05239064089521872,0.31332098473572195,0.15636612062321212,0.06413978860024695,0.00890122127813755,0.5427281152373186
3c7c4a49ec3c6550809089c6a2ca9370,SP,3.7418928325313003,0.920696469970069,25.33386075949367,158,3.6906474820143886,0.920863309352518,139,139,0.5351731266676145,0.7238964649184405,0.9906537797548758,0.06510681586978637,0.2530630364064426,0.2058602903197476,0.07217797604507811,0.011061711879627246,0.5421630146508956
50c9975695009e5e6473912e83a6d1da,MG,3.992196637424093,0.8804594413823869,58.300000000000004,68,3.938775510204082,0.86,49,50,0.657164627093897,0.5508344211197823,0.9703422462206306,0.019328585961342827,0.31074818159652723,0.15664523774488165,0.07069809941124919,0.0032839457142643386,0.5413754644669224
a6fe7de3d16f6149ffe280349a8535a0,SP,4.066823503095734,0.8673015466455447,55.78235294117647,51,4.040816326530612,0.84,49,50,0.6935358013926394,0.494241470915139,0.9718934522108017,0.010681586978636826,0.3279467279118475,0.14055144294994298,0.07081111862248891,0.0018148121052513452,0.5411241015895307
5b179e9e8cc7ab6fd113a46ca584da81,SP,3.83288577857675,0.9152486257510232,143.70833333333334,36,3.6666666666666665,0.9117647058823529,33,34,0.5795206986953212,0.7004649370959957,0.917719334755389,0.003051881993896236,0.27403331812530607,0.19919687731260272,0.06686405030067062,0.0005185177443575271,0.540612763482937
2bf6a2c1e71bbd29a4ad64e6d3c3629f,RJ,4.15577447307113,0.9091949561618106,1633.1903225806452,31,4.166666666666667,0.9,30,30,0.7368881679150716,0.6744277154530526,0.0,0.000508646998982706,0.3484464147625019,0.19179246208709144,0.0,8.641962405958786e-05,0.540325296473653
70a12e78e608ac31179aea7f8422044b,SP,3.8307230936201653,0.8932394010208916,92.766346749226,323,3.8129032258064517,0.891025641025641,310,312,0.5784666628490979,0.6058018481971653,0.9491063850027771,0.14903357070193285,0.2735349046242631,0.17227676938601838,0.06915087724988209,0.025320949849459245,0.5402835011096228
834f8533b2ecb6598dd004ff3de7203a,SP,4.008087706905326,0.8793271275382297,96.09666666666665,45,3.951219512195122,0.8536585365853658,41,41,0.6649095169896948,0.545964266563903,0.9470544642670986,0.0076297049847405905,0.3144104457424649,0.15526027251938035,0.06900137649721463,0.001296294360893818,0.5399683891199537
8b9d6eec4a7eb7d0f9d579ce0b38324d,RJ,4.082987495566883,0.8637151019602891,79.99134615384615,52,4.0625,0.8333333333333334,48,48,0.7014137067855643,0.4788159420183263,0.9569774872601574,0.011190233977619531,0.33167189003213166,0.13616476058454244,0.0697243573513986,0.001901231729310933,0.5394622396973836
ff1fb4c404b2efe68b03350a8dc24122,SP,4.038705854803347,0.8738182992369637,138.18367346938774,49,4.0,0.8478260869565217,46,46,0.6798319981080032,0.5222704422877029,0.9211232612289492,0.009664292980671414,0.3214667200476251,0.14852226814905486,0.06711205674700814,0.0016419728571321693,0.5387430178008203
82e0a475a88cc9595229d8029273f045,SP,3.838596181481597,0.9091778738068864,136.05088607594936,79,3.707317073170732,0.9024390243902439,41,41,0.5823037990908557,0.674354243147571,0.9224373423940864,0.024923702950152594,0.2753493405517374,0.19177156817356944,0.0672077992968241,0.004234561578919806,0.5385632696010507
18a349e75d307f4b4cc646a691ed4216,SP,3.6783902754556683,0.9327030929263808,58.009453125,128,3.6018518518518516,0.9357798165137614,108,109,0.5042236482053114,0.7755377212654686,0.9705212618024001,0.04984740590030519,0.23842820404175508,0.22054593189871768,0.0707111422952887,0.008469123157839611,0.5381544013936012
bb135baca94c82fcb731335ad5b04a03,SP,3.596588186317062,0.9526117623877589,27.626315789473683,38,3.0555555555555554,1.0,18,18,0.4643554584416869,0.8611661870650726,0.9892413220546434,0.004069175991861648,0.2195760519906353,0.24489679101104544,0.07207506588601399,0.0006913569924767029,0.5372392658801715
e2aee0892199b1d92530e371abd825bf,PR,3.971799531618782,0.8857244765332483,138.27615384615385,39,3.888888888888889,0.8611111111111112,36,36,0.64722361344207,0.5734796754007804,0.9210662809965889,0.004577822990844354,0.3060474539733862,0.16308505178814542,0.06710790522815221,0.0007777766165362908,0.5370181876062201
3771c85bac139d2344864ede5d9341e3,SP,3.9653903342594146,0.882979183558873,47.776666666666664,30,3.8461538461538463,0.8461538461538461,26,26,0.6440999389828171,0.561671994027486,0.976826021476588,0.0,0.30457038701315603,0.15972720597274512,0.0711705003495689,0.0,0.5354680933354701
e96498ed8daaa3e9c23f7a62da76591c,SP,4.009176436681043,0.8819152924176898,282.9144117647059,34,3.9411764705882355,0.8529411764705882,34,34,0.6654401352875485,0.5570961299108996,0.8319498453529,0.002034587995930824,0.314661354973397,0.15842593049875822,0.06061497693315848,0.00034567849623835144,0.5340479409015519
2089a6d640999f9b9141ac719b2af596,SP,3.991138554362953,0.8793271275382297,187.22,41,3.926829268292683,0.8536585365853658,41,41,0.6566489451998109,0.545964266563903,0.8909103514472992,0.005595116988809766,0.31050433522339216,0.15526027251938035,0.06491077641775767,0.0009506158646554665,0.5316260000251857
b1fc4f64df5a0e8b6913ab38803c57a9,RJ,3.8981884122554002,0.8865783274064767,66.07223140495867,121,3.857142857142857,0.8785046728971962,105,107,0.6113474872160092,0.5771521428370417,0.9655535162554378,0.04628687690742624,0.2890829970810906,0.16412942104432596,0.07034919766194223,0.007864185789422495,0.5314258015767813
d93919c944be9cff128f6c9cb899eacb,SP,4.048572053086554,0.8629647041535828,80.80909090909091,33,4.0,0.8181818181818181,33,33,0.684640524021491,0.47558843286447255,0.9564736475506472,0.001525940996948118,0.32374048924056525,0.13524692771254904,0.06968764812843214,0.00025925887217876357,0.5289343239537252
b14db04aa7881970e83ffa9426897925,SP,3.843840588251766,0.8934126687025135,53.294285714285714,105,3.7733333333333334,0.8846153846153846,75,78,0.5848597852094554,0.6065470836223008,0.9734264330838653,0.03814852492370295,0.2765579692663613,0.17248869800897723,0.07092280997116668,0.00648147180446909,0.5264509490509742
fffd5413c0700ac820c7069d66d98c89,SP,3.952394252802895,0.8784929824706192,147.1551724137931,58,3.892857142857143,0.8596491228070176,56,57,0.6377659902151503,0.5423765550630236,0.9155956226925618,0.014242115971515769,0.3015753033145978,0.15424000599378304,0.06670931890860415,0.0024197494736684605,0.5249443776906535
440dd6ab244315c632130ecfb63827b1,SP,3.9309832541964607,0.8796146798723197,142.27173913043478,92,3.89010989010989,0.8681318681318682,91,91,0.6273308318413386,0.5472010476181559,0.9186044681680219,0.03153611393692777,0.29664091342865156,0.15561198594696168,0.06692854017549806,0.0053580166916944475,0.5245394562428057
04308b1ee57b6625f47df1d56f00eedf,SC,3.977065224612857,0.8891094707208593,641.2152173913043,92,3.9456521739130435,0.8804347826086957,92,92,0.6497899739071316,0.5880387527709688,0.6111888161120387,0.03153611393692777,0.30726098832225357,0.16722533432779332,0.04453056418890351,0.0053580166916944475,0.5243749035306449
165fc07beebdcb6190fba8a06db2a449,PR,3.8893702162855033,0.8936173361192289,273.146875,64,3.8,0.88,50,50,0.6070497301048798,0.6074273713244253,0.8379679492350653,0.017293997965412006,0.2870507510468923,0.1727390325398202,0.06105344955267567,0.002938267218025988,0.5237815003574142
1a932caad4f9d804097d7f8e615baed1,SP,4.01255722914248,0.8677155988056825,155.36666666666667,30,3.9,0.8,20,20,0.667087844738778,0.49602233584447997,0.9105362482942833,0.0,0.3154404941641858,0.14105788190791704,0.06634069829504087,0.0,0.5228390743671437
f3da5b2ff499efb8d4a6d371d175d7dd,SP,3.941246539440577,0.8729603645151592,43.18158536585366,82,3.8947368421052633,0.8571428571428572,76,77,0.6323328875103243,0.5185804099564693,0.979657203716435,0.026449643947100712,0.2990061954893365,0.1474729038216816,0.07137677726291948,0.004493820451098569,0.5223496970250362
dc8798cbf453b7e0f98745e396cc5616,SP,3.6316448058002684,0.9330314351649409,40.30232558139535,43,3.3714285714285714,0.9428571428571428,35,35,0.48144113403683547,0.7769499423181943,0.9814312113197874,0.006612410986775178,0.22765521876809783,0.22094753661706995,0.07150602956166933,0.0011234551127746423,0.5212322400596118
2d50d6282f8aa2257819a77bfaa0efe0,SP,3.9079529117902374,0.8811017286038441,69.9646511627907,43,3.8095238095238093,0.8571428571428572,42,42,0.616106447830598,0.5535969397040988,0.9631552671349154,0.006612410986775178,0.2913333287275346,0.15743083748923897,0.070174463793149,0.0011234551127746423,0.5200620851226972
897060da8b9a21f655304d50fd935913,SP,3.7413077577034928,0.8845906592274587,52.64046004842615,413,3.7176079734219267,0.881578947368421,301,304,0.5348879765631785,0.5686030543598745,0.9738292767969483,0.1948118006103764,0.2529281997570213,0.1616982476360166,0.07095216073373078,0.03309871601482215,0.5186773241415908
23613d49c3ac2bd302259e55c06c050c,SP,3.9241531942722587,0.8727886057374884,53.07721518987342,79,3.8676470588235294,0.855072463768116,68,69,0.6240020400216869,0.517841664424122,0.9735601774451244,0.024923702950152594,0.29506685426261803,0.14726282078200473,0.07093255444244453,0.004234561578919806,0.517496791065987
7040e82f899a04d1b434b795a43b4617,SP,3.6896302442295275,0.9056193057481257,41.3170403587444,223,3.650485436893204,0.9038461538461539,206,208,0.50970171377469,0.6590486134114256,0.9808060118362368,0.09816887080366225,0.24101857309719074,0.18741898250185401,0.07146047819521892,0.016678987443500458,0.5165770212377642
710e3548e02bc1d2831dfc4f1b5b14d4,PR,3.516737666941988,0.9485026595226841,163.27919708029196,137,3.4307692307692306,0.9541984732824428,130,131,0.4254384125240053,0.8434926717740735,0.9056610754490625,0.05442522889114954,0.2011736597232557,0.239870830580108,0.06598549840984481,0.009246899774375901,0.5162768884875844
1835b56ce799e6a4dc4eddc053f04066,SP,3.679345311822718,0.8846837867834343,59.90076225045372,551,3.6594202898550723,0.882494004796163,414,417,0.5046891078471573,0.5690036019583629,0.9693559634201717,0.2650050864699898,0.23864830222012143,0.16181215459496406,0.07062623990008596,0.04502462413504528,0.5161113208502167
11bfa66332777660bd0640ee84d47006,SP,3.9625231351852577,0.8619109563241314,38.48892156862745,102,3.9210526315789473,0.8421052631578947,76,76,0.6427025414593275,0.47105619578300245,0.9825485097740514,0.03662258392675483,0.3039096108217895,0.13395805881125597,0.0715874347334005,0.006222212932290326,0.5156773172987362
75d34ebb1bd0bd7dde40dd507b8169c3,BA,3.9796956627655233,0.866444789699535,188.90044776119402,67,3.9298245614035086,0.8421052631578947,57,57,0.6510719803758697,0.4905565042732301,0.8898749717564891,0.018819938962360123,0.3078672004683897,0.13950351919359835,0.06483533975961527,0.0031975260902047512,0.5154035855118081
b17b679f4f5ce2e03ce6968c62648246,SP,4.021723157461974,0.8541436519087027,67.14078431372549,51,3.98,0.8200000000000001,50,50,0.6715550774641204,0.43764852071049604,0.9648951453105968,0.010681586978636826,0.3175528787767104,0.12445764815500444,0.07030122945826034,0.0018148121052513452,0.5141265684952265
3c03b12bab54d8b37d79d914bfdb1aa0,RJ,3.934762494581745,0.8716653578581174,98.51953488372094,43,3.8333333333333335,0.8378378378378378,36,37,0.6291727343456569,0.5130105031649638,0.9455616546699321,0.006612410986775178,0.29751187913541227,0.14588894439554675,0.06889261198478244,0.0011234551127746423,0.5134168906285161
855668e0971d4dfd7bef1b6a4133b41b,SP,3.8709464162656504,0.8647696857210472,99.19363344051447,311,3.85472972972973,0.86,296,300,0.5980704538651987,0.483351774494026,0.9451463201552712,0.14292980671414038,0.28280479250242074,0.13745465193716078,0.06886235115575971,0.024283914360744188,0.5134057099560855
8160255418d5aaa7dbdc9f4c64ebda44,SP,3.963140037328462,0.8396919151356191,109.35941037735849,424,3.9547872340425534,0.8342105263157895,376,380,0.6430032033613626,0.37549067282319676,0.9388828472733557,0.20040691759918616,0.30405178241088726,0.10678131841471235,0.06840600121305647,0.03404933187947762,0.5132884339181336
002100f778ceb8431b7a1020ff7ab48f,SP,4.007017275109033,0.8541436519087027,22.52962962962963,54,3.96,0.8200000000000001,50,50,0.664387816646427,0.43764852071049604,0.992381559711651,0.012207527975584944,0.3141637534733973,0.12445764815500444,0.07230386024688487,0.0020740709774301085,0.5129993328527167
d3f39f05462b79a4562d35893a28f159,SP,3.7936700923022397,0.8968630092383287,63.87567567567568,37,3.606060606060606,0.8787878787878788,33,33,0.560408003181472,0.6213872198323674,0.9669068872106982,0.003560528992878942,0.26499565064980435,0.17670890752323853,0.070447802823892,0.0006049373684171151,0.512757298365352
f46490624488d3ff7ce78613913a7711,SP,3.83139974191239,0.8859897881609566,65.4132183908046,87,3.7625,0.875,80,80,0.5787964434549688,0.574620797748687,0.9659595560661308,0.02899287894201424,0.2736908453419694,0.16340956197601722,0.0703787812887637,0.004925918571396508,0.5124051071781468
abe42c5d03695b4257b5c6cbf4e6784e,RJ,4.007229919809307,0.865532233934152,346.9387755102041,49,3.9583333333333335,0.8367346938775511,48,49,0.6644914540883556,0.486631543326045,0.7925023079346413,0.009664292980671414,0.3142127596817306,0.13838734631634547,0.0577408714999597,0.0016419728571321693,0.5119829503551679
c31eff8334d6b3047ed34bebd4d62c36,SP,3.9085925161125123,0.8692802571579548,107.36867768595042,121,3.8739495798319328,0.8583333333333334,119,120,0.616418174178453,0.5027520318930041,0.9401094038174587,0.04628687690742624,0.29148073227264026,0.14297165998178693,0.0684953668124893,0.007864185789422495,0.510811944856339
adcf50477d6a1f5d91bb9d54c4903cb5,MG,3.866975726688654,0.8789266082157474,31.67290322580645,31,3.5625,0.8125,16,16,0.5961352440531376,0.5442416072383368,0.9867480851058855,0.000508646998982706,0.28188970531526475,0.15477038595953505,0.07189341130553413,8.641962405958786e-05,0.5086399222043936
7ad32824caee82087b3e2e5f33b1bf32,SP,3.8918344117741617,0.8665602170234763,122.32277777777777,180,3.861111111111111,0.8571428571428572,144,147,0.6082507142654436,0.49105296460573117,0.930895685969771,0.0762970498474059,0.28761865082213095,0.13964470163215661,0.06782406517342317,0.01296294360893818,0.5080503612366489
3fd1e727ba94cfe122d165e176ce7967,SP,4.0090032963663065,0.8510642220501867,76.31666666666666,36,3.942857142857143,0.8,35,35,0.6653557512455718,0.42440369514172804,0.959241579366513,0.003051881993896236,0.3146214529663215,0.12069111002564889,0.06988931668346396,0.0005185177443575271,0.5057203974197919
cee48807215b30a12ca2ca10ffb5f250,SP,3.885564468551127,0.8756141160778675,180.30575000000002,40,3.769230769230769,0.8461538461538461,39,39,0.6051949086148135,0.5299943658398014,0.8951704505664158,0.00508646998982706,0.28617367644265934,0.1507187827362917,0.06522116268837315,0.0008641962405958787,0.5029778181079201
891071be6ba827b591264c90c2ae8a63,SP,3.9852152884214975,0.8460803382437964,41.815,90,3.9529411764705884,0.8235294117647058,85,85,0.6537621009509528,0.40296769084758893,0.9804992023588432,0.030518819938962362,0.30913925627072225,0.11459518017774721,0.07143812438447063,0.005185177443575272,0.5003577382765153
cd68562d3f44870c08922d380acae552,SP,4.032209889981398,0.83726295638555,140.46279069767442,129,4.016528925619835,0.819672131147541,121,122,0.676666035466383,0.36504356526222054,0.919719021391427,0.05035605289928789,0.31996965661279503,0.10381038997434967,0.06700974533264166,0.0085555427818992,0.4993453347016855
dd7ddc04e1b6c2c614352b383efe2d36,SP,3.9092548891841608,0.8565640649323905,64.4268309859155,142,3.875,0.8429752066115702,120,121,0.6167409974167453,0.44805887255353777,0.9665673021144623,0.056968463886063074,0.2916333831155805,0.1274181240746938,0.07042306101657013,0.009678997894673842,0.4991535661015183
a7f13822ceb966b076af67121f87b063,SP,3.549746385637936,0.9284335105561757,143.0677380952381,84,3.4027777777777777,0.9315068493150684,72,73,0.44152599506232315,0.7571739733176244,0.9181140267624064,0.027466937945066123,0.20878086621909775,0.215323684426729,0.06689280713863952,0.0046666596992177446,0.49566401748368405
e5a3438891c0bfdb9394643f95273d8e,SP,3.997756114624095,0.8260947005994272,30.56663967611336,247,3.986046511627907,0.8148148148148149,215,216,0.6598741702648626,0.3170081799503863,0.9874296908293636,0.11037639877924721,0.31202942160644415,0.09015017909456696,0.07194307237036504,0.018753058420930568,0.4928757314923067
dd55f1bb788714a40e7954c3be6df745,SP,3.876927824668193,0.8674576646731375,190.31783783783783,37,3.742857142857143,0.8285714285714285,35,35,0.600985635222514,0.4949129445770208,0.8890016706440106,0.003560528992878942,0.2841832709969432,0.14074239534393296,0.06477171197353623,0.0006049373684171151,0.4903023156828295
8444e55c1f13cd5c179851e5ca5ebd00,MG,3.495247042794675,0.9314823520767915,210.59764705882353,102,3.369565217391304,0.9347826086956522,92,92,0.41496444675288613,0.7702872364808367,0.8765066064796871,0.03662258392675483,0.19622091929370347,0.219052809091155,0.06386133494740971,0.006222212932290326,0.48535727626455843
431af27f296bc6519d890aa5a05fdb11,SP,3.845693042912889,0.8585557573595873,104.63387096774194,124,3.8,0.8448275862068966,115,116,0.5857626229576823,0.4566252695805419,0.9417944090879066,0.04781281790437437,0.2769848869319984,0.1298542196552572,0.06861813449634785,0.00812344466160126,0.48358068574520474
850913d59ce317156b00f3705f1c3edb,SP,3.7973866959024307,0.8711803190011163,72.76666666666667,30,3.586206896551724,0.8275862068965517,29,29,0.5622193781618532,0.5109243198939635,0.9614288522989154,0.0,0.26585218105046216,0.14529567959230352,0.07004867905258352,0.0,0.48119653969534915
2a261b5b644fa05f4f2700eb93544f2c,SP,3.9199590537306412,0.8430508772085896,65.3048780487805,82,3.843137254901961,0.803921568627451,51,51,0.6219579260782743,0.38993778439664945,0.9660263081499608,0.026449643947100712,0.29410027044982123,0.11088976033551637,0.07038364477427811,0.004493820451098569,0.47986749601071427
d71d863e5ef30d94e440c11be17dcd8f,SP,3.70454294121575,0.8962228070420692,308.22999999999996,30,3.3333333333333335,0.8695652173913043,21,23,0.5169697706127829,0.6186336690753175,0.8163520704472929,0.0,0.24445536100856272,0.1759258580324245,0.059478539717149476,0.0,0.4798597587581367
0bf0150d5b9d60d9cd2906003332f085,SP,3.9013781197752544,0.8448448853086369,93.13870967741936,62,3.789473684210526,0.7948717948717949,38,39,0.6129020668854419,0.39765392843817476,0.9488769598326736,0.01627670396744659,0.28981809873675857,0.11308406260043537,0.06913416157709076,0.0027654279699068115,0.47480175088419146
66e0557ecc2b4dbea057e93f215f68d8,SP,4.072441139737797,0.8199092418760963,404.7,30,4.033333333333333,0.7333333333333334,30,30,0.6962736899481425,0.29040412477868804,0.7569136986757812,0.0,0.3292413713770609,0.08258456883572222,0.05514792344983542,0.0,0.46697386366261856
d20b021d3efdf267a402c402a48ea64b,SP,3.820166744732177,0.8474546209380482,38.45392156862745,102,3.7529411764705882,0.8255813953488372,85,86,0.5733217756572289,0.4088785689658893,0.9825700744367651,0.03662258392675483,0.27110208296363514,0.11627610437678312,0.07158900591168758,0.006222212932290326,0.4651894061843962
71039d19d4303bf9054d69e9a9236699,SP,3.914663673724797,0.8346707794272359,93.08421052631579,38,3.8,0.7714285714285715,35,35,0.6193770969433876,0.3538944457064348,0.9489105385701518,0.004069175991861648,0.29287989441676554,0.10063982470736468,0.06913660808803015,0.0006913569924767029,0.463347684204637
6973a06f484aacf400ece213dbf3d946,SP,3.7875205161076813,0.8514340656092295,96.46962962962962,108,3.715909090909091,0.8314606741573034,88,89,0.5574108612591538,0.4259944160388797,0.9468246693956401,0.03967446592065107,0.2635784161183815,0.12114347618790419,0.06898463388837756,0.0067407306766478535,0.46044725687131116
070d165398b553f3b4b851c216b8a358,SP,3.65577447307113,0.8757003078080946,87.715,38,3.3666666666666667,0.8387096774193549,30,31,0.49320130011349633,0.5303650820063577,0.9522186875427099,0.004069175991861648,0.23321615444985566,0.15082420628975815,0.06937763628796689,0.0006913569924767029,0.45410935402005737
99a54764c341d5dc80b4a8fac4eba3fb,SP,3.8111012247117086,0.8416416792151628,54.22363636363636,66,3.6744186046511627,0.7954545454545454,43,44,0.568903479299668,0.38387673333449224,0.9728538292754046,0.018311291963377416,0.2690128384999789,0.10916613024231088,0.07088109066941363,0.003111106466145163,0.45217116587784856
06a2c3af7b3aee5d69171b0e14f0ee87,MA,4.018553783393087,0.7781082350483407,89.79597014925372,402,4.012987012987013,0.768637532133676,385,389,0.6700104077846433,0.11061531013774686,0.9509365327031042,0.18921668362156663,0.31682246317873847,0.03145657005153502,0.06928421985612121,0.032148100150166684,0.44971135323656136
8e6d7754bc7e0f22c96d255ebda59eba,SP,3.700756614778571,0.8537719776823763,109.35953488372094,129,3.607142857142857,0.8333333333333334,84,84,0.5151244145528822,0.43604992599580056,0.9388827705608497,0.05035605289928789,0.2435827622465932,0.12400304285159561,0.06840599562386523,0.0085555427818992,0.44454734350395325
ea566164622c6b439516ab18062c42cd,SP,3.874664333932562,0.8278278624350183,198.2580769230769,52,3.78,0.78,50,50,0.5998824692871865,0.32446262030120887,0.8841094255657155,0.011190233977619531,0.28366162574357917,0.09227005856512698,0.06441526822367723,0.001901231729310933,0.4422481842616943
b2479f944e1b90cf8a5de1bbfde284d6,SP,3.5718404636221543,0.8733458074414283,36.174651162790695,129,3.47,0.8613861386138614,100,101,0.45229406838419894,0.5202382247337831,0.9839744086520645,0.05035605289928789,0.21387267893407652,0.14794435001308226,0.0716913242023181,0.0085555427818992,0.44206389593137607
0725b8c0f3f906e58f70cbe76b7c748c,SP,3.955211020806301,0.807498036787176,60.04222222222222,36,3.75,0.625,16,16,0.6391388089592978,0.23702273469884536,0.969268805232209,0.003051881993896236,0.3022244571351434,0.06740407135843972,0.07061988964762494,0.0005185177443575271,0.4407669358855656
6fd52c528dcb38be2eea044946b811f8,SP,3.5532996988977885,0.8808055650006602,92.17880952380952,84,3.393939393939394,0.8656716417910448,66,67,0.4432577866195456,0.5523231210284956,0.949468386205575,0.027466937945066123,0.2095997646429081,0.1570685913738308,0.0691772522707802,0.0046666596992177446,0.44051226798673687
beadbee30901a7f61d031b6b686095ad,SP,3.957038715944076,0.7990546393895711,64.32323529411764,68,3.90625,0.75,64,64,0.6400295795661388,0.20070714029431452,0.9666311308616687,0.019328585961342827,0.3026456687081393,0.05707671217166262,0.07042771151090126,0.0032839457142643386,0.4334340381049675
0b35c634521043bf4b47e21547b99ab5,PR,3.604136935931556,0.8673015466455447,171.89155844155843,77,3.4081632653061225,0.84,49,50,0.46803452074043567,0.494241470915139,0.9003547135083394,0.023906408952187184,0.22131574075686153,0.14055144294994298,0.0655988825478039,0.00406172233080063,0.431527788585409
6039e27294dc75811c0d8a39069f52c0,SP,3.820705860585361,0.819268736461364,182.44324324324324,74,3.7301587301587302,0.7777777777777778,63,63,0.573584526564518,0.2876492698595152,0.8938534699708837,0.022380467955239063,0.2712263278838372,0.08180114846978136,0.06512520888915617,0.003802463458621866,0.4219551487013966
5058e8c1e82653974541e83690655b4a,SP,3.449078160853345,0.8853967902847887,127.43935064935064,77,3.2459016393442623,0.8709677419354839,61,62,0.3924629462925193,0.5720702758036021,0.9277431954490228,0.023906408952187184,0.18558081472481694,0.16268424942991822,0.06759437808199027,0.00406172233080063,0.41992116456752604
c60b801f2d52c7f7f91de00870882a75,SP,3.6574942931125305,0.8448448853086369,289.65384615384613,39,3.4358974358974357,0.7948717948717949,39,39,0.49403949523163887,0.39765392843817476,0.8277974559390777,0.004577822990844354,0.23361250507197864,0.11308406260043537,0.06031243827660093,0.0007777766165362908,0.40778678256555123
ef990a83bbea832f36ebe81376335aa8,SC,3.778314339465807,0.8103611238414694,105.5134090909091,44,3.627906976744186,0.7441860465116279,43,43,0.552924012558581,0.24933705597407935,0.9412524964316193,0.007121057985757884,0.2614567558565267,0.07090599445885978,0.06857865131915379,0.0012098747368342302,0.40215127637137454
602044f2c16190c2c6e45eb35c2e21cb,SP,3.484264226267911,0.8502015884467756,64.71218181818182,55,3.234042553191489,0.8125,47,48,0.4096117104347932,0.4206934526189631,0.9663914879872356,0.01271617497456765,0.19368981367901342,0.11963599836271363,0.07041025138708838,0.0021604906014896967,0.38589655403030515
972d0f9cf61b499a4812cf0bfa3ad3c4,SC,3.2317234505918995,0.8964010985519757,91.98162790697674,86,3.0253164556962027,0.8888888888888888,79,81,0.2865299692014581,0.6194005123085129,0.9495898763501569,0.028484231943031537,0.13548913503760457,0.17614393144245713,0.06918610391292254,0.004839498947336921,0.3856586693403212
cac4c8e7b1ca6252d8f20b2fc1a2e4af,SP,3.6755733484331237,0.809149175450614,50.34378048780487,82,3.5616438356164384,0.7702702702702703,73,74,0.5028507519594124,0.24412438811907444,0.9752443373708495,0.026449643947100712,0.23777901357357603,0.06942362595731913,0.07105526053538969,0.004493820451098569,0.38275172051738343
bbad7e518d7af88a0897397ffdca1979,SP,3.3820844083225206,0.8607969951602277,52.69428571428571,84,3.1791044776119404,0.8382352941176471,67,68,0.3598119508594984,0.46626497728342053,0.9737961130161024,0.027466937945066123,0.17014139963792113,0.13259554127026976,0.0709497444560883,0.0046666596992177446,0.378353345063497
88460e8ebdecbfecb5f9601833981930,PR,3.4809018049711566,0.8158636674450787,104.40133333333334,300,3.4326530612244897,0.8048780487804879,245,246,0.4079729546067224,0.2730038493620825,0.9419376832494578,0.1373346897253306,0.19291490831640182,0.07763631183696817,0.06862857329869398,0.02333329849608872,0.3625130919481527
712e6ed8aa4aa1fa65dab41fed5737e4,SC,3.536991220291641,0.8147079373306932,463.3529411764706,85,3.3947368421052633,0.7792207792207793,76,77,0.43530946247926344,0.26803297992426256,0.7207756731430803,0.02797558494404883,0.2058413041727289,0.0762227055062252,0.0525149455169585,0.004753079323277332,0.3393320345191899
ede0c03645598cdfc63ca8237acbe73d,SP,3.7412862451235704,0.752390109348716,50.045744680851065,47,3.5714285714285716,0.6511627906976745,42,43,0.5348774918967394,0.0,0.9754279671323809,0.008646998982706003,0.25292324195665244,0.0,0.07106863960363718,0.001469133609012994,0.32546101516930265
ad781527c93d00d89a11eecd9dcad7c1,SP,3.5978066912038256,0.7799205866415843,158.93763157894736,38,3.3421052631578947,0.6842105263157895,38,38,0.4649493257201996,0.11841035072144697,0.908336058182962,0.004069175991861648,0.21985686926122328,0.033673308764018604,0.06618039479406512,0.0006913569924767029,0.32040192981178367
835f0f7810c76831d6c7d24c7a646d4d,SP,3.5912862451235705,0.7781605521332557,103.96250000000002,48,3.357142857142857,0.6904761904761905,42,42,0.4617714315562668,0.11084032927953699,0.9422080630443411,0.009155645981688708,0.21835416386285858,0.03152056056413082,0.0686482728816936,0.0015555532330725815,0.3200785505417556
2a1348e9addc1af5aaa619b1a3679d6b,MG,3.438110380114065,0.7961475343927216,52.89019607843137,51,3.1702127659574466,0.7291666666666667,47,48,0.3871175380223402,0.18820349502151,0.9736754061325326,0.010681586978636826,0.18305317426553844,0.0535209494753982,0.07094094988150652,0.0018148121052513452,0.30932988572769454
2eb70248d66e0e3ef83659f71b244378,SP,2.913253340135714,0.8681451527937155,197.92243654822335,197,2.7934782608695654,0.8609625668449198,184,187,0.13131600179047898,0.4978698751310568,0.8843162247507687,0.0849440488301119,0.06209434757827764,0.1415832815919101,0.06443033539136986,0.014432077217951174,0.2825400417795088
54965bbe3e4f07ae045b90b0b8541f52,PR,3.350312352958784,0.756716338839004,127.79876543209878,81,3.1449275362318843,0.6986301369863014,69,73,0.34432708554908403,0.018607390848947507,0.9275217480614706,0.025940996948118005,0.1628191952174588,0.005291534173590589,0.06757824366191272,0.004407400827038981,0.24009637388000107
a49928bcdf77c55c6d6e05e09a9b4ca5,SP,3.2059401290124057,0.777991127418536,83.14326923076925,104,3.03125,0.7395833333333333,96,96,0.2739638554470029,0.11011162270182584,0.9550354827443353,0.03763987792472025,0.1295470973229451,0.031313332383147194,0.0695828649770828,0.0063950521804095025,0.23683834686358457
1ca7077d890b907f89be8c954a02686a,SP,2.6438173976593133,0.8053352055601597,98.22551181102362,127,2.392523364485981,0.7777777777777778,107,108,0.0,0.22772025870404508,0.9457428120525836,0.049338758901322485,0.0,0.06475865105071957,0.06890581091814607,0.008382703533780024,0.14204716550264565
