seller_id,ahp_score,order_volume,quadrant,confidence
48efc9d94a9834137efd9ea76b065a38,0.8106060548114238,34,Star,normal
cc419e0650a3c5ba77189a1882b7556a,0.7997579288444234,1719,Star,normal
83e197e95a1bbabc8c75e883ed016c47,0.7832849477972404,54,Star,normal
289cdb325fb7e7f891c38608bf9e0962,0.781836447853548,125,Star,normal
12b9676b00f60f3b700e83af21824c0e,0.780588935182546,133,Star,normal
6560211a19b47992c3666cc44a7e94c0,0.7800508436657745,1996,Star,normal
c3cfdc648177fdbbbb35635a37472c53,0.7798327700396404,307,Star,normal
7a67c85e85bb2ce8582c35f2203ad736,0.7797976359510579,1155,Star,normal
ac3508719a1d8f5b7614b798f70af136,0.7779859339419705,101,Star,normal
b410bdd36d5db7a65dcd42b7ead933b8,0.776170714397937,42,Star,normal
da8622b14eb17ae2831f4ac5b9dab84a,0.7742472208986608,1548,Star,normal
d566c37fa119d5e66c4e9052e83ee4ea,0.7724069104255867,73,Star,normal
955fee9216a65b617aa5c0531780ce60,0.7711629379448472,1472,Star,normal
0ea22c1cfbdc755f86b9b54b39c16043,0.7705998092093876,265,Star,normal
5a93f3ab0ef4c84ed5e1b5dbf23978bc,0.7696970165928733,43,Star,normal
744dac408745240a2c2528fb1b6028f3,0.768302068302439,83,Star,normal
41c2bad7229b0c25e6becf179ebf63ff,0.7681850265793,23,Star,normal
080199a181c46c657dc5aa235411be3b,0.7677692812194811,83,Star,normal
1f50f920176fa81dab994f9023523100,0.7670816800955267,1926,Star,normal
725c32fa80c2faacc4fc88450d27314e,0.7669651604134561,93,Star,normal
d921b68bf747894be13a97ae52b0f386,0.7654276265492909,77,Star,normal
6cd68b3ed6d59aaa9fece558ad360c0a,0.7633756067491806,157,Star,normal
7ade73f1b9b4e965f9009a4c3a7e2c15,0.7608508830230831,27,Star,normal
b1fecf4da1fa2689bccffa0121953643,0.760485145114223,20,Star,normal
dbc22125167c298ef99da25668e1011f,0.7604710001019495,417,Star,normal
3d871de0142ce09b7081e2b9d1733cb1,0.7596872869278891,1131,Star,normal
376a891762bbdecbc02b4b6adec3fdda,0.759211755885655,58,Star,normal
718539d38d07dd351c76db862760e2e2,0.7582768927763576,43,Star,normal
02f5837340d7eb4f653d676c7256523a,0.7575323041151512,30,Star,normal
fc906263ca5083d09dce42fe02247800,0.7575065018104451,117,Star,normal
6c7d50c24b3ccd2fd83b44d8bb34e073,0.7567350686007999,126,Star,normal
7299e27ed73d2ad986de7f7c77d919fa,0.7554785626189147,358,Star,normal
6338ea67c41078a46ad99cc009654956,0.7546470215888528,44,Star,normal
671585f5a2af58b6e276bc01003c0d2b,0.7544680747848386,27,Star,normal
5cf13accae3222c70a9cac40818ae839,0.754010405200018,155,Star,normal
6df688df543f90e9b38f4319e75a9d88,0.7539980910263068,55,Star,normal
080102cd0a76b09e0dcf55fcacc60e05,0.7516750610023868,128,Star,normal
42fa4ee7240e9b8eb4576358ec142ba7,0.7515603028034412,22,Star,normal
e882b2a25a10b9c057cc49695f222c19,0.7512419863498134,58,Star,normal
fa40cc5b934574b62717c68f3d678b6d,0.7508529303373274,337,Star,normal
516e7738bd8f735ac19a010ee5450d8d,0.7489669134734216,82,Star,normal
33a17d60c64393351ebf1ef860f4e0f2,0.7486164198607248,47,Star,normal
9d4db00d65d7760644ac0c14edb5fd86,0.7484540702647058,99,Star,normal
f8db351d8c4c4c22c6835c19a46f01b0,0.7480391908484784,714,Star,normal
0432ead42b6c8a0bdf68154add917fdf,0.7473052432776243,87,Star,normal
a5cba26a62b8b4d0145b68b841e62e7f,0.7471201232180519,54,Star,normal
a1043bafd471dff536d0c462352beb48,0.7469477675871719,752,Star,normal
9616352088dcf83a7c06637f4ebf1c80,0.7464067004915453,97,Star,normal
612170e34b97004b3ba37eae81836b4c,0.7463113109156587,110,Star,normal
960945e1a9535cbc0cd6ddd35fbe7ae8,0.7463095743370525,29,Star,normal
33a6f4b1e7cdc205511e76ba1b6e0186,0.7461183091995905,126,Star,normal
b372ee768ed69e46ca8cdbd267aa7a38,0.7458621712688926,69,Star,normal
9f505651f4a6abe901a56cdc21508025,0.7458297615650908,426,Star,normal
57e632711dec9ec14ca7546769483e7e,0.7454791625023074,65,Star,normal
79ed755314cfe6df0daef2c6cd3022cd,0.7445904668628519,25,Star,normal
8c16d1f32a54d92897cc437244442e1b,0.7445368624669889,118,Star,normal
b1ac6ea7895bc3dd6f0f6f4abbdd2821,0.7444787147593113,38,Star,normal
013900e863eace745d3ec7614cab5b1a,0.7443698374604142,26,Star,normal
37be5a7c751166fbc5f8ccba4119e043,0.7441026109733557,278,Star,normal
e49c26c3edfa46d227d5121a6b6e4d37,0.7439250746714792,35,Star,normal
5bffbafbb22daf6d3bfc216a46db8708,0.7434416544925385,23,Star,normal
31561f325664a8a7aba4c8d0c3a9b3db,0.7422285633431361,38,Star,normal
9d5a9018aee56acb367ba9c3f05d1d6a,0.7421963398927499,78,Star,normal
d4f117125b59ce73c3302f88ee40c458,0.7421881588108566,17,Hidden Gem,normal
acce39e832338debb07b02385cde5967,0.7420567559072795,44,Star,normal
30a81d8cf85fb2ada1b1b094c9583a95,0.7420495455212764,20,Star,normal
cab85505710c7cb9b720bceb52b01cee,0.7416456513852967,204,Star,normal
3785b653b1b82de85ab47dd139938091,0.7415930353700227,24,Star,normal
c864036feaab8c1659f65ea4faebe1da,0.7413486547001692,58,Star,normal
3504c0cb71d7fa48d967e0e4c94d59d9,0.7402407374987853,53,Star,normal
18e694e0e48ed6f7aa3f24aade5fd697,0.7400682753013955,34,Star,normal
0bae85eb84b9fb3bd773911e89288d54,0.7400156019694403,145,Star,normal
87142160b41353c4e5fca2360caf6f92,0.7399130997360446,339,Star,normal
d98eec89afa3380e14463da2aabaea72,0.7394852906770772,183,Star,normal
0df3984f9dfb3d49ac6366acbd3bbb85,0.7394839277133491,88,Star,normal
259f7b5e6e482c230e5bfaa670b6bb8f,0.7390132130581231,162,Star,normal
a3a38f4affed601eb87a97788c949667,0.7389808394193131,260,Star,normal
709e16e2b25c7474d980076c6bfc4806,0.7386085489315745,80,Star,normal
42ef3192a9ff87a22d1867b74b3ee205,0.7385762439609187,23,Star,normal
85d9eb9ddc5d00ca9336a2219c97bb13,0.7383227523567498,512,Star,normal
d12c926d74ceff0a90a21184466ce161,0.7376492225914865,97,Star,normal
116ccb1a1604bc88e4d234a8c23f33de,0.7366391488274743,73,Star,normal
594f9aaa48e5bf431f011ddc5669b0d5,0.7365681789273479,38,Star,normal
77e4abfd739aed9c46480f90f81c0eb4,0.736519813684001,18,Star,normal
2a5b78b41cd05baeac8df54c6606b92c,0.7364428484610294,56,Star,normal
8bb48dc19fccaa8613b6229bf7f452a2,0.7360378199460456,95,Star,normal
8ae520247981aa06bc94abddf5f46d34,0.7360271148006622,65,Star,normal
2a84855fd20af891be03bc5924d2b453,0.7358122965421474,159,Star,normal
9d681c7e12db302cb261e721040dde65,0.7354207540436594,14,Hidden Gem,low
c68fb906c8f4b4b946d8386bfa6e5467,0.735325343959881,48,Star,normal
bccf933e006e9b94a6184af782963e77,0.7352548976953927,46,Star,normal
9de4643a8dbde634fe55621059d92273,0.7349548646950099,81,Star,normal
bf3c6d2a28b2b5501e6c15448982dcc9,0.7346155116204365,43,Star,normal
530ec6109d11eaaf87999465c6afee01,0.7345925049997162,101,Star,normal
2d518637f53161b973e01f56ea4bb88e,0.7344162357891707,13,Hidden Gem,low
9646c3513289980f17226a2fc4720dbd,0.7335377655581308,76,Star,normal
2ff97219cb8622eaf3cd89b7d9c09824,0.7334348631742721,94,Star,normal
4da0e408c99d2fdc2126dc9fce518060,0.7330227761401676,54,Star,normal
7f7b8245c336066a1f9933c359f11d77,0.7327748387159893,43,Star,normal
60562ab00b8054280520d390c8c0045c,0.732508021565483,17,Hidden Gem,normal
325f3178fb58e2a9778334621eecdbf9,0.7317548845765746,46,Star,normal
1bb2bdb95f4841f1bba2c0d2cd83d3c9,0.7316414914782547,83,Star,normal
de722cd6dad950a92b7d4f82673f8833,0.7315349885306349,377,Star,normal
a3dd39f583bc80bd8c5901c95878921e,0.7299274252999581,37,Star,normal
2addf05f476d0637864454e93ba673d5,0.729434939776196,12,Hidden Gem,low
5b925e1d006e9476d738aa200751b73b,0.7293312311937056,63,Star,normal
d9a84e1403de8da0c3aa531d6d108ba6,0.7291637035245156,58,Star,normal
febab0275244b9a49a623f0bd613ca2f,0.7290738249572625,126,Star,normal
0ebd97a106433a45a4aebe57c1799778,0.7289017633115308,32,Star,normal
0bb738e4d789e63e2267697c42d35a2d,0.7273889720823824,29,Star,normal
e9779976487b77c6d4ac45f75ec7afe9,0.7273593863118915,738,Star,normal
f67efa3f0b6761102a7f8c6b7b571f5d,0.7272708285293354,32,Star,normal
c003204e1ab016dfa150abc119207b24,0.7270824724066808,200,Star,normal
2dee2ce60de9709b1a24083217181a1f,0.7269317343514193,55,Star,normal
02ecc2a19303f05e59ce133fd923fff7,0.7260056837734633,24,Star,normal
dbd66278cbfe1aa1000f90a217ca4695,0.7257057696592368,99,Star,normal
d1b65fc7debc3361ea86b5f14c68d2e2,0.7253381808374029,40,Star,normal
334cab711dee080b079fa5779b584783,0.7252017094937921,26,Star,normal
33cbbec1e7e1044aaf11d152172c776f,0.7251700724566242,16,Hidden Gem,normal
1771297ac436903d1dd6b0e9279aa505,0.7248577271125713,36,Star,normal
638cba8be1fb599bbb76fd6948351eb3,0.7247477767934609,22,Star,normal
cce6ab8d1682639fe45ab70234f1665f,0.7247477320882219,64,Star,normal
d9bd94811c3338dceb4181f3dbc0c73e,0.7243149998168324,61,Star,normal
aafe36600ce604f205b86b5084d3d767,0.7242450312718921,131,Star,normal
e627629ba868740e287800f1a9be81c2,0.7241774626212703,11,Hidden Gem,low
d57e18d5f73c7ccb7f7339b61166898d,0.7222485445820761,63,Star,normal
788e857f317e53de488d393e65a80f45,0.7222438777211695,11,Hidden Gem,low
52562a9f449c3dc3d53f5f5b9ed74903,0.7219881187070545,14,Hidden Gem,low
66922902710d126a0e7d26b0e3805106,0.7218241677740609,155,Star,normal
c66dccfb3f109511246da627dd5a2498,0.7217984289235277,44,Star,normal
e7f3bf1ecd8526eb7f3b18059e6716e5,0.7217715854660403,18,Star,normal
2b3e4a2a3ea8e01938cabda2a3e5cc79,0.7216351480727969,54,Star,normal
5f3ae9136c875522250f8184f253413a,0.7212740756584991,45,Star,normal
bd4889b5e9133b35b66e42a8665cea5c,0.7210861371158992,42,Star,normal
7b07b3c7487f0ea825fc6df75abd658b,0.7209690004484886,96,Star,normal
95ec4458365c4d11f452ccf538377619,0.7207732828227253,31,Star,normal
72bc2cce903c872fe376a8faaa81d237,0.7207330893349082,18,Star,normal
cc3d14116804f7209f3884f6367f1152,0.7206768119998256,30,Star,normal
b4ffb71f0cb1b1c3d63fad021ecf93e1,0.7199911421670966,164,Star,normal
6edacfd9f9074789dad6d62ba7950b9c,0.7199544281072126,216,Star,normal
b2a6d334e2833acea353624840e25a0e,0.7198827793428139,26,Star,normal
1e8b33f18b4f7598d87f5cbee2282cc2,0.7198398464453636,139,Star,normal
916c9de0b5ad957346eeeb12f332687e,0.7197454092534089,27,Star,normal
82cb9f452fe8334df74b22d37824b431,0.7196782814112781,18,Star,normal
0eaa7e33d73809f1f925f7d07c506cbd,0.7194157205011503,15,Hidden Gem,normal
cb8bcce248bb1fb274ba762d8b971456,0.7191418943838795,67,Star,normal
7e93a43ef30c4f03f38b393420bc753a,0.7189877130405953,322,Star,normal
25e6ffe976bd75618accfe16cefcbd0d,0.7188371170506921,115,Star,normal
41da412d33e8da4f22baf55cb1bde82c,0.7187246031763386,21,Star,normal
bf00385a5f7fc1ef39a13c2e9ee50a5f,0.7182611782559603,28,Star,normal
e48b04bf1aa1ef711caebeb7aede6180,0.7182383661212403,25,Star,normal
b2eecf5ea250510da76590ca79d60e5d,0.7178903764692695,11,Hidden Gem,low
eeb6de78f79159600292e314a77cbd18,0.7178749266895985,83,Star,normal
6061155addc1e54b4cfb51c1c2a32ad8,0.7178501177776958,33,Star,normal
2f4b0d3b9634b647d4edee577d7ebb7e,0.7177872442525464,11,Hidden Gem,low
21e83881401b92b49fb09a16d3852291,0.7175717970961596,13,Hidden Gem,low
26785a546900236d66f2e4197c211158,0.7175582074198381,15,Hidden Gem,normal
9baf5cb77970f539089d09a38bcec5c3,0.7172543551212692,32,Star,normal
d8c7ba53e7e38711eaef8c2849d6d2e1,0.7170542338380993,22,Star,normal
679769a98cfcc6da877c8486ff1c13f3,0.7170292101887925,21,Star,normal
51e4e89242cbb846c2deff3dc015650e,0.7167978015980252,16,Hidden Gem,normal
562fc2f2c2863ab7e79a9e4388a58a14,0.7164256922157206,265,Star,normal
f3b80352b986ab4d1057a4b724be19d0,0.7163017058296727,91,Star,normal
8a2d12a90e92f012ce5226fc6592b653,0.7160952913044638,18,Star,normal
fde0cc9ea29c8ccfc0a2c22256a58c71,0.7160511517031348,35,Star,normal
b080809eaacb49e5ca07290981472431,0.7160380535267118,11,Hidden Gem,low
0241d4d5d36f10f80c644447315af0bd,0.7159028193177329,246,Star,normal
b6d44737c043328708f6749c2dbe50bd,0.7157698500656473,79,Star,normal
91f848e9f4be368f4318775aac733370,0.7156951307543906,70,Star,normal
d66c305afaec317ebee552073a674429,0.7153002677788026,44,Star,normal
06bb3a2fe5e7b7a845b13e8fb91bd944,0.7149783279874592,18,Star,normal
46dc3b2cc0980fb8ec44634e21d2718e,0.7148860217011384,523,Star,normal
da6a60cc8cc724fe51be021ff8be779c,0.7143512120526533,13,Hidden Gem,low
e26901d5ab434ce92fd9b5c256820a4e,0.7140739424922563,215,Star,normal
bc2ac6b95e1accce9858528ee566c17e,0.7140481817961861,22,Star,normal
4d6d651bd7684af3fffabd5f08d12e5a,0.7138729437117296,389,Star,normal
f41ce2e25237f9092cd8e6e7516c7a2f,0.713596979716831,27,Star,normal
3c010235b7345c92f125d14ee232a76b,0.7134016238122346,15,Hidden Gem,normal
b494891378bd8f4560abe576c52deacd,0.7127138765587083,21,Star,normal
404e1ba01358af4cd63f679b2c4d1fa1,0.7125668221370226,12,Hidden Gem,low
128639473a139ac0f3e5f5ade55873a5,0.7124098669748978,554,Star,normal
0509040ea3fe50071181bbc359eb7738,0.7119375018997993,96,Star,normal
9b00ed88b7fdb95d6ff76e27c1b52d16,0.7117863563581891,50,Star,normal
7ff588a03c2aeae4fbd23f9ae64b760d,0.711640010692469,16,Hidden Gem,normal
f44b6f775a2b390380e0e30b5c9d3eee,0.7113110450584109,10,Hidden Gem,low
3ca08eeb8d5595949fed424bd3677742,0.7112345586277548,13,Hidden Gem,low
7e26c750b4cb9f6766f58265ff9ebe95,0.711033999177219,27,Star,normal
620c87c171fb2a6dd6e8bb4dec959fc6,0.7109038256562606,778,Star,normal
b347677812ea483b0f528eaf8cbc09b7,0.7108182983877601,21,Star,normal
6a38087bc8ad4f89ff453561005f6dea,0.7107968719513835,22,Star,normal
834f3294fba9f932f56edc879193f925,0.7106703156425627,66,Star,normal
ff063b022a9a0aab91bad2c9088760b7,0.7104816755524423,96,Star,normal
297d5eccd19fa9a83b2630071ff105e4,0.710441548661402,8,Hidden Gem,low
42b729f859728f5079499127a9c2ef37,0.7104214648428443,131,Star,normal
86ccac0b835037332a596a33b6949ee1,0.7102492837240425,208,Star,normal
d66c11a9572221d92fbb8c4897db5f9b,0.7100896348604081,16,Hidden Gem,normal
db46ca7bce82b11f7e247539271fc390,0.7098499151337517,16,Hidden Gem,normal
34d1ca11b242c0fee2c834ae8d788566,0.7098036423347114,41,Star,normal
de0c78824586e9a5f5f04fd84e25df39,0.7096494277897782,16,Hidden Gem,normal
3586b8580d9c917874e053a1bb37b5ff,0.7093816505111565,43,Star,normal
cfd7ddab722b902f7ac5b5f3ba6d723d,0.7093725184754985,13,Hidden Gem,low
c6bda72e4dbf5c5866b13cb1810c6d03,0.7093134098341368,59,Star,normal
1bb3812d5f0747a3ab7348f199001a10,0.7092731315452271,9,Hidden Gem,low
ffad1e7127fb622cb64a900751590acd,0.7092098602518447,15,Hidden Gem,normal
aac51c486b672a9850d59f3e84b1cf88,0.7091106285582683,13,Hidden Gem,low
cc5a78bbad32776dc4e3af205218368c,0.7087229991931538,38,Star,normal
ec933281fb017b5020d06df29c3f77e8,0.7086231144017533,8,Hidden Gem,low
0ff83046c3fa22efee8ecf291888b191,0.7086017913685541,11,Hidden Gem,low
b90e891671cffd9557f33a97dc523645,0.7085545143021627,39,Star,normal
282f23a9769b2690c5dda22e316f9941,0.7082794659886829,109,Star,normal
cac63f48c38cd7d002a7e846dcd99a23,0.70809004480589,10,Hidden Gem,low
0bebbb2cea103a4a020c95d43fd7d754,0.7078306404386334,9,Hidden Gem,low
80e6699fe29150b372a0c8a1ebf7dcc8,0.7077722723690625,98,Star,normal
f1fd5ab1181f827ffad998c1a5de7d74,0.7077681274915637,15,Hidden Gem,normal
293dee954235e4e4e43f129313625ebe,0.7075664652997696,8,Hidden Gem,low
d4e12e7884759a14fa0f5f896c791cae,0.7074532527153324,32,Star,normal
5f26c1408a65b42a7224cd463bdf3292,0.7074423857921525,10,Hidden Gem,low
26d6bbee02420494d471c9f6436929c0,0.7072207751075834,13,Hidden Gem,low
f0e103c63864d5405b958d984b6e94c9,0.706922216176953,11,Hidden Gem,low
b76dba6c951ab00dc4edf0a1aa88037e,0.7064451412997799,167,Star,normal
4bfc7a4a1cf8d4d2121c27422d9e50b5,0.7063691177463345,40,Star,normal
10076e5788b8ee532724bcd460baf762,0.7061051657458329,26,Star,normal
4371b634e0efc0e22b09b52907d9d469,0.706070149652574,111,Star,normal
7722b1df1b0e383e000397b2c11e3e19,0.7054500827545459,144,Star,normal
f680f85bee2d253556ac91be391d2c82,0.7050354329601043,54,Star,normal
669ae81880e08f269a64487cfb287169,0.7049064118153463,185,Star,normal
54583ab379489add547fe47b628db589,0.7047615940430404,10,Hidden Gem,low
30a2f535bb48308f991d0b9ad4a8c4bb,0.7045873340315594,87,Star,normal
5debea795b07621e1f90532e18f96145,0.7045577900352875,33,Star,normal
4049512728d969bec69f84088b012416,0.7044939481094152,9,Hidden Gem,low
5cbbd5a299cab112b7bf23862255e43e,0.7042374875998281,38,Star,normal
43f8c9950d11ecd03a0304a49e010da6,0.7041093276468399,41,Star,normal
729b2d09b2a0bdab221076327f13d050,0.7040609887426141,60,Star,normal
2c4c47cb51acd5ea5db5e0ae0e26542a,0.7040215017238349,15,Hidden Gem,normal
8ed8ea9a57c862f2c18c2fe41f601d56,0.7038984519741108,19,Star,normal
f0837c8d71434931d9e38e7b79234797,0.7037186547137868,23,Star,normal
dee656f0f566ed1aa85bd137c943f08f,0.7036604481863339,94,Star,normal
c8c1bea22194a4eefa2dc9a9fa89f536,0.7035178175457666,13,Hidden Gem,low
01fdefa7697d26ad920e9e0346d4bd1b,0.7034635576001157,130,Star,normal
bf100ecb7997df312b285358fb32f92c,0.7033494285400516,21,Star,normal
a425f92c199eb576938df686728acd20,0.7031670904018904,18,Star,normal
c2d70ce2c5d0a2eb75e78668236e6dc8,0.7031227540333727,15,Hidden Gem,normal
bd149ed516d4c5d418d5781f8e18919f,0.7030853144286086,9,Hidden Gem,low
df91910b6a03bb2e3358fa6a35e32f6f,0.70304251563919,13,Hidden Gem,low
dbb9b48c841a0e39e21f98e1a6b2ec3e,0.7028656052907853,118,Star,normal
1554a68530182680ad5c8b042c3ab563,0.7025278101610691,267,Star,normal
f4a04f7be452aa3bb31760bf00055dd0,0.7023322046730924,18,Star,normal
520b493b57809f446cb0a233bb3e25c7,0.7022778063840788,73,Star,normal
c70c1b0d8ca86052f45a432a38b73958,0.7020272849285369,336,Star,normal
fa1c13f2614d7b5c4749cbc52fecda94,0.7018751648500509,579,Star,normal
ce27a3cc3c8cc1ea79d11e561e9bebb6,0.7018458489060836,151,Star,normal
808d4348b916efa08e766ebad39f61eb,0.7018413010240322,20,Star,normal
c03121937e54a93fcc1825c3098bbb6e,0.7017481292664246,7,Hidden Gem,low
c8b3445d737de6befde0c88ede534a5e,0.7014516358481938,36,Star,normal
ae45df84722b1d15c5f32b23a095746c,0.7014214004032817,12,Hidden Gem,low
55dedd83e501d8248880557d9073cbfd,0.7013490727869822,9,Hidden Gem,low
53243585a1d6dc2643021fd1853d8905,0.7012587503142818,400,Star,normal
1838dd9b8977065acf51d95e0053ea7a,0.7011860610622996,65,Star,normal
f205b1a3ca9a34e0f8a228bae6e4c7b3,0.7008070035884438,8,Hidden Gem,low
a478c7961d6a992065b24e63b366f90b,0.7007366638374486,9,Hidden Gem,low
134a288e7de827ec5ec62e3ec9c3a295,0.7006210040756112,9,Hidden Gem,low
89a51f50b8095ea78d5768f34c13a76f,0.7005742742970015,11,Hidden Gem,low
0b18d63d0cd1d723567903fd34a07df2,0.7005025343497802,14,Hidden Gem,low
257e61d3251fb5efb9daadddbc2cf7ca,0.6999378823003108,12,Hidden Gem,low
cac876b37d3abcd6bd76caca30277996,0.6998138846997272,33,Star,normal
5f1dc28029d2c244352a68107ec2b542,0.699796811883281,78,Star,normal
75fbb52eda0cbc24f479d3b2fbfa8d3e,0.6997207944563574,41,Star,normal
edb1ef5e36e0c8cd84eb3c9b003e486d,0.6990906467095882,174,Star,normal
7008613ea464bad5cb9b83456e1e6a8f,0.6989093373829374,152,Star,normal
1025f0e2d44d7041d6cf58b6550e0bfa,0.6988257673625937,1420,Star,normal
ffc470761de7d0232558ba5e786e57b7,0.6982772504126347,30,Star,normal
b1a81260566c1bac3114a6d124413f27,0.698231160709823,54,Star,normal
02c988090b766852e088c69d7fb3b551,0.6982268007260704,16,Hidden Gem,normal
53e4c6e0f4312d4d2107a8c9cddf45cd,0.6982203720402012,512,Star,normal
381c83fdca332ea6afd896da20bf6e4a,0.6981802228625439,46,Star,normal
4b9750c8ad28220fe6702d4ecb7c898f,0.6977697694869422,221,Star,normal
4a3ca9315b744ce9f8e9374361493884,0.697759805669818,1949,Star,normal
31344c16881c08a8a72c6d2eb29918c1,0.6975952024393113,42,Star,normal
1127b7f2594683f2510f1c2c834a486b,0.6973352041210072,128,Star,normal
fe2032dab1a61af8794248c8196565c9,0.6971543217600904,305,Star,normal
b8bc237ba3788b23da09c0f1f3a3288c,0.6969961683968877,47,Star,normal
e2c92f9c1c7746d899d18f2e158bbff7,0.696933908986871,12,Hidden Gem,low
3bb548e3cb7f70f28e3f11ee9dce0e59,0.6968783206851953,53,Star,normal
bfd27a966d91cfaafdb25d076585f0da,0.6967448821106232,115,Star,normal
23ca5f678e0b3ea6c630b30fa8bf51ea,0.6966363728906764,7,Hidden Gem,low
1caf283236cd69af44cbc09a0a1e7d32,0.6965738848421834,37,Star,normal
1c129092bf23f28a5930387c980c0dfc,0.6965140135635743,219,Star,normal
88cf19ec1fc2c58f161aee259d57142c,0.6964763360060392,14,Hidden Gem,low
5160d23075764e18e07c1f4a87fad743,0.6963913458026225,38,Star,normal
c3fe93ba3085f92855c97e57f38c8c05,0.696298672069638,6,Hidden Gem,low
0570350b23eda5444f8d1d9544932058,0.69622605478234,11,Hidden Gem,low
f8d5c7085db9a4ad2b8c1ffbeb2798c8,0.6961199851082357,6,Hidden Gem,low
7238a95bb63ef7e498389fb863b834a1,0.6960453301226074,15,Hidden Gem,normal
6aa3928696eab49a19a466e665a649fd,0.6957498420909918,22,Star,normal
1b938a7ec6ac5061a66a3766e0e75f90,0.695713038447438,31,Star,normal
20d83f3ef0e6925fd74bfd59170babf7,0.695532074252267,54,Star,normal
9c1c0c36cd23c20897e473901a8fb149,0.6953763861487514,7,Hidden Gem,low
74871d19219c7d518d0090283e03c137,0.6953587379105506,7,Hidden Gem,low
7c5b05cbdb5542049f38d90d7815b97d,0.6953010801757608,23,Star,normal
b67d6c666e8dce1d078c882825e12704,0.6951709568665897,8,Hidden Gem,low
6b243f80ed07b10f0e8aa0f21a205f3c,0.6950907997236058,89,Star,normal
916748bc99315c2d202898ae58b1617e,0.6948630195859513,32,Star,normal
a2fa0bdc798ee84cdb08281337cf4fb6,0.6947269116306662,11,Hidden Gem,low
57fe6232e67823593374a2281d7a8af8,0.6947127447016117,8,Hidden Gem,low
25cf099de44674fde97473224f9d59ab,0.694671668806925,50,Star,normal
e88c9b79e592e370d6bd852eeefbf057,0.6946603954787759,9,Hidden Gem,low
8a130737016f838139d31878787a39c9,0.694656494902969,62,Star,normal
a08692680c77d30a0b4280da5df01c5a,0.6946394628787471,17,Hidden Gem,normal
0951a6e282947e09cd47969f4ed0b47f,0.6944466482396783,7,Hidden Gem,low
3ea00e1dea2b0659dbaf654735929220,0.6944024406213053,7,Hidden Gem,low
e9511df20ccd82658a30c37b7fb343af,0.6943069355136804,30,Star,normal
d23019c84ffae2d5ef2270367b8605fc,0.6942675625848295,39,Star,normal
73b8eb4a9a729d4019b24ed1be748cbf,0.6941800101635077,7,Hidden Gem,low
1b8356dabde1d35e17cef975c3f82730,0.6941127147796359,60,Star,normal
c72de06d72748d1a0dfb2125be43ba63,0.6940451068149891,22,Star,normal
508808d438fe2ff972ed13bb8f4a82e2,0.6939741321101116,10,Hidden Gem,low
d94ba08b99bedd6a5f6c875ecc4a6fac,0.6938827552375092,9,Hidden Gem,low
ed4311e67debd72b8610a5347a743087,0.6937690411652274,26,Star,normal
f326006815956455b2859abd58fe7e39,0.6936968769355533,30,Star,normal
a06c8ff043abea0528ee44171e2140a2,0.6936899039849388,8,Hidden Gem,low
bacb1f0ed56ad24198f5810d2b3fe9a5,0.6936825375911672,38,Star,normal
3d0cd21d41671c46f82cd11176bf7277,0.6936397530847349,11,Hidden Gem,low
6b90f847357d8981edd79a1eb1bf0acb,0.693426590189416,47,Star,normal
c8cc60ffd415254af5d9b9f34f32c369,0.6933870342885278,9,Hidden Gem,low
d4910f1cdcfdabd48d6b316e395d4a23,0.693347253541871,12,Hidden Gem,low
715bbd5ba4e6b74cb0d2f29eb45058b0,0.6932101598094953,64,Star,normal
c54679b132454625907c773d273d4126,0.693102371013646,8,Hidden Gem,low
0db783cfcd3b73998abc6e10e59a102f,0.6929932412771707,137,Star,normal
42bde9fef835393bb8a8849cb6b7f245,0.6929450289794423,39,Star,normal
1a3df491d1c4f1589fc2b934ada68bf2,0.6928750634417932,171,Star,normal
2bd05d410a8fd26dc4184a15f4f2f588,0.6926899553176107,7,Hidden Gem,low
5c3460cd3e8a984382ae254e7dd20d9f,0.6926561045942694,10,Hidden Gem,low
e58a5b390e28abc0b216cfb0e07d27d7,0.6926007191039962,7,Hidden Gem,low
b8114f2f589a6804810f04f99b36b498,0.6924126348976736,11,Hidden Gem,low
bd697db56ff8e7c9cd1abeb7f72029b2,0.6923089415226529,21,Star,normal
128f9bfbe4c7d5185033914b1de3d39a,0.6921169853673728,15,Hidden Gem,normal
c8e135e7b21ecbc36c1153a29d2f5a06,0.69210329637443,7,Hidden Gem,low
59cea8e446d3834393058e7e0666b6fb,0.692060839050842,10,Hidden Gem,low
d91fb3b7d041e83b64a00a3edfb37e4f,0.6920376161571034,525,Star,normal
02f623a8eb246f3c5f7c2f96462654e6,0.6918995118243034,44,Star,normal
e439f7176d763f92de325271111b2fd5,0.6918237820067,6,Hidden Gem,low
186cdd1b2df32caa72cfb410bba768d3,0.6917403270735906,6,Hidden Gem,low
670c26e0f1bf8d0576271d5cfaec6d2b,0.6916719401437998,86,Star,normal
402916f742e5c740cc751493d9cf5053,0.6914956789783839,10,Hidden Gem,low
2059c39f76271d4ca3f15b5ffaccc8b8,0.6913575550301295,12,Hidden Gem,low
63a79f5a7eb5cb48a7e5787b141c7993,0.6913309736012984,11,Hidden Gem,low
5f5b43b2bffa8656e4bc6efeb13cc649,0.6912228909783263,29,Star,normal
750303a20e9c56b2a6bc45cdce0b897d,0.6911976779464212,56,Star,normal
7d456afc660226829370f3173d14520c,0.6910323817152492,89,Star,normal
70eea00b476a314817cefde4aad4f89a,0.6910006521045118,112,Star,normal
c84592044b180dec206770c38603814b,0.6908078399339437,14,Hidden Gem,low
33ac3e28642ab8bda860a2f693000e78,0.6907163416128925,35,Star,normal
65febd49fd28ec955651299159b1f527,0.6904123666330335,38,Star,normal
6b15924333bd1a741595fe981ea04822,0.6901060479217729,21,Star,normal
83645b1645cdee8953ee54c29ceed564,0.6899603067905232,14,Hidden Gem,low
8daab2245ebdc277c51098d01c5ad8ef,0.6897654752283293,16,Hidden Gem,normal
b1aaae6b66ad3c40f54b389d7ea4bee0,0.689763585292641,17,Hidden Gem,normal
817f85dbb65aa3e70831d90fe75cdf89,0.6896980479731539,11,Hidden Gem,low
fac1a9017ade7bdc94058fc1c969f355,0.6896466587903307,10,Hidden Gem,low
0d33a55da925bbf1ff02af5f6059fc7f,0.689615471035286,24,Star,normal
ebd2d60905fb58271facef5596b620d3,0.6894297917774737,85,Star,normal
e6a69c4a27dfdd98ffe5aa757ad744bc,0.6893614779207001,23,Star,normal
08633c14ef2db992c11f840f04fad4cd,0.6892937250351926,97,Star,normal
850f4f8af5ea87287ac68de36e29107f,0.6891610166940709,191,Star,normal
4869f7a5dfa277a7dca6462dcf3b52b2,0.6891267559779771,1148,Star,normal
640e21a7d01df7614a3b4923e990d40c,0.6887587430464934,136,Star,normal
c3e1abd72a42fe690fcd89cf5720fe29,0.6887262564078082,13,Hidden Gem,low
52f9db5cfb423382a2fa5c9e39303202,0.6884649868046973,22,Star,normal
bdf0d02d36a1d839d0c39c4a887cdd49,0.688093604988526,7,Hidden Gem,low
ff4ea69c2a729e83e63c7579e4ef8170,0.6880853533962732,8,Hidden Gem,low
ffdd9f82b9a447f6f8d4b91554cc7dd3,0.6879758218969313,20,Star,normal
e333046ce6517bd8bb510291d44f0130,0.6879285017856543,74,Star,normal
65b081a070633e057c462abdd6fb9dd8,0.6879153457765198,20,Star,normal
3d8fa2f5b647373c8620330c4e077a9f,0.6876851297246473,47,Star,normal
5721089ba9214e80074f27d5a03fc0eb,0.6876552533836676,7,Hidden Gem,low
3d39fbf22a665714baf62fae36029e23,0.687629674772968,8,Hidden Gem,low
fa1a9dec3a9940c072684a46728bf1fc,0.6875984614283321,60,Star,normal
6989574bd97d9773f10d232b6c07da59,0.6875332032908228,7,Hidden Gem,low
762fafdaa57a532ee0119731697579dd,0.6873333386428325,5,Hidden Gem,low
2fdde51ad3e12f297da656d4fbd5d0b5,0.6872856773674986,9,Hidden Gem,low
94ca168e8bcb407ab85c5da308863027,0.6872475689013594,5,Hidden Gem,low
ef0ace09169ac090589d85746e3e036f,0.6872258414329788,139,Star,normal
db4350fd57ae30082dec7acbaacc17f9,0.6872134723937413,145,Star,normal
ddd51ae8cda92f3995a51fc0f0f3eec7,0.6870224458395638,25,Star,normal
7994b065a7ffb14e71c6312cf87b9de2,0.686934460349299,7,Hidden Gem,low
8b2d4ab22f42c5cfc338b846decfda60,0.6866015483866638,9,Hidden Gem,low
6b803197e03abd5056b4313306b4f29d,0.6865421270686327,12,Hidden Gem,low
d94a40fd42351c259927028d163af842,0.6864648086570093,109,Star,normal
1d4587203296c8f4ad134dc286fa6db0,0.6864265348196755,41,Star,normal
41e0fa5761c886a630994a55c12087e7,0.6862763240447914,5,Hidden Gem,low
5c030029b5916fed0986310385ec9009,0.6862691608888041,10,Hidden Gem,low
537eb890efff034a88679788b647c564,0.6862339008218483,171,Star,normal
08084d990eb3f53af056ccbc1730c8a7,0.6861281159678703,12,Hidden Gem,low
5bc24d989e71e93c33e50a7782431b0e,0.686122087276621,17,Hidden Gem,normal
1da3aeb70d7989d1e6d9b0e887f97c23,0.6860781378511959,324,Star,normal
0c7f30ae9b147eca07affbef92832a6a,0.686003907649999,5,Hidden Gem,low
5b2e94f2c22b39ccc24d34ad0f669672,0.685987825397936,10,Hidden Gem,low
09bad886111255c5b5030314fc7f1a4a,0.6859649214038748,5,Hidden Gem,low
abcd2cb37d46c2c8fb1bf071c859fc5b,0.6859525056396368,51,Star,normal
d197aa8fbc64087f61984deef05f6227,0.6858639505318963,7,Hidden Gem,low
d2f3e277560ed4c6361284429b00f037,0.6858260745371507,7,Hidden Gem,low
76d64c4aca3a7baf218bf93ef7fa768d,0.6857652809610731,69,Star,normal
228e4c1a0be164f613d41c24345f9d2c,0.6857105361479147,5,Hidden Gem,low
81a1104df0f08b59c68aa5b03cfe398e,0.6856937792708352,72,Star,normal
a3f0b55de503387383c7b1de3ad7f678,0.6856336985822715,26,Star,normal
33d677f27a69b84051204ee4ae76eaca,0.6856087322364698,10,Hidden Gem,low
41b14765bd56c8ad10971074380f9c0c,0.6856000798731859,10,Hidden Gem,low
fadb07c842a2aef5d5a676b85f220e71,0.6855538669972482,7,Hidden Gem,low
9b013e03b2ab786505a1d3b5c0756754,0.6855331649346091,220,Star,normal
86ff3eaef0267069cc891a2ed9d10a17,0.6855155769340906,7,Hidden Gem,low
582d4f8675b945722eda7c0cb61ba4c7,0.6853965830052257,71,Star,normal
55029529919c0123526150bd26ca8f20,0.6853617204984934,7,Hidden Gem,low
bbf9ad41dca6603e614efcdad7aab8c4,0.6852103029368862,14,Hidden Gem,low
f7496d659ca9fdaf323c0aae84176632,0.6850530939637063,26,Star,normal
0ddefe3c7a032b91f4e25b9c3a08fca1,0.6850290554894113,10,Hidden Gem,low
55a5b51f93f2b70ea513f5a047b0262a,0.684997694799742,41,Star,normal
3d4b1ae7539303b5704493798893e82c,0.6849283886571688,9,Hidden Gem,low
0ad80de75c811326389cfb1daba7d45e,0.684821140657869,6,Hidden Gem,low
ead2bab70821ea148476ae9bc08548ac,0.6848097328464603,9,Hidden Gem,low
b81e3a6c866a764974fe849821abeebd,0.6847969266802082,11,Hidden Gem,low
53b0300ca793f9834cd69c0678d35ee8,0.6847172564432672,10,Hidden Gem,low
8f119a0aee85c0c8fc534629734e94fd,0.684616907182884,81,Star,normal
8fbd63429be6d3e5e6d1a709b6464802,0.6845233804801607,8,Hidden Gem,low
7b98de631987e26dd6d803490c43a13c,0.6844614554897726,8,Hidden Gem,low
980640c45d7a4635885491d077167e4d,0.6843883170740449,14,Hidden Gem,low
1cd9e0cc1839d55516843def5600816d,0.6843201891455121,5,Hidden Gem,low
985c92cc412091f8529c12d7f23d3fef,0.6842915407417619,12,Hidden Gem,low
cc63f0dd2acba93ffed4fe9f8e0321fa,0.6842913454444092,63,Star,normal
d4e4b5192cba4e0e66eb12a9d347239d,0.6842328960012265,11,Hidden Gem,low
1690cada046eb7e92c12f98b1f8a8167,0.6840136106270166,10,Hidden Gem,low
058fd0aa2bfdb2274e05e1ae971dabb6,0.6839749275308847,63,Star,normal
c35672b10ad50968f567ea3f4b91e877,0.6839703450472286,22,Star,normal
efcd8d2104f1a05d028af7bad20d974b,0.6839214267020733,50,Star,normal
768de2a4fc06aacecb9a586ccc30746a,0.6838334807276625,13,Hidden Gem,low
fe1b067411b8c5066e962aa146ccee03,0.6838109334235852,8,Hidden Gem,low
ef30892870c278497523264be1be2241,0.6838050247953025,9,Hidden Gem,low
3f9c56764fabca627406093dcb3ef0b4,0.6837766859295084,7,Hidden Gem,low
aced59e9b31ef866a94f9e7f29d8d418,0.6837539123546401,67,Star,normal
3d621842b2ed28e2b474132480edac3c,0.6837312857410739,8,Hidden Gem,low
da7039f29f90ce5b4846ffc0fcc93beb,0.683528395107441,18,Star,normal
e0eabded302882513ced4ea3eb0c7059,0.6834130909650902,8,Hidden Gem,low
226b05fe067266c59c15dae208213d06,0.6832716359753708,11,Hidden Gem,low
670a9dda115b5a88b18cfadee8de2332,0.6831541288499502,11,Hidden Gem,low
eb72802c83dc7547529c9546d1a9b8ef,0.6831526141081732,8,Hidden Gem,low
8b321bb669392f5163d04c59e235e066,0.6831308950835084,1005,Star,normal
e63e8bfa530fb16910dd6956e592bb81,0.683113968003241,42,Star,normal
dfc475d54e1b6dbeeb7d7d9bdaa63827,0.6829926640837878,20,Star,normal
abc015ebac1d283a323ca9db35ede4b9,0.6829146238428037,13,Hidden Gem,low
9add47bf45ce8e8c7db6b9cf670b1e09,0.6826808309365339,43,Star,normal
141440cad9341e553f8401c574a2aa38,0.6826592106653915,12,Hidden Gem,low
5d76d80a2f5f39c891b996a1bf4c9853,0.6825558922598784,6,Hidden Gem,low
e256a62e0ac58c0edfba09966142d561,0.6825088507917129,14,Hidden Gem,low
9ed65337433adfbedefd23dd76eaa494,0.6824580205378377,6,Hidden Gem,low
1c40343cc5d18c2d8248ac2f3366de34,0.682268768193738,22,Star,normal
3f995f07c49d0d55a99d5c54957f7d81,0.6822553227601152,43,Star,normal
431050a06a317f2b38168dec3dcd2b46,0.6821892725376169,10,Hidden Gem,low
b0f2a6122a90a93eb03e68653dd960e3,0.682030732309184,7,Hidden Gem,low
8bd0f31cf0a614c658f6763bd02dea69,0.6820270188707577,35,Star,normal
dace965ca58120f92f8d742a9fa1864b,0.682001057863281,8,Hidden Gem,low
730937bf88cb151eb2eb849f642fc213,0.6819363402957979,26,Star,normal
77fccaae319668a8ab6cd0fd16aec48c,0.6818900445179004,12,Hidden Gem,low
3a490ba60afa30ece0e7d50cfe74a4f0,0.6817354640615603,8,Hidden Gem,low
d06d019f72a04e5497a0b64190af170c,0.6816846949124883,17,Hidden Gem,normal
d6ab728cf30867cf3f1a2e216ae2f9b7,0.681590080726245,14,Hidden Gem,low
c731d18cea9bf687ffee82a241c25b11,0.6815486671609391,26,Star,normal
2199e7fe213c16213bf5d6a7eadc9a5d,0.6815032249860518,30,Star,normal
3078096983cf766a32a06257648502d1,0.6813916564079984,61,Star,normal
01ed254b9ff8407dfb9d99ba1e17d923,0.681196464907622,5,Hidden Gem,low
527801b552d0077ffd170872eb49683b,0.6811722139831456,92,Star,normal
94144541854e298c2d976cb893b81343,0.6810317524057643,76,Star,normal
113e3a788b935f48aad63e1c41dac1bd,0.6810272334789819,48,Star,normal
e0a366315b1b726b6c7832d664c0f530,0.6810265930031013,51,Star,normal
83deb69e889cf80f82be1dc6d5f2d486,0.6807865155966969,42,Star,normal
2ff6b7bff164ef05590a52734e1296da,0.6806637386039397,7,Hidden Gem,low
ea8482cd71df3c1969d7b9473ff13abc,0.6806103865980928,1188,Star,normal
caa9bc43a9fe8cf9c564ddd8a03cc4a6,0.6804192284718753,14,Hidden Gem,low
6bbcb8924baf70b7fe2fe2097e8cd407,0.6803352628013835,11,Hidden Gem,low
8581055ce74af1daba164fdbd55a40de,0.6802193830317385,426,Star,normal
73a63f72308aa20a46f4b1632018f196,0.6801254865815216,35,Star,normal
ccc4bbb5f32a6ab2b7066a4130f114e3,0.6800751500697394,189,Star,normal
fad44952713764836814be105382aee5,0.6799887890887063,32,Star,normal
adbe70ab2c97442046d393988c8d1d27,0.6798598736861496,5,Hidden Gem,low
b127efdabeffb5d559349c7b172eb75d,0.6793196612631175,10,Hidden Gem,low
f7720c4fa8e3aba4546301ab80ea1f1b,0.679296494249766,77,Star,normal
34f563c82a85b99ae9e6d60db5fc2e28,0.6792893816973175,8,Hidden Gem,low
9dd59e43f0c9f0553244e8f9c2fb247e,0.6792031898528216,10,Hidden Gem,low
0691148aee60ca47977c187804f935ae,0.6790972786334132,53,Star,normal
fec6275253471ace26d209bbaa64cd0f,0.6790907192125879,10,Hidden Gem,low
05ff92fedb5be47920fea08e501238b9,0.6789171628746601,60,Star,normal
5a6a02f419701fc8c605af71d4fc57a4,0.6788265151806553,11,Hidden Gem,low
4a1f694197d05fe70026b016a7316b41,0.6787406606614866,23,Star,normal
59fb871bf6f4522a87ba567b42dafecf,0.678691257436481,125,Star,normal
afe0067131b73e40875c9b6c10bd2e21,0.6784706563339608,45,Star,normal
661ad5fcc28cdfb8bcadb12bb2272475,0.6782772529161708,7,Hidden Gem,low
d1ef48b38baca7e831711c4a0aeb398f,0.6782296514055806,34,Star,normal
f9244d45189d3a3605499abddeade7d5,0.6776064514420618,20,Star,normal
b4f8921fcc4ff77b66bea6dda43dcd51,0.6775928673808334,20,Star,normal
6c6e3d67f969468f3bfd33f827a31222,0.677496278560634,6,Hidden Gem,low
4830e40640734fc1c52cd21127c341d4,0.6774146408977032,212,Star,normal
4c1c7281388a33dd06daac44f9fadbd1,0.6774028869074205,5,Hidden Gem,low
8060d731897e33b5c5ae575ce1e209e1,0.6773484036284619,5,Hidden Gem,low
e603cf3fec55f8697c9059638d6c8eb5,0.6773215715453997,10,Hidden Gem,low
034b9387752bfa309f350a70cd45ffa3,0.6772368391293783,8,Hidden Gem,low
0ef83d7d83ed97cd2a0049ac8be5f88a,0.6770816271386968,55,Star,normal
039b29ff3b3473435d0cd59040575de9,0.6770787908104378,9,Hidden Gem,low
1e483cc5c76fef08d3ca05f9a8af7d01,0.6770705014604786,10,Hidden Gem,low
c70a353f02429c00775a46a75fb787da,0.677000224136191,6,Hidden Gem,low
5670f4db5b62c43d542e1b2d56b0cf7c,0.6768956968189112,22,Star,normal
1b45169b635ef59425637e9a33eb5fb3,0.6768679476895896,8,Hidden Gem,low
b76a1f8356322f12529c37b67d5c96c2,0.6768659488326756,5,Hidden Gem,low
3a734b715d333a2588a3d54a0c9b8746,0.6768252346078673,21,Star,normal
f12d3c2a14729ae461b920c11fe20fdc,0.6767532342959718,11,Hidden Gem,low
d6b1ce66b035a475f00c017792ff9769,0.6767078574257448,108,Star,normal
54a1852d1b8f10312c55e906355666ee,0.6766995088262071,202,Star,normal
a37c340b91cb0169e8b029db6440fba2,0.6766393412770789,5,Hidden Gem,low
38af8acfd46ac4a7bf754e8ca6736664,0.6766393412770789,5,Hidden Gem,low
101a3a003516bc11253298b2fad3cb65,0.6765784773497945,6,Hidden Gem,low
499ec63c58e51296c9cf57edcfe1c8a8,0.6765418756617686,5,Hidden Gem,low
ca77545ca4d2dfd1431bf61334e2fa3c,0.6764724937157313,10,Hidden Gem,low
fa14641f57b655e933124a9ea49cd7a5,0.6764705752860348,7,Hidden Gem,low
f1ed6bd0a9b11b581f16c851c6a5a527,0.6764515126883068,18,Star,normal
bfd938b22bc99bce1ae60dc602889f52,0.6763909975135921,6,Hidden Gem,low
33cbda8716511e27e556dff9d8418bf2,0.6763453720865106,6,Hidden Gem,low
6e13dd869aa7185f601c941423abcc8f,0.6762860805038634,6,Hidden Gem,low
ff1e15b778c700abdd4d239b81ac466d,0.6762813179465911,7,Hidden Gem,low
71dc18fd8cbf5fd77f45dd8b427abb34,0.6762547018990112,9,Hidden Gem,low
2e1c9f22be269ef4643f826c9e650a52,0.6762245661543113,167,Star,normal
6c17baf138731a4aaacc3210adf2037b,0.6762116086991363,5,Hidden Gem,low
2f74af7a0ee5636f12c2336f9fffed47,0.6761780984117068,13,Hidden Gem,low
bb2afe2061d53c6968aa0cffa233a8ec,0.6761748072597173,6,Hidden Gem,low
f435898e493ba0356019a0b1cb8b55b1,0.6761480464279669,12,Hidden Gem,low
a2deecd5398f5df4987110c80a1972a3,0.6760598088928176,13,Hidden Gem,low
ba5daa4041e1f15cdf34b76e3e18a450,0.6760013228570746,15,Hidden Gem,normal
c3aad7dc65449ae90a5e9c3c6c1e78e0,0.6759118580985584,6,Hidden Gem,low
5f7300535881cef3b625fd683cf7d145,0.6759068407853766,11,Hidden Gem,low
97e995629983723d11830a829bc2b246,0.6758864193988062,5,Hidden Gem,low
8ab42aa58097fd4668d60cc648225d5f,0.675845891685078,26,Star,normal
d25aa0aaacb370e912f8cf6efeba38b3,0.6758196295598131,21,Star,normal
6824a69c9ea0313eba299dd4a2dba09a,0.6757469148177818,7,Hidden Gem,low
1b4c3a6f53068f0b6944d2d005c9fc89,0.6756508701682593,115,Star,normal
25e47381a6c510ddeb36084e33b89f0c,0.6756179330047264,17,Hidden Gem,normal
822b63912576852aea9a8436d72317b7,0.6756062514668517,7,Hidden Gem,low
8a87611c08849ffeeccab52aa798b6c7,0.6755955009555301,6,Hidden Gem,low
d650b663c3b5f6fb392b6326366efa9a,0.6755890373078272,57,Star,normal
6f83d9e4da896daae20b9b6b2d3ff8d2,0.6755477016122063,11,Hidden Gem,low
888faa8bfb0b159c37de6d898b961c31,0.675448698582784,23,Star,normal
6e386f64c84e482f0b9abf960797ee1b,0.6754441094825985,29,Star,normal
7354220fb240bde543b3c40c060d41e7,0.6753842861942523,7,Hidden Gem,low
f4db9b37944bcb8873e6b456ee190bbf,0.6753091437843234,22,Star,normal
365e4bce19bda0082c3d15d83fdb8bcd,0.6752961363469713,7,Hidden Gem,low
8bdd8e3fd58bafa48af76b2c5fd71974,0.6752516519526643,9,Hidden Gem,low
5962468f885ea01a1b6a97a218797b0a,0.6752458430606041,6,Hidden Gem,low
e73bf2cea7fe4b0b4d287a7568ed1099,0.6752423131548746,5,Hidden Gem,low
a72c2f59332659e361d647515c698798,0.6751453266980014,6,Hidden Gem,low
5c243662ce92d84573bfaff24c3e3700,0.6750313153508,100,Star,normal
2fb25ab44bdbeae6a4d816e0d0c9d500,0.6749917825158722,5,Hidden Gem,low
a2b5b6105ea5942300631d2e76f4ffe0,0.6749189027955621,16,Hidden Gem,normal
659e8466eb3ff1b0e8740d74fb7bbedd,0.6749109865168352,14,Hidden Gem,low
bd4431c1a8dfa744b59e1e2a8bc99b9e,0.6749056604047816,7,Hidden Gem,low
d1c7fa84e48cfa21a0e595167c1c500e,0.6748744323099846,12,Hidden Gem,low
d03698c2efd04a549382afa6623e27fb,0.6748726915714147,21,Star,normal
04aba03279157f6d4e0fe8ccaf21963c,0.6748502223357739,15,Hidden Gem,normal
b92e3c8f9738272ff7c59e111e108d7c,0.6746621973215603,70,Star,normal
3bdff180c7e1f6551a643b99c265a120,0.6743918121909649,58,Star,normal
c5f7e746b7e6d07def6c0dae9903279b,0.6742166541082372,11,Hidden Gem,low
4221a7df464f1fe2955934e30ff3a5a1,0.6741807711308745,5,Hidden Gem,low
ceaec5548eefc6e23e6607c5435102e7,0.6741143882287022,206,Star,normal
17ca9b9e9b9ef8fdb529001b49ebb50f,0.674091626997947,128,Star,normal
b8578d2d823bd8e251f6fdd02b40902d,0.6739904844942002,9,Hidden Gem,low
01bcc9d254a0143f0ce9791b960b2a47,0.6739019852348583,10,Hidden Gem,low
cbf09e831b0c11f6f23ffb51004db972,0.6735560066669103,10,Hidden Gem,low
ef9952469137ff190bacafe117f51537,0.6734343794488277,5,Hidden Gem,low
8185694b58b2ba6de20fd41ae608bbea,0.6733494839787332,8,Hidden Gem,low
1464afc72f696af775557a821c2e253f,0.6732840539179756,30,Star,normal
3faf68a3b0af94b10bac70d86077be49,0.6731184543023242,7,Hidden Gem,low
1fdc574883ef3b33ad41562d93f3a74a,0.6727471232586755,18,Star,normal
4e7c18b98d84e05cbae3ff0ff03846c2,0.6727283192136156,88,Star,normal
51702dc2a3e106c76dbff722b5bf0726,0.6726062632911434,14,Hidden Gem,low
866558b3bccef2dbc6d29a2b5995016f,0.6722355719742561,6,Hidden Gem,low
47efca563408aae19bb7206c2d969ea9,0.671964045996177,11,Hidden Gem,low
2d2322d842118867781fc737e96d59a1,0.6719399468294276,10,Hidden Gem,low
8a432f4e5b471f8da497d7dc517666e2,0.6718861401397646,106,Star,normal
0885aaf116795758dfeb5f1032487bcd,0.6716651991763634,29,Star,normal
d9442042130b7fe579d1295f9f4a248f,0.6716374612818781,22,Star,normal
8603f0038fe0e52fedd3382d266723de,0.671558448881124,10,Hidden Gem,low
e84ad2127668df3aafc6b73531a0beb8,0.671532375702493,23,Star,normal
8602a61d680a10a82cceeeda0d99ea3d,0.6710884199804724,19,Star,normal
f615fe7efbef0f4f08fd3086bc7a3e60,0.6710522436837676,23,Star,normal
cd6efc47efaabf134f8bdb654e10b4f1,0.6709321194330501,32,Star,normal
1430239a858e7682bbc43b20758af153,0.6706049011258887,22,Star,normal
f9ec7093df3a7b346b7bcf7864069ca3,0.6705812385325159,9,Hidden Gem,low
acf974e4d5950ad143a247471b831eb9,0.6705320115654503,12,Hidden Gem,low
5a8e7d5003a1f221f9e1d6e411de7c23,0.670493764574155,179,Star,normal
b2c97074649f92197d9387d9033dda5f,0.6704092464042422,11,Hidden Gem,low
abbf6046bbdf1028606a5bc7f00c99e7,0.670399974499391,6,Hidden Gem,low
0a85ebe4e328db81ac9109781205e2f7,0.6703500979102102,12,Hidden Gem,low
457fe919b032a3f7dadba6fb92cf7855,0.669999396455502,12,Hidden Gem,low
989becdce12ebc39863c2bceab6f3ca1,0.6699991646145989,15,Hidden Gem,normal
240b9776d844d37535668549a396af32,0.6699660072667142,35,Star,normal
aba1721a889e04decc910aa13b768ef4,0.669810393499118,92,Star,normal
58f1a6197ed863543e0136bdedb3fce2,0.6692684315543771,43,Star,normal
6481e96574816ead57975da2c0f6d80d,0.669121225290746,43,Star,normal
1dcfa3835714681d4ba4a93bc1e0fd41,0.6690961029659431,14,Hidden Gem,low
8c5e007d7bd5693fa1386ffefbc99f6c,0.6690894899197545,24,Star,normal
1660ad786c27fd935378b6192a90b417,0.6688489139853911,13,Hidden Gem,low
c0098efcf800861dcae589affca31408,0.6687670785462053,9,Hidden Gem,low
9674754b5a0cb32b638cec001178f799,0.668591126358023,95,Star,normal
d624126b9206f595fb3fbb6ba03b28a8,0.6683869455717089,28,Star,normal
7f5e4d5efad7e44b91115dd1decb65f3,0.6683471526890424,9,Hidden Gem,low
6d22a1fcebb6dd08c9cd90b92a93e8d0,0.6682686483118626,13,Hidden Gem,low
2009a095de2a2a41626f6c6d7722678d,0.6682170535480952,12,Hidden Gem,low
ab27bbbad5239bc31a34709275a70db4,0.668156706653174,11,Hidden Gem,low
ff4e2d38692ce827b1a4f4b8196e680d,0.6681463508895856,11,Hidden Gem,low
bba74270a87732727b5a3b4fd9ac1c39,0.6681426233363517,40,Star,normal
d4ffeb15b67e81ff9af2b4252d99fb7e,0.6680920786068572,12,Hidden Gem,low
4c03b9dd4c11ee2cb35c96c49efc9420,0.6680732118373965,48,Star,normal
392353362d22cc2c236e1ee81ff19890,0.6680238149052038,10,Hidden Gem,low
ade45994b717ccee333492330fbf037b,0.6679934056676596,10,Hidden Gem,low
698f5fa55a5f73d0740e9d9a773e8093,0.6679598605844868,6,Hidden Gem,low
3361277dc30b7cccdb0c286b24219756,0.667879780768859,42,Star,normal
079d295dcbf06ee8bb1b65ba964eb2b6,0.6678761544980086,10,Hidden Gem,low
e5e33c0d8e7e002f398f5dc4cbbb338f,0.667841380031016,27,Star,normal
5def4c3732941a971cba8fdee992ede1,0.667838503128322,6,Hidden Gem,low
17e34d8224d27a541263c4c64b11a56b,0.6678009080038212,260,Star,normal
d594982fd877af63ace38ea1fca27c76,0.667749542381441,7,Hidden Gem,low
fc38b5dceee1a730fad8853453437fbd,0.6677197054380509,5,Hidden Gem,low
a2e874074c877c5a05abae80ad6e488f,0.6677104859173464,42,Star,normal
4305fe92735c8a43d154ff6dd2b8d927,0.6677089091234346,19,Star,normal
49383af7ab774e4e8f3000f49c83dc4b,0.6676665555696203,12,Hidden Gem,low
ba90964cff9b9e0e6f32b23b82465f7b,0.667649714174651,38,Star,normal
4ea2f12dbe91deeacd2c1e74f069a6e6,0.667593552313612,6,Hidden Gem,low
4bcec44888b30ba9001234c534716d3f,0.667589101513535,5,Hidden Gem,low
6e1862e15f33d9994bc25922a85e1efc,0.6675743211738696,12,Hidden Gem,low
28405831a29823802aa22c084cfd0649,0.6675276565972178,6,Hidden Gem,low
c157bdeedcbc9a8e3c8bf0d87ff24428,0.6675079525740913,10,Hidden Gem,low
9c690ceacd5c66731bf443ea810195cb,0.6674664538563355,12,Hidden Gem,low
6548c2550b6e2d8f18053216e1c7b6f3,0.667431958822396,5,Hidden Gem,low
70b52a4cfc823994561b00bad161b4ed,0.6674106041648614,10,Hidden Gem,low
13c2ed7698b3ca92dad49e849219da59,0.6674007784472638,9,Hidden Gem,low
b3f19518fcec265b2e97af287725f981,0.6673102322485418,8,Hidden Gem,low
00ee68308b45bc5e2660cd833c3f81cc,0.6672531015353245,172,Star,normal
39a5005f2605cbdb4f9ac14485cabfd1,0.6672227162863563,8,Hidden Gem,low
32fdd5d44ecb43dfd6a24b9369eca144,0.6672058222081406,8,Hidden Gem,low
9c3c24eca51c52b91c1de727d2a2ae06,0.6671317025350193,6,Hidden Gem,low
2d42ebcda99fd55f6f4bc2f1ca035d50,0.6671100984962629,11,Hidden Gem,low
a35124e2d763d7ca3fbe3b97d143200f,0.6671001267031405,7,Hidden Gem,low
31eec405c9bb71dec8e2629a92e764fa,0.6670487034094467,5,Hidden Gem,low
86bf77bdb52e615674772d5817c6212f,0.6669885636456343,5,Hidden Gem,low
aaed1309374718fdd995ee4c58c9dfcd,0.6669732586897527,111,Star,normal
debe6615cd90cc0c2eac2b8988e1f628,0.6669433918121037,5,Hidden Gem,low
f80edd2c5aaa505cc4b0a3b219abf4b8,0.6668874075137919,125,Star,normal
1dc2de47ee26a0a5b12dc14fd6dc0dea,0.6668836111683792,27,Star,normal
41b39e28db005d9731d9d485a83b4c38,0.6668572074932215,223,Star,normal
9fc70243fb26800cba56e8f014797004,0.6668416203660139,7,Hidden Gem,low
b44dbfbf62e52125f3c15d230569ea91,0.6667618382148482,8,Hidden Gem,low
61b18775be84fb700a6b2d0ba097bf66,0.6667317417492914,5,Hidden Gem,low
75a4764c108403a7a0575140cb22287c,0.6667010190542472,9,Hidden Gem,low
e53d5b9b29d1218281f4a907ada18626,0.6666529407993129,5,Hidden Gem,low
5b85809efd0d0e4dea1a9544e1280ed9,0.6665696123118614,14,Hidden Gem,low
20a7efa9721046319bdde5d60b6b5365,0.6665427996076655,6,Hidden Gem,low
3f9be91358837bff69df67edfa3e42e8,0.6665219629566067,7,Hidden Gem,low
26bad72add1f86e08a776ce4ffdaf1ca,0.6663399111108663,7,Hidden Gem,low
385799a1cddbd26dfeb9157356a42282,0.6662057231729382,6,Hidden Gem,low
a5bff0f43eb51f0cad7c37fac7244c8a,0.6661932442247015,5,Hidden Gem,low
b7cc6c5e001441ae8cdd5c69a480cbe4,0.6660939789746738,5,Hidden Gem,low
26d8a1c7c75d513045798992ead43aa2,0.6660884937467707,36,Star,normal
117cfc326c6d50da67ca858ff5c0c852,0.6660852070692959,5,Hidden Gem,low
7a2d2949aea47fab95fd98d6c9f618b1,0.6660530907568605,12,Hidden Gem,low
ea6b12bf9ffe2bac34602ec631d97a47,0.6660188565359252,9,Hidden Gem,low
4200ddf1967c5e41e48db62bc6d4b5ac,0.6659662463279501,42,Star,normal
ccf8813e5a7d6c84d865cd38bfc2b130,0.665830726224908,26,Star,normal
41b86b552e54e3a7009596125aa8b167,0.6656175455054417,11,Hidden Gem,low
48985c61529077fa4f1e38bcff0f2ed3,0.6654442717244605,7,Hidden Gem,low
96804ea39d96eb908e7c3afdb671bb9e,0.6652975203555429,39,Star,normal
d354c38a7182125a748cb10474fe963b,0.6652820272811799,19,Star,normal
6b89abe95848c850399130d149a39b63,0.6652077770942777,8,Hidden Gem,low
01fd077212124329bac32490e8ef80d9,0.6649905640527122,39,Star,normal
0b90b6df587eb83608a64ea8b390cf07,0.6649310311926977,209,Star,normal
ce616e1913288884e7742faac9d981db,0.6648440921914573,22,Star,normal
6c177e38df6d3f34182b1f1d427231bf,0.664825810077023,54,Star,normal
41ab63a91b8b264e8c8780368bf1dd5b,0.6648044017061431,13,Hidden Gem,low
cca3071e3e9bb7d12640c9fbe2301306,0.6646792906034513,817,Star,normal
9a1aea68d3efa00862ec88c0768037d0,0.6646028126459849,8,Hidden Gem,low
e9c6969d40e6a3d2d0f90013165c2b98,0.6645287901096704,10,Hidden Gem,low
da03c298e3999e9d828591fc2179d109,0.6645231709063582,5,Hidden Gem,low
066a6914e1ebf3ea95a216c73a986b91,0.664171647528745,72,Star,normal
5a425cc503b39b262a847fd6212bf53b,0.6641667194032366,14,Hidden Gem,low
606ce7768feac12c5e8bd58db8b08f0f,0.6641072124604699,5,Hidden Gem,low
78c99c6dff4eeae5be99bf635ed21e3f,0.6640205850712345,39,Star,normal
93b9a99027bd8bd6af682aff18dd19bf,0.6637376702651392,20,Star,normal
7a9c12e235c36247c3c81f50d6ea9cea,0.6635057795601066,5,Hidden Gem,low
95e03ca3d4146e4011985981aeb959b9,0.6632091135608036,190,Star,normal
822166ed1e47908f7cfb49946d03c726,0.6630837988215496,108,Star,normal
3cfa1358a6caa965278721344c8d76f2,0.6630171570188386,5,Hidden Gem,low
d9e8c084b68fe958861d8f2c21202e6b,0.662917169575526,12,Hidden Gem,low
6e864f5c4669eff3d98140a07cc50202,0.6628801409021925,13,Hidden Gem,low
4736e9d642ef4257cd7622516931eb51,0.6628514329016474,20,Star,normal
54065e9aef7e9e9c2dc23b7594db021a,0.6628476424034234,12,Hidden Gem,low
55d3daac7c404d59e51c2aa2f4dc5a23,0.6627907471755274,28,Star,normal
3c487ae8f8d7542beff5788e2e0aea83,0.6627880425642694,33,Star,normal
1d29dfba02015238dfbe2449a5eaa361,0.6627799629602755,12,Hidden Gem,low
b6dc74ed30f124f95227bed4e43a3bed,0.6625923246065129,10,Hidden Gem,low
13f57c12a00ed4610db646b913a7f5c6,0.662573927661308,13,Hidden Gem,low
6eb94e1466490d327a09abf8f3552a50,0.6625172225971248,9,Hidden Gem,low
974cf2cb8f4b7add98709c30df02fe10,0.6624722810542301,30,Star,normal
9bcdfa7b615b3abb9461d9e3ad9886ae,0.6624523402087963,20,Star,normal
87d30a6a0cbf89356e49324971ab1d24,0.662334844978138,17,Hidden Gem,normal
1fe5540d7c1c37a595fefbacd5570d9e,0.662325471865933,25,Star,normal
3092c0b297aacfb4bb6e056ebe13b9b8,0.6622123601634178,17,Hidden Gem,normal
f181738b150df1f37cb0bd72e705b193,0.6621112137849624,37,Star,normal
4e17c65a516f69d023a2ae78b84f28d6,0.6619477208510589,74,Star,normal
a64e44665225d19dfc0277eeeaaccc57,0.6619107466231785,6,Hidden Gem,low
b2ba3715d723d245138f291a6fe42594,0.6619067177724034,350,Star,normal
7dc8c42cc750eeafea6c85712ffee9bf,0.6618866939388045,50,Star,normal
4d0041cdbe51b4617d95c70b19decc74,0.6615838613105308,8,Hidden Gem,low
94e93ce877be27a515118dbfd2c2be41,0.6612732407192307,34,Star,normal
0c7533c71df861ec58ad7ff999ed0e8d,0.6612690729440445,73,Star,normal
4e06067cc08b3f41d837768d392c3ee3,0.6611405300736278,46,Star,normal
4917cee8d902e13428c3ec4b1ca6f315,0.6610508899393762,31,Star,normal
80f2cf9abf6b5a0e5c612b5eea6646e6,0.660614941267627,6,Hidden Gem,low
3d5d0dc7073a299e31fa718ce1bc00b6,0.6606105762985499,22,Star,normal
70f84699be677ec988d1fa824aef7d90,0.6605603686654268,5,Hidden Gem,low
df0f42bc4c2142eacf0eaf2cffd0cfbb,0.66050826747282,16,Hidden Gem,normal
f214d28e8d8e3ef068748498ccc2f813,0.660299529252722,57,Star,normal
8a9260f2b0340411d6d2a56bcf4f7378,0.6600201024963183,9,Hidden Gem,low
ca3bd7cd9f149df75950150d010fe4a2,0.6598469152401741,135,Star,normal
8cc6a0e5738e61a87b03c78b2ba9db4b,0.6598372799041167,24,Star,normal
6d803cb79cc31c41c4c789a75933b3c7,0.6597505718199957,66,Star,normal
bd23da7354813347129d751591d1a6e2,0.6596490828168902,87,Star,normal
1acde099eb406aa220b1169b188b42da,0.6596460145626273,10,Hidden Gem,low
f789d2c4f2c2eb38fc4373e7a4b35264,0.659644826185331,49,Star,normal
17a053fcb14bd219540cbde0df490be0,0.6596446302905017,148,Star,normal
fb3cfbc8a86f5d7fbb4d36b8df63f60d,0.65962565846361,15,Hidden Gem,normal
01c97ebb5cdac52891c0ed1c37ba0012,0.659402089192863,12,Hidden Gem,low
17908cf9b444ee34047cadd5c0f4a516,0.6593860971396769,11,Hidden Gem,low
2e13c71026e1a39ba5cc1b86dcb679aa,0.6593848435049066,28,Star,normal
218d46b86c1881d022bce9c68a7d4b15,0.6593735044959187,420,Star,normal
edd066cd02126d7800f9b66e980e9931,0.6592600879934666,6,Hidden Gem,low
8d46553a36e68f95350a200c12f8f2e2,0.6590274036517292,11,Hidden Gem,low
f805b96fa705ba7995a221f1749dc141,0.658951878233746,7,Hidden Gem,low
184a67a8f9f63234d3a92340bbdb727f,0.6589425026388515,10,Hidden Gem,low
d50d79cb34e38265a8649c383dcffd48,0.6589303725492709,70,Star,normal
d1b9d4be4b6f9ebd85f8acd6745ba612,0.6587918335386976,11,Hidden Gem,low
9596c870880d900012f2e8e6e30d06d7,0.6587295168430249,23,Star,normal
412a4720f3e9431b4afa1476a1acddbe,0.6585338245170558,22,Star,normal
ca7c6bd577e559472af1c699de9e764e,0.6584978495590148,8,Hidden Gem,low
3076499bbc033a927bf4a8a41bcf7fd4,0.6584844460933325,9,Hidden Gem,low
966cb4760537b1404caedd472cc610a5,0.6584514083566554,67,Star,normal
05a940b4ecae36cadfd8e93bd9c43257,0.6584368203010713,9,Hidden Gem,low
be9a160a9011f627c3e121d076c1ec7b,0.658286008532159,5,Hidden Gem,low
d0d70d21e2234dd7cd3cf63fe414148a,0.658266742998484,9,Hidden Gem,low
6b9b80d53ba3676eafe60268a810b5a1,0.6581969465922797,9,Hidden Gem,low
bbaff50f3b708fda865918715276cd87,0.6581652649360782,16,Hidden Gem,normal
fd386aa7bed2af3c7035c65506c9b4a3,0.6580835464733003,76,Star,normal
8c0de775f52fe41590b376a3b7c50f68,0.657989861494936,8,Hidden Gem,low
e24d3429d294b2eb200b064ebb035879,0.6579547050916308,22,Star,normal
b9a03475e6447e631b6799ec8274800f,0.6579321770461809,11,Hidden Gem,low
7178f9f4dd81dcef02f62acdf8151e01,0.6578766781061514,215,Star,normal
5566627eab3fe93fd6ee08798226101a,0.6578639123639667,5,Hidden Gem,low
57df9869a600bd6b7c405f2a862eccfb,0.6576714177737286,5,Hidden Gem,low
5a413ade68e8f8d93071a7f52a64cb9e,0.6576471254597943,14,Hidden Gem,low
7d7866a99a8656a42c7ff6352a433410,0.6575598683770059,5,Hidden Gem,low
077c5fae4bea9500e3737b16f71b9d3a,0.6575379884626669,6,Hidden Gem,low
152ee17e4c8aaf53dac99f3462e4999b,0.657523251684034,6,Hidden Gem,low
52092ddbd3a58c450a4459bf051b2287,0.6573496816674355,6,Hidden Gem,low
3d2531eccfbde1d7c8db7a3a12fb267a,0.657327942018981,10,Hidden Gem,low
8fe8786ee000001ab51d030dfd4a7bf1,0.6573113523790552,5,Hidden Gem,low
b274baf5bbd142410eb2958cf685d684,0.6572471513113083,7,Hidden Gem,low
3340ef1913fb70d28420f6ceb685c339,0.6572446692046678,42,Star,normal
8cbac7e12637ed9cffa18c7875207478,0.6572050426891969,81,Star,normal
0c8380b62e38e8a1e6adbeba7eb9688c,0.6571968493465089,218,Star,normal
994f04b3718c2bab35c2adfa8afecd2a,0.6571788003976258,55,Star,normal
2f4b9d112bfa44a214bc6cef085d17c8,0.6571719991882206,6,Hidden Gem,low
534a01cc6df1e034e05c32028a291fa2,0.6571324816538698,5,Hidden Gem,low
813348c996469b40f2e028d5429d3495,0.6571286147930476,195,Star,normal
b1204cfda1d4948679db3cfc0d3cb95c,0.6571080481628119,6,Hidden Gem,low
06532f10282704ef4c69168b914b77be,0.6570932414702169,8,Hidden Gem,low
094ced053e257ae8cae57205592d6712,0.6570350545400321,19,Star,normal
455c5640e8c5bd1b2ee85c0158f85727,0.6570325216555838,8,Hidden Gem,low
7d294cf9a6a69dc6a0c3e540fff0e039,0.6570269263924887,5,Hidden Gem,low
dfc5fb7259bb2b599ca565e6e9448f0f,0.6570227077988208,34,Star,normal
777a0c55737f34ffeb78010f7542ab41,0.6569403260831319,6,Hidden Gem,low
1b1ae47a313a825a7ccceb8e2e30fa9d,0.6568784793339772,10,Hidden Gem,low
0761743cbffb25d7148189e9f1a5f03a,0.6568496338728433,7,Hidden Gem,low
ed9eef5be0992d413d251fadba1a410d,0.6567658479899487,9,Hidden Gem,low
c79151301b9d90985d1fa52879213105,0.6567594781786812,7,Hidden Gem,low
9ac4f14370b1e24ddc58be041b7f99df,0.6567478823358551,5,Hidden Gem,low
883dd81e82754ac2c65e9790a7db8c9a,0.6567235646648352,5,Hidden Gem,low
6879c4d287a8dd06b11f54ea8f78e4da,0.6566350556538452,6,Hidden Gem,low
97e4a63591ca439a2b8b7efd20e6e19e,0.6565751732655252,5,Hidden Gem,low
1c5e4e49b9079480255b49d50aac1aa9,0.6565649479245066,12,Hidden Gem,low
9aa388272ee334b6ae07bc73706e254a,0.6565032332776999,7,Hidden Gem,low
062ce95fa2ad4dfaedfc79260130565f,0.6564511449882648,59,Star,normal
de23c3b98a88888289c6f5cc1209054a,0.6563690524326465,178,Star,normal
10ff823eda2b032e2c93d17a7d294736,0.6563141229877026,8,Hidden Gem,low
cda598c48d7c614bc1cad7d8ff6f0010,0.6562823382871503,18,Star,normal
503c1de08ae81a2d86f17951b204db55,0.6561929122610997,22,Star,normal
8fdca8e349553f99bc738833a62c8802,0.65615433704979,29,Star,normal
00fc707aaaad2d31347cf883cd2dfe10,0.6557350909731452,135,Star,normal
e601b04acf48b4576e73ddca9481f0dc,0.6556971130291306,16,Hidden Gem,normal
4b0fdb526525f9890eb145bf1534640e,0.6555802340977092,20,Star,normal
fac35d150712afb921ec59ac5f39bb11,0.6555394095210986,6,Hidden Gem,low
c013e57c075a06e5b5c48ee03c525719,0.6555283155797514,45,Star,normal
5c853bb56f70f4d14218944bae111d7a,0.655514141623665,24,Star,normal
9d7a1d34a5052409006425275ba1c2b4,0.6554836649554284,16,Hidden Gem,normal
0e982cff76cc0579f632cea8a0e38c9d,0.6554801924084241,7,Hidden Gem,low
4bf2f4ee540798a61f9636d12cd9cc80,0.6553767732957438,30,Star,normal
dbdd0ec73a4817971d962698f2fea022,0.6553739081694713,16,Hidden Gem,normal
4d600e08ecbe08258c79e536c5a42fee,0.6552212773802961,7,Hidden Gem,low
6288c69c4ce638e59925e59193f98b16,0.6551436024258978,20,Star,normal
40d54b51e962dbe09cabbcfd33298dee,0.6547874967430338,31,Star,normal
093805f8f2aeb63881444571e1f48f30,0.6547608508473187,27,Star,normal
6426d21aca402a131fc0a5d0960a3c90,0.6547486300520969,23,Star,normal
b6e1504972665f739dec4facb9943775,0.6547450017491709,14,Hidden Gem,low
2cb6eb1b7185064167657fa09f541105,0.6546238873596258,7,Hidden Gem,low
91543f9849d68d023e17194926598543,0.6545847803187622,6,Hidden Gem,low
e883aa812c37a7413226856f4579fe91,0.654559638795716,29,Star,normal
d13e50eaa47b4cbe9eb81465865d8cfc,0.6544526441612674,68,Star,normal
ce69a8021d18961dd2a40269b7c2c293,0.6543965497287016,19,Star,normal
cb3dd9ce66268c7a3ca7241ac70ab58c,0.6543957981632745,50,Star,normal
253f95b3a0e6983ae18aed49fbc2b845,0.654384389897386,5,Hidden Gem,low
512d298ac2a96d1931b6bd30aa21f61d,0.6543512268453403,12,Hidden Gem,low
725af026f869236a8dd0ceb98564d156,0.6543297116871969,5,Hidden Gem,low
05d2173d43ea568aa0540eba70d2ca76,0.6542690962043876,66,Star,normal
efff9341f3f8f5237b44ff67ed36a7bf,0.654026252493928,5,Hidden Gem,low
cbd996ad3c1b7dc71fd0e5f5df9087e2,0.6539235386126648,189,Star,normal
1996942dc085d7773ba77a529b163cd0,0.6538656287954503,9,Hidden Gem,low
596849622429351f47b32e6cae1055ff,0.653782909795236,13,Hidden Gem,low
68f86ba270525243e68ae74044f992b9,0.6537422389533687,11,Hidden Gem,low
33576ec5412fb5905d876f12f33bfde6,0.653671783034651,32,Star,normal
138dbe45fc62f1e244378131a6801526,0.6536333482831296,58,Star,normal
7aa538dd6e114e503a2e6154ea352253,0.6533260107807306,5,Hidden Gem,low
f00e21b1e91a79653163b7fd8f293ff1,0.6531272289182029,31,Star,normal
1987cd4be10fe09ee50454f9c354d1c6,0.6531168949474011,16,Hidden Gem,normal
3969863bb8af7f72580b3b1ffd3a17b3,0.6530930783654226,13,Hidden Gem,low
7ea5bfa6c340f58f8e71fc1f0412b0d6,0.6530479257988284,102,Star,normal
0887a9f087bcd5d9f6642b52f897fc6c,0.6530081203711521,12,Hidden Gem,low
15ead3a5037a918ddb520dfe39a3d2b9,0.6528681241483051,7,Hidden Gem,low
817245bcc3badd82bbd222e0366951a6,0.6528314497855369,44,Star,normal
624f4ece8da4aafb77699233d480f8ef,0.6528033327766534,54,Star,normal
f63d8f293af3a6454377546bd9dd19ff,0.6527366593633575,28,Star,normal
4b39558c138930b9e5489c93b6df5fe3,0.6525418489395721,5,Hidden Gem,low
343e716476e3748b069f980efbaa294e,0.6525385814216926,23,Star,normal
365e445f796710c3431557e85caa25db,0.6524526679015631,5,Hidden Gem,low
2138ccb85b11a4ec1e37afbd1c8eda1f,0.6522616140059087,419,Star,normal
272f092de69afedd4d2969440b37f18f,0.6519002152044842,39,Star,normal
01cf7e3d21494c41fb86034f2e714fa1,0.6518098436690805,65,Star,normal
71592660bbcb6a4664e97b6f8b68babc,0.6518068526039692,7,Hidden Gem,low
cf1313c6e2c01c2f4b014f97db4bcd2b,0.6517912177344867,5,Hidden Gem,low
b2ac621f0d0322434d04a12b078b9369,0.6517303238664248,30,Star,normal
269cff2d3c8d205c11f37a52402ea93b,0.6516408280588353,5,Hidden Gem,low
26af45f5dfd967225a832838aa4e24a3,0.6514203832003621,11,Hidden Gem,low
5ef131ac72773e5b3f6c0d63cf424657,0.6514144245070624,11,Hidden Gem,low
62c50c1af4dfdc4149d25c5222043d39,0.6512687568372034,17,Hidden Gem,normal
ad273c9eb54ecb4532de4bf75bae9e4e,0.6512611155244344,11,Hidden Gem,low
4d232b78ab7ef10393dc3807d827bc0d,0.6510924887402778,5,Hidden Gem,low
72c5da29406b4234927b81855e7b64f6,0.6510854218572495,31,Star,normal
06e5eefc71ec47ae763c5c6f8db7064f,0.6510731676143319,93,Star,normal
b3b17aab11f273023a5f22ca52e1eb70,0.6509440305482721,13,Hidden Gem,low
c394e193cda3b4225ff2094d32184849,0.6507561104788122,11,Hidden Gem,low
a0415d9b25ede3c4b1e477e9916ffc03,0.6507232290627154,9,Hidden Gem,low
38e679b9e0064cd94c6f035707344dae,0.6507227247001083,28,Star,normal
77a515caa36327151d1cc6c32a9f00e1,0.6505884026715026,26,Star,normal
8d79c8a04e42d722a75097ce5cbcf2ef,0.6504593601843659,27,Star,normal
827f8f69dfa529c561901c4f2e0f332f,0.6504210983615396,104,Star,normal
c9aafcd0621b2207c10e32c649cada4d,0.6500506206872166,47,Star,normal
ae8bfdbf1c2a2a2dee92d799db0a31c6,0.6499023089429873,8,Hidden Gem,low
c7a0a13cbcf29d5ce51c8f80afdc0b89,0.6497150916749657,9,Hidden Gem,low
15cd6eefe58588619aaed41dfa6621b1,0.64951358562217,18,Star,normal
c33a5c3c983090c8b78a28e65052a20d,0.6492344258140729,8,Hidden Gem,low
643214e62b870443ccbe55ab29a4dccf,0.649220960829334,66,Star,normal
ae7ab174effdead6c241e547e4ca13f0,0.6491912235805217,7,Hidden Gem,low
de66a66f2dd06bb9ec37aa96987466a3,0.6490773907573018,8,Hidden Gem,low
76ea5315acb3f5f7ade3cd261faf922a,0.6490743796886419,15,Hidden Gem,normal
fdb9095204a334cd8872252ffec6f2db,0.6490151239377301,61,Star,normal
901b460cdce0c64e471230d7f2f9f3a3,0.64900185129187,5,Hidden Gem,low
cea729054f157f5870bdd321a958d994,0.6489726510215218,26,Star,normal
c510bc1718f0f2961eaa42a23330681a,0.6489481310059055,12,Hidden Gem,low
1f867308a0ce13133a4e639ff4de0c02,0.6489399716154047,13,Hidden Gem,low
49e7217cfe4e427191c378ec626d8737,0.648883969538081,13,Hidden Gem,low
a4bd6e9adf39b63f43dc545d3ca1f53d,0.6488776778647859,5,Hidden Gem,low
8a32e327fe2c1b3511609d81aaf9f042,0.648796179456758,169,Star,normal
bb7a14e229b1c95156719c3d9552eeee,0.6486535513982814,10,Hidden Gem,low
7f40d06aa0b5f1aa4f41af8c0480e2ef,0.6483489279725119,6,Hidden Gem,low
e38db885400cd35c71dfd162f2c1dbcf,0.6483260470731161,32,Star,normal
f3c38ab652836d21de61fb8314b69182,0.6482720102548685,15,Hidden Gem,normal
63b9ae557efed31d1f7687917d248a8d,0.6479456366057629,7,Hidden Gem,low
dc317f341ab0e22f39acbd9dbf9b4a1f,0.6479054730686659,58,Star,normal
a5a1bfcf728ab0e19182959cf0771ee4,0.6478695029668021,24,Star,normal
fe49ee029e61e789a1f3a5525f57ba8d,0.6477724189906616,16,Hidden Gem,normal
112453736dbe3889cfb74e1aaa0ba0c1,0.6473760754397089,14,Hidden Gem,low
70bf57d811208f8923b41bbd499a67a4,0.6473503001854397,7,Hidden Gem,low
1f9ab4708f3056ede07124aad39a2554,0.6470874285905626,77,Star,normal
8f2b51a30523cdecddc2f179f351c7d6,0.6470227546705493,8,Hidden Gem,low
845e8036c3f7bf62099352f5ed910240,0.6470120317739342,24,Star,normal
768a86e36ad6aae3d03ee3c6433d61df,0.6469937656702862,17,Hidden Gem,normal
89ad3263c0931c47f976d7c5778e60f6,0.6468679389032692,6,Hidden Gem,low
df47da4ae86fa4db890d05aaf24e21d8,0.6467474015558425,5,Hidden Gem,low
542917da124346b47ea1ac79a93ce454,0.6465385798219985,20,Star,normal
77714512e8d4dda9c234da8e3faf16e4,0.646507768458618,6,Hidden Gem,low
262237171f48e85819065498cac80d7b,0.646378022634009,10,Hidden Gem,low
aae5e7b457a3c72ee230a47d98fceda5,0.6463259669341943,7,Hidden Gem,low
6c12e40690c335dbc2f68a4134d30dc1,0.6463183595699187,18,Star,normal
65a7c0788e4d632ccb5e1b594b87f0bb,0.6461635312490838,9,Hidden Gem,low
33c51922b6e3c16b24a8f28e5833c99d,0.646138891428161,20,Star,normal
4391ea5c5990502176a1dcda44a2373d,0.6460712250208789,5,Hidden Gem,low
7357b52d27cbaa90f81a96cbc1279396,0.6459636499731248,12,Hidden Gem,low
809413606dbfe5deefd2db646693ef67,0.6455857741721547,5,Hidden Gem,low
9140bd1d9de28b197dce077bdd687438,0.6455118394887991,8,Hidden Gem,low
c0563dd588b775f2e37747ef6ad6c92c,0.6454715323188723,28,Star,normal
189ca3538ce9f920cacf0f982cbe223b,0.6453689931041238,5,Hidden Gem,low
7210cd29727d674c00741e5e387b3ccd,0.6453549611207615,13,Hidden Gem,low
70c27847eca8195c983ed7e798c56743,0.645296666179731,98,Star,normal
e70053bf73d1b5863932e53a9fa47496,0.6452759371108105,7,Hidden Gem,low
432c37c9dfba871172ec162e20118b8c,0.6452471771299056,55,Star,normal
001cca7ae9ae17fb1caed9dfb1094831,0.6452159551478598,234,Star,normal
165b1235e9e9942cb5fae67103576fb0,0.6451604075000029,16,Hidden Gem,normal
17f51e7198701186712e53a39c564617,0.6451274636951386,61,Star,normal
515d781150feed28a6ac091bb0e3cb8c,0.6451048265329774,6,Hidden Gem,low
b94cc9f10ddc85e4ba73a6f7974e7101,0.6450491793652847,39,Star,normal
daeb5653dd96c1b11860f72209795012,0.6450390349507003,39,Star,normal
ed859002ad59dbf8cf3602696a6c3000,0.645030307927805,11,Hidden Gem,low
c113b8df1fc375bc3d73d29c1b1144d1,0.6449214485381991,5,Hidden Gem,low
e8a85b5f3df47be0984c55fd4064dbb4,0.6448263497817047,14,Hidden Gem,low
4ba52dfeba874da5b9ee7b17c7494f04,0.6446684787463465,11,Hidden Gem,low
ba6b68b55fe8704377a7d43c8e5c0185,0.6446554483216281,5,Hidden Gem,low
4559697a8f7e637227c2eeaed843baff,0.6445957634802754,39,Star,normal
6bb62a4912377c7bfe7cb17b406bc7e6,0.6444929917474602,6,Hidden Gem,low
7b0df942f46435babab05d49b744b2c4,0.644448968090563,32,Star,normal
dfa0c4c6229ab200a4a1336b4d7128ff,0.6444049516201713,86,Star,normal
0b36063d5818f81ccb94b54adfaebbf5,0.6443913227409342,15,Hidden Gem,normal
232a6014e7b10cba61c6c2b2ea6bb4b0,0.6443412903279766,35,Star,normal
1eade46fba20122dc4aefb379f8c636b,0.6442269691718369,75,Overrated,normal
a1bea7061f61f6fdd9a85a6325ba1033,0.6441846364278497,9,Overlooked-Low-Quality,low
751bdc4d83a466c7206cd42e8f426b03,0.644175726739332,68,Overrated,normal
99a25c39b28a74d1151c35c18d178292,0.6441596168280493,6,Overlooked-Low-Quality,low
48e954b2da4f6a750c844173b347ed40,0.6441351008221988,6,Overlooked-Low-Quality,low
b32be1695eb7ec5f10f72d9610a12527,0.6441320921551528,45,Overrated,normal
48162d548f5b1b11b9d29d1e01f75a61,0.6439427839286062,89,Overrated,normal
8b2492b7ff4468839593fafeed55bad9,0.6439023878420594,45,Overrated,normal
870d0118f7a9d85960f29ad89d5d989a,0.6438689625855013,61,Overrated,normal
2646baaf662d4d92ac48f047e35db92d,0.6438657308268125,18,Overrated,normal
024b564ae893ce8e9bfa02c10a401ece,0.643769708929354,8,Overlooked-Low-Quality,low
81783131d2a97c8d44d406a4be81b5d9,0.6436302481533538,9,Overlooked-Low-Quality,low
b335c59ab742f751a85db9c411a86739,0.6435808408275965,31,Overrated,normal
3f8034bfc6b8b4135534975d49f04c63,0.6434938718834744,14,Overlooked-Low-Quality,low
14a08204d03bb6b6bde8029f801ae0eb,0.6433074223720394,38,Overrated,normal
7df1fc11cc5cbc518b39faa60cf5d67c,0.6432040391112336,5,Overlooked-Low-Quality,low
0adac9fbd9a2b63cccaac4f8756c1ca8,0.6430885759078687,134,Overrated,normal
cb9fb4ca75d7ba8437480e8dde64fe98,0.6430771716513424,10,Overlooked-Low-Quality,low
004c9cd9d87a3c30c522c48c4fc07416,0.6430090585281902,168,Overrated,normal
5dceca129747e92ff8ef7a997dc4f8ca,0.6429325106000914,343,Overrated,normal
5b664594895aefb418afaee6d40a9a23,0.6428844488061285,22,Overrated,normal
bd0389da23d89b726abf911cccc54596,0.6427501717682167,90,Overrated,normal
4b5f66b7adcf57f1ecc0d3c07dd6b177,0.6426051955423578,38,Overrated,normal
8e34331b7eedd03be4e5d965c1956225,0.6426030641252786,5,Overlooked-Low-Quality,low
79ebd9a61bac3eaf882805ed4ecfa12a,0.6425165699080493,140,Overrated,normal
e4ebd3f87bf70440014f07ddda7fbe03,0.6424969680925161,7,Overlooked-Low-Quality,low
562f8cfc51f265411f487d07e9c40e7f,0.6424357965092931,13,Overlooked-Low-Quality,low
bba3293d6f5d5af2f415e004e8b93ae3,0.6420363162727747,17,Overlooked-Low-Quality,normal
5236605f4d4b0b3e4df85b850393fca0,0.6420168084491866,5,Overlooked-Low-Quality,low
c826c40d7b19f62a09e2d7c5e7295ee2,0.6419381036983491,365,Overrated,normal
67225bff54a172ff67579aaf583efd78,0.6418368016755763,8,Overlooked-Low-Quality,low
a17f621c590ea0fab3d5d883e1630ec6,0.6418101164047872,78,Overrated,normal
5a05a16bb50629ee31afab8a6d4c2674,0.6417199456270389,15,Overlooked-Low-Quality,normal
f262cbc1c910c83959f849465454ddd3,0.641600353718365,204,Overrated,normal
fcb5ace8bcc92f75707dc0f01a27d269,0.6414968074074471,70,Overrated,normal
2be17df1c49978426251562096c3cc09,0.6414642724588817,16,Overlooked-Low-Quality,normal
a3b42d266fa8afc874b909422ce88582,0.6414571389795306,6,Overlooked-Low-Quality,low
45ba18c210d42734ec52c0c1c574e9ee,0.6414472222420707,38,Overrated,normal
df56d7b40d437f88407c5f78b63bc328,0.6414438187128246,25,Overrated,normal
7a241947449cc45dbfda4f9d0798d9d0,0.6414156762691725,66,Overrated,normal
8d956fec2e4337affcb520f56fd8cbfd,0.6414094434552176,227,Overrated,normal
eb3071b9f0b0ddaa2df5ea130f09f26b,0.6412861835340605,11,Overlooked-Low-Quality,low
6b333a05bf188ef3e1f1662a86bd9855,0.6412652564851492,13,Overlooked-Low-Quality,low
38102b031c2a15e54623d711bfc753d3,0.6412259245750945,10,Overlooked-Low-Quality,low
bb5bd94c8f59cc050072d2930c869cac,0.6412005116369017,17,Overlooked-Low-Quality,normal
45d33f715e24d15a6ccf5c17b3a23e3c,0.6411325444029865,58,Overrated,normal
5e105f5c9f63f5f1fd75d6cb942e55b1,0.641124388943667,8,Overlooked-Low-Quality,low
59cd88080b93f3c18508673122d26169,0.6410663579860565,12,Overlooked-Low-Quality,low
ffa6adafb71b807dc13159e26431354c,0.6409574831466709,17,Overlooked-Low-Quality,normal
5b51032eddd242adc84c38acab88f23d,0.6409556893773869,14,Overlooked-Low-Quality,low
a7c88262832dfc683781d6a421edefae,0.6408531684699471,5,Overlooked-Low-Quality,low
28ea411b354f14b1a494be4e79f0ce02,0.6407360855950067,6,Overlooked-Low-Quality,low
ea65d8b58316a6f2362f2a9e4b3e86ad,0.640705604130705,16,Overlooked-Low-Quality,normal
b9ca8e8baa5d4aa038394a700f63e69f,0.6406801036736095,14,Overlooked-Low-Quality,low
cfe94489ddd337d1e29e12f2a7205d10,0.6406561385331214,24,Overrated,normal
0ffa40d54288e4f3499b8780dd0f144f,0.6406353129421787,35,Overrated,normal
e8b4225284fbb02d16f200513f1f395d,0.6405241282573702,30,Overrated,normal
4677a5437afda5fa7140b927b07be1cc,0.6403429990414241,11,Overlooked-Low-Quality,low
6da1992f915d77be95d7fa48b36904af,0.6403138209420166,9,Overlooked-Low-Quality,low
cf2384dd2f1dddea3f838efed0945e65,0.6402893773511871,16,Overlooked-Low-Quality,normal
7901646fdd36a55f564ffaf2dbccaaf7,0.6402656542384081,27,Overrated,normal
39d61be7a92eb77b7da367bd4845bc0e,0.6402277720701672,14,Overlooked-Low-Quality,low
a63bfbaa882c8f4542891b4e2246cc7f,0.6401962197454861,6,Overlooked-Low-Quality,low
98dac6635aee4995d501a3972e047414,0.640148435539775,190,Overrated,normal
f52c2422904463fdd7741f99045fecb6,0.6399993256133049,13,Overlooked-Low-Quality,low
b4b447d715f9ab302a188fb43d3e96b3,0.6399669603607863,5,Overlooked-Low-Quality,low
3985a3c45be355a4c57fde108bfabd1c,0.6398867476326535,8,Overlooked-Low-Quality,low
9198786624eaeb375793215cad26cfa6,0.639845921822707,9,Overlooked-Low-Quality,low
271c58a1d139c45eaf3316107c6d3a3b,0.6396890044955658,27,Overrated,normal
07017df32dc5f2f1d2801e579548d620,0.6395965993639867,9,Overlooked-Low-Quality,low
48436dade18ac8b2bce089ec2a041202,0.6395828483383049,147,Overrated,normal
651fe66032c9520ee5587f694908040d,0.6392346331793684,7,Overlooked-Low-Quality,low
3481aa57cd91f9f9d3fa1fa12d9a3bf7,0.6392233932783716,25,Overrated,normal
0ac4201fda2c68ebc0e47cb9423cf3c9,0.6391324226767298,14,Overlooked-Low-Quality,low
f35becee938e982bd615edf8ef12bcfb,0.6389694816622316,6,Overlooked-Low-Quality,low
f0b47fbbc6dee9aafe415a6e33051b3f,0.6389495195012842,85,Overrated,normal
e644cbadf7eeb30d0d29f335ce7d52ec,0.6389387164788972,9,Overlooked-Low-Quality,low
085f6f7e049c996695fb2074fe38d45e,0.6388133971782658,8,Overlooked-Low-Quality,low
52a52b9f656520e99716f5bc40f661c8,0.638549945802662,8,Overlooked-Low-Quality,low
8090490573c6c0aa343a7231ebcb8c86,0.6384840454724814,26,Overrated,normal
7a425d299613df3e613bcf9d2eaf5c49,0.6384416925814621,18,Overrated,normal
b8a0adc91af209270c2c725168eb00fd,0.6384301313135078,6,Overlooked-Low-Quality,low
97512d3fc193b2d1dfcdba0f9d1f0f8a,0.6383291398346361,13,Overlooked-Low-Quality,low
b83cedfb587e7911540e3f576d6917ce,0.6383124352880131,25,Overrated,normal
e5475dcab1e07b63d7f6e902d8f5eda8,0.6382822471322979,19,Overrated,normal
6b536a23086fba0d58c08d68814397f6,0.6382213234246378,22,Overrated,normal
8b655f0855926bcb49f5835d38dfddf6,0.6380002504422457,5,Overlooked-Low-Quality,low
89f69225956f951295ca4c7fb1266553,0.6379332357546379,12,Overlooked-Low-Quality,low
392e0502231ae2f8b29994ef6398cd77,0.6378988256779772,17,Overlooked-Low-Quality,normal
120476eb7a04c149d14772edaf5d9bf2,0.6378763760094227,6,Overlooked-Low-Quality,low
bff9deb0ec77d437f3305a79cf25529e,0.6374513047776781,5,Overlooked-Low-Quality,low
5fd924b4836098a5be0ecf81ba054ce0,0.6374360965676931,8,Overlooked-Low-Quality,low
b16d3dadc47d4eb18be3d88bad0775ce,0.6374034912646056,11,Overlooked-Low-Quality,low
f25e239052084705e17a982bc600ab2a,0.6373234960885608,8,Overlooked-Low-Quality,low
c794dab4928dd97beb41d05514441e86,0.6372560458691036,16,Overlooked-Low-Quality,normal
0be8ff43f22e456b4e0371b2245e4d01,0.637183568814362,175,Overrated,normal
a806a4bb063ea7ca6d374eafa50a6058,0.637130288878861,6,Overlooked-Low-Quality,low
ad87df7699e83b8a91822a4a0b765c3a,0.6370673423356398,6,Overlooked-Low-Quality,low
9cea4682e16655f7da87f406902e989e,0.6370391580062592,9,Overlooked-Low-Quality,low
7f35f9daf223da737b78738fbae4d977,0.6370124658447431,5,Overlooked-Low-Quality,low
54c04bdb5ec46762f8f08c7e8f86ed4a,0.6369082943283927,19,Overrated,normal
8e2b3afb420011ef0c88c9d5f11ea526,0.6368954517602503,11,Overlooked-Low-Quality,low
0791d9fc1e30678ecf03d3e55fa108d3,0.6368874021151193,11,Overlooked-Low-Quality,low
55c26bcb609f480eb7868594245febb5,0.6368747425358462,6,Overlooked-Low-Quality,low
d93844a9c55ba7ce353388bcf849ea56,0.636434861999306,14,Overlooked-Low-Quality,low
d9d43faf741ceaa8da52fdbb81d9e0e3,0.6363669221942764,6,Overlooked-Low-Quality,low
29fe9f200d3fa0c668d2aa1ec7e08dfb,0.6362912202914462,5,Overlooked-Low-Quality,low
5dc203c7b84a0e71e878a179de05fb9a,0.6361844954426814,5,Overlooked-Low-Quality,low
c5f7feb04a6a1fb3596322bfc3cf1917,0.6361509473669362,11,Overlooked-Low-Quality,low
3b15288545f8928d3e65a8f949a28291,0.6360419068953516,118,Overrated,normal
ad420dd0c4f92f8af951ac24b86d0cf5,0.6359740811625005,46,Overrated,normal
07de60b03d150fb3ea09eab5da5e4c8b,0.6358977342778278,9,Overlooked-Low-Quality,low
2e7ea2aafec5835e781b21d6d1faf1f1,0.6358804537377477,7,Overlooked-Low-Quality,low
11305281b50fff20ae8bb473f8e11876,0.6357640354531454,40,Overrated,normal
e8b3a3a38279a82f0e5d006d5e5b7d2c,0.6357463903921166,85,Overrated,normal
0aa2205ca24f113f4658a5c536667426,0.635640724118735,11,Overlooked-Low-Quality,low
fe701d88b67eaca109dffd464d1be9f9,0.6356063061436548,10,Overlooked-Low-Quality,low
e8dba4d70f7f2b20e775d09cae01142d,0.6355273378658663,9,Overlooked-Low-Quality,low
7bcd7c5f8631701474db233ccf1c094b,0.6354674460895304,8,Overlooked-Low-Quality,low
5b33b527da3c5b969cc99dc435cad09a,0.6353841319879592,17,Overlooked-Low-Quality,normal
68ca56ce86830f3d31b1b7ec6a54da3e,0.6353180748553797,5,Overlooked-Low-Quality,low
acb6c2ca5c82411c1fdb88d5fd5eb95e,0.635311610061179,11,Overlooked-Low-Quality,low
391fc6631aebcf3004804e51b40bcf1e,0.6352728650236676,605,Overrated,normal
06df0c10d34e459d9672bc77388742eb,0.6351655563604928,30,Overrated,normal
ad97a199236354e53fcd91a5a913e9a2,0.6350562432942601,17,Overlooked-Low-Quality,normal
94b9108d4b637ba65bb4f1e53cfcf8d8,0.634985674792802,8,Overlooked-Low-Quality,low
32b8764b4ef628b53608fc34011fcc13,0.6349691239964029,38,Overrated,normal
6750d71153f00fc58829af2a8ef1bcf1,0.6349048468373806,6,Overlooked-Low-Quality,low
38e6dada03429a47197d5d584d793b41,0.634832171724461,12,Overlooked-Low-Quality,low
c6381d2d013342748761e906d45aff76,0.6347414862543752,28,Overrated,normal
1c68394e931a64f90ea236c5ea590300,0.6346775423177695,171,Overrated,normal
92eb0f42c21942b6552362b9b114707d,0.634659965913386,358,Overrated,normal
59417c56835dd8e2e72f91f809cd4092,0.6346092552104211,18,Overrated,normal
a369d693961cb93b61ca2cc518872a85,0.6345899334677667,18,Overrated,normal
5b07547f10dd980738a1a27f685af669,0.6345496655564656,14,Overlooked-Low-Quality,low
f5a590cf36251cf1162ea35bef76fe84,0.6343987090286406,118,Overrated,normal
e59aa562b9f8076dd550fcddf0e73491,0.6343130718613232,82,Overrated,normal
e24fc9fcd865784fb25705606fe3dfe7,0.6342527576760796,55,Overrated,normal
c5e60e39c0f42b8e827daa13cff74afa,0.6342261708193077,8,Overlooked-Low-Quality,low
7142540dd4c91e2237acb7e911c4eba2,0.6342245018674276,328,Overrated,normal
ea00f977a203ff88adf7057cb7806998,0.6341130745837592,18,Overrated,normal
be3b4b0f050a6aa1b2d901c4b77e979f,0.6340648621775548,8,Overlooked-Low-Quality,low
951e8cef368f09bb3f3d03c00ca4702c,0.634044050878154,69,Overrated,normal
5075aaa8404020ae6aa8bf4792099b41,0.6340147164467318,15,Overlooked-Low-Quality,normal
82bd0703a4aefd6b599e5bfdaed378fb,0.633717128470765,23,Overrated,normal
7b1222c3624aa89b9558b50a2594188c,0.6335877089499414,22,Overrated,normal
ba143b05f0110f0dc71ad71b4466ce92,0.6335757631509324,84,Overrated,normal
baa49d93c8c8841e27400a300f5d74b2,0.6334629921082043,6,Overlooked-Low-Quality,low
577719699805dd125d5b6fdde5943bba,0.6334608727343279,8,Overlooked-Low-Quality,low
89d9a386b0b6e5fc8403071b03f7206a,0.633328394981181,5,Overlooked-Low-Quality,low
525e75a6fb1454a2325ab1734bcec221,0.633317873930582,10,Overlooked-Low-Quality,low
2528513dd95219a6013d4d05176e391a,0.6331942995677007,166,Overrated,normal
1782ce2db72c3dda627d5e7c898104e1,0.6330303479576809,10,Overlooked-Low-Quality,low
9c0e69c7bf2619675bbadf47b43f655a,0.632730363607938,200,Overrated,normal
382229d1e840115ffe3dbf5ff460e417,0.6326930522531259,48,Overrated,normal
406740ee611378a662d274c7d8c43c4a,0.6325527191962234,10,Overlooked-Low-Quality,low
5b67882648febfb6e1225e6ad7164f6b,0.6325290913770112,30,Overrated,normal
f92d8c817434bd2d84d4e9c61322b7fa,0.6324376227913533,5,Overlooked-Low-Quality,low
7b8e8ec35bad4b0ef7e3963650b0a87b,0.6323726832798395,5,Overlooked-Low-Quality,low
3c3017960b2dbd72711a61f0400aab8f,0.6323324796734262,9,Overlooked-Low-Quality,low
ce7d1888639e6fb06b2749cbfdac1ff7,0.6320836653120391,84,Overrated,normal
aac29b1b99776be73c3049939652091d,0.6319787000502134,131,Overrated,normal
cd3d09fbe6e3e9ff0c0ac0c300e93ae7,0.6319742459367058,12,Overlooked-Low-Quality,low
9906e7aa42a3c067b7c9a564d01c4320,0.6318155853845989,16,Overlooked-Low-Quality,normal
f5f2ab9bdb6b30c14c61be68c5ed37da,0.6317401252732268,18,Overrated,normal
c8b0e2b0a7095e5d8219575d5e7e1181,0.6316095445800547,85,Overrated,normal
c8417879a15366a17c30af34c798c332,0.6315585333305764,35,Overrated,normal
7b7f91e98f8c6def45a1407923304402,0.6315447961762547,14,Overlooked-Low-Quality,low
0ed6ce5d87fd9c69eaacaeb778d67235,0.6315305180137611,42,Overrated,normal
ce20a2ec1514c25e16f2b5b39bc818f0,0.6313555361847207,7,Overlooked-Low-Quality,low
6a8b085f816a1f75f92dbac6eb545f8f,0.6312501581439182,133,Overrated,normal
2953ce3a88f5e3c3b696d77fc9e4c8eb,0.6311911482724325,15,Overlooked-Low-Quality,normal
b56906f7fd1696e043f1bcce164c487b,0.6309964830431827,42,Overrated,normal
fbc14c0cf93505ef89f64665ffa4a7b5,0.6309423869162923,18,Overrated,normal
a1544b9ea0b2390e020537d4daa89049,0.6306477777233583,8,Overlooked-Low-Quality,low
6bd503a8230299c9316fb0f726933927,0.6306035335308396,5,Overlooked-Low-Quality,low
05feb94f19d094d4b0f9281f0b1d4c99,0.6303973182312667,6,Overlooked-Low-Quality,low
269c5fc9fcadee614364c3620c30a1f9,0.6303015264043063,6,Overlooked-Low-Quality,low
fe87f472055fbcf1d7e691c00b1560dc,0.6300541322127238,6,Overlooked-Low-Quality,low
cfa5ab0e4d3fc212fd0b3410e7081c62,0.630012112780908,20,Overrated,normal
1cbd32d00d01bb8087a5eb088612fd9c,0.6299778539249874,12,Overlooked-Low-Quality,low
1f1bb1f0859883505541bdd6606193e5,0.629635827283216,29,Overrated,normal
a5259c149128e82c9d6d46e0c1c812bb,0.6296089770121783,8,Overlooked-Low-Quality,low
54aa8463e87776b5612f4bdc4bd5d4de,0.6293711988358918,7,Overlooked-Low-Quality,low
e1dc0754bada9ee4cfe9713f22f61292,0.6293326637207087,12,Overlooked-Low-Quality,low
a5dd1946fb63ada8bcaa0c9cd8f11e22,0.6292912499404659,7,Overlooked-Low-Quality,low
3a4127e1ba7208ea37044c5092aae170,0.6292605381310318,5,Overlooked-Low-Quality,low
4eb61f060e7dcc1d5a80d806c35cc541,0.6292107690576259,8,Overlooked-Low-Quality,low
52d76513f0c4d97f3b99570e2c94ee31,0.6291392619651712,28,Overrated,normal
d6b664fa0667064c6d76394e7848d790,0.628977393265535,6,Overlooked-Low-Quality,low
dc7192adf8ba09569261f4a8d576afe0,0.6289236922935859,8,Overlooked-Low-Quality,low
96493fab2fbb13a14d0c0e8772eef5c3,0.6286853115255813,64,Overrated,normal
b29d3380981c51df13fc6fbe87e1763d,0.6285404862293894,7,Overlooked-Low-Quality,low
2a7dc43cecabf23403078e2188437d1d,0.6283827544001789,54,Overrated,normal
6ddc28b61be28373b4503a1f61cf98a9,0.6281767867928814,11,Overlooked-Low-Quality,low
f5b44895715ddfe3087dc414f30268f3,0.6281502460836295,19,Overrated,normal
b839e41795b7f3ad94cc2014a52f6796,0.6280752386074934,36,Overrated,normal
4de6e4ba574aa9dfdc824bc44dc47fdd,0.627735990555821,14,Overlooked-Low-Quality,low
f626e15b7314c267e4429010866f70e9,0.6277174478873008,7,Overlooked-Low-Quality,low
a23266650e7c84bb93fbbba502137478,0.6276846462469621,16,Overlooked-Low-Quality,normal
c1ed9e3daf6154542826a6996af0fb8c,0.6274088493463413,16,Overlooked-Low-Quality,normal
eed78ac17f7f795a19a709745f00cd4e,0.6271978330729646,56,Overrated,normal
77530e9772f57a62c906e1c21538ab82,0.6271456603386618,381,Overrated,normal
8931a84a914b3fe9b1ddaa4d704947ca,0.6269872088202941,32,Overrated,normal
fdaaf5bfda82b7b80535610c831b8d09,0.6269081611648052,15,Overlooked-Low-Quality,normal
f021c962aaba8ef6eb527a9c2c8394d1,0.6268254297864003,5,Overlooked-Low-Quality,low
6d66611d7c44cc30ce351abc49a68421,0.626697096235103,174,Overrated,normal
9261d76c62caaf0b24677c2ceb7f8f20,0.6266837662577266,7,Overlooked-Low-Quality,low
e067ad2c1c0b48758eb1b5228bcf7a68,0.6265986756512857,61,Overrated,normal
1e8c6a4c538f286aee9573239740a4b4,0.6264675908704143,5,Overlooked-Low-Quality,low
609e1a9a6c2539919b8205cf7c4e6ff0,0.6263571748340144,130,Overrated,normal
403aa86912527d730337ffcb0fb096ab,0.6263108049820836,11,Overlooked-Low-Quality,low
3dbbce181edfaa4a597ec858c382d2ec,0.6262066212207151,20,Overrated,normal
b586cd24c010a13916af621b0325fbba,0.6261956027616149,7,Overlooked-Low-Quality,low
fe26f3ecb51a15e6d8335cd92da42562,0.6261863225328511,7,Overlooked-Low-Quality,low
439a47cc365d6e3bd526812ea9de3c29,0.6260825398565536,13,Overlooked-Low-Quality,low
22c32ec35d0116ef02c281798a25bf8b,0.6260596533917923,6,Overlooked-Low-Quality,low
31da954dc0855f2495c6310f70a2f931,0.6260518204751039,30,Overrated,normal
ce248b21cb2adc36282ede306b7660e5,0.626016227953357,65,Overrated,normal
c64a2aec32cc408a8a4c6d7c46017f91,0.6259901754949233,9,Overlooked-Low-Quality,low
70849ca4f400aaabb62cb7462a6f1428,0.6259337729747685,12,Overlooked-Low-Quality,low
76d5af76d0271110f9af36c92573f765,0.6258881496632431,155,Overrated,normal
8e6cc767478edae941d9bd9eb778d77a,0.6258292527979316,108,Overrated,normal
d2374cbcbb3ca4ab1086534108cc3ab7,0.6256957476687702,620,Overrated,normal
5d9dc90a686a8fddacffab6bab5653a3,0.6256574587977668,12,Overlooked-Low-Quality,low
b561927807645834b59ef0d16ba55a24,0.6256533216353684,95,Overrated,normal
67bf6941ba2f1fa1d02c375766bc3e53,0.6256117357487809,20,Overrated,normal
a53f60f05f822b5c621a50ff6a5cb362,0.6255951709122332,6,Overlooked-Low-Quality,low
c0aff2da32c17759d30b22fb0af6649d,0.6255398659158651,5,Overlooked-Low-Quality,low
ba6b4a237f92479743cf0ca06b67a9ac,0.6254373733664412,8,Overlooked-Low-Quality,low
14d7985702e72162bbf13b6beb74ab2b,0.6253466303366599,38,Overrated,normal
7ddcbb64b5bc1ef36ca8c151f6ec77df,0.625276075495058,334,Overrated,normal
33dd941c27854f7625b968cc6195a552,0.6252031846734575,5,Overlooked-Low-Quality,low
aded58c8142dedc5494a81f948431fab,0.6250491265427773,5,Overlooked-Low-Quality,low
5c6d4016c2a288f074fa0848a2b653d2,0.6250149148061143,34,Overrated,normal
b74d1c09cb380e1d03a6f859c6f4224b,0.625011108990313,38,Overrated,normal
20a8b0dc55da94fe74d112082427c84f,0.6249794360497596,7,Overlooked-Low-Quality,low
406822777a0b9eb5c50e442dd4cd3ec5,0.624932665810542,46,Overrated,normal
8629c241b3622ac12cd4118afdc8d394,0.6249086153359239,13,Overlooked-Low-Quality,low
9a84ba99f5367fdbd4598363496f1ea2,0.6248146271870123,15,Overlooked-Low-Quality,normal
c4f7fee5b0db50e87766f5a4d1b1b758,0.6247803849248671,5,Overlooked-Low-Quality,low
5795aebfe331fbcd02a2c4b679fb7952,0.6247722278104143,6,Overlooked-Low-Quality,low
5d3bb11474a06bdc23fb9e89f1164ee0,0.6247389532658516,32,Overrated,normal
4324dd16853115efb0fd9d0d131ba6f4,0.6247017748285213,18,Overrated,normal
35ef5aa32949680f627efec3c23e705c,0.6246977629995834,5,Overlooked-Low-Quality,low
6c99c983ce3b6ba0ab813e6790e81691,0.624696160505601,9,Overlooked-Low-Quality,low
16090f2ca825584b5a147ab24aa30c86,0.62455912518478,406,Overrated,normal
bd1d49a326abfa9b1036772e40445430,0.6245042558825225,13,Overlooked-Low-Quality,low
6f229cc508fc6915ed5c499efd93baa4,0.6244696118495207,14,Overlooked-Low-Quality,low
575df70bde3f9f2b30bf8d2e9910d725,0.624291865594601,34,Overrated,normal
52454f90d4c30c016768db02f88c1a74,0.6242033309195599,5,Overlooked-Low-Quality,low
bc07d855eac23aab5ac8a120f21d16b2,0.6241660144136238,12,Overlooked-Low-Quality,low
ad75519a07f039025e83795a4418470f,0.6241190690487625,9,Overlooked-Low-Quality,low
4be6b962d83299498bae2190f95d6566,0.6241075519914325,12,Overlooked-Low-Quality,low
0e44d110fa6a54e121cb2c095a77762f,0.623954199848874,6,Overlooked-Low-Quality,low
5011f0d93373a4c5753adf58ca77af8d,0.6239245065936527,21,Overrated,normal
c847e075301870dd144a116762eaff9a,0.6237884323831402,42,Overrated,normal
7ecd59e5e20407131822c1a68ac59c1f,0.6236121931641114,29,Overrated,normal
7ecef8194babfec876ca720714327841,0.6234660298743026,8,Overlooked-Low-Quality,low
6d2f2e3b539480db1e0842b3a4e32e6e,0.6234384403643503,6,Overlooked-Low-Quality,low
0afccdb8a34ee5c79f7c06faf2b4d56e,0.6233296898607894,24,Overrated,normal
72c38a04bd6a1c3dbc5298425a0db86d,0.6233054666848745,5,Overlooked-Low-Quality,low
f62d7bb4a613ec758a03342d46b580b2,0.6228025101454063,32,Overrated,normal
08d0949a9a17c027262db1f3c450c26c,0.6227881513185507,12,Overlooked-Low-Quality,low
236585a4ddb5fea9fa40233e2249ed91,0.6226296750989883,11,Overlooked-Low-Quality,low
8ff1a9df749e454105c55cda13e79143,0.6225691628881085,14,Overlooked-Low-Quality,low
6f892e20a171e98efe17fdb971ff319b,0.6224229753255454,50,Overrated,normal
15fa791d5e017f66402dc28c44480657,0.6223912378499392,8,Overlooked-Low-Quality,low
179d859f51292aac5c10806a356f7af9,0.6223330117179676,19,Overrated,normal
37515688008a7a40ac93e3b2e4ab203f,0.6223316692969262,239,Overrated,normal
4c498c7345e89aebad651544829beca0,0.6223033461886096,47,Overrated,normal
701938c450705b8ae65fc923b70f35c7,0.6222339862530863,111,Overrated,normal
8f580d36c1e9d6fbce95283403c7d447,0.6220834373371039,8,Overlooked-Low-Quality,low
eb5b6204dde3a6e03b5f1bb8479f055b,0.6220533516054189,21,Overrated,normal
46ef1a25845fc051c2998d878354810c,0.6220493263280207,5,Overlooked-Low-Quality,low
fedf2c1386e137f296b3bbf3b635e69d,0.6219772008297084,5,Overlooked-Low-Quality,low
91f5779a8731baca4809fdeade81803f,0.6219641622119761,6,Overlooked-Low-Quality,low
3f0e48d209018b466fcd3bb4ccfeb520,0.6216419074452633,10,Overlooked-Low-Quality,low
d51e0a403fe2e689ece6c73359d96e12,0.6216325162558688,25,Overrated,normal
14ee35374a7876217954b5fa08e50463,0.6215757139499164,6,Overlooked-Low-Quality,low
c9c7905cffc4ef9ff9f113554423e671,0.6215232528572137,139,Overrated,normal
eba88037e1dca898cd02881f67ced679,0.6214575368913525,6,Overlooked-Low-Quality,low
056b4ada5bbc2c50cc7842547dda6b51,0.6214408750916285,65,Overrated,normal
15aac934c58d886785ac1b17953ea898,0.6213489369251316,26,Overrated,normal
b39d7fe263ef469605dbb32608aee0af,0.6212543183630269,48,Overrated,normal
afa6714acee029b2dfdf357e5579cc03,0.6211671605553868,17,Overlooked-Low-Quality,normal
f97e2b0650c2068227e1d366140eb62f,0.6211223333530634,21,Overrated,normal
78a4d36f65a019172c6154468831a69f,0.6210178068788758,7,Overlooked-Low-Quality,low
6a8a889bde935bafa76d7848782dfaf9,0.6208031525657991,30,Overrated,normal
49cdc90518a4f82676b38b3c1aa43ff6,0.6207180942232549,5,Overlooked-Low-Quality,low
c8660dcf9ba70575f45d80fe28c27713,0.6207129740625195,7,Overlooked-Low-Quality,low
c89cf7c468a48af70aada384e722f9e2,0.6205980737838508,14,Overlooked-Low-Quality,low
7c1fea10b5b006671d608b1d7c446ec4,0.6205819618652276,14,Overlooked-Low-Quality,low
6b3bd31ad8fcda4b2635ec9f3ff2ecdf,0.6205599941662473,42,Overrated,normal
c447f8dd3ed213f291d65ef074a268eb,0.6205032711939279,8,Overlooked-Low-Quality,low
6bb0724edf0b62fb91ac404873a97241,0.6204197622339919,18,Overrated,normal
e81e1f9c3e762e620f3fb60a51499e16,0.6204057266456433,18,Overrated,normal
6806dad1da97bfb5a9038eac6881f706,0.6202269170437889,14,Overlooked-Low-Quality,low
014d9a685fd57276679edd00e07089e5,0.62021758217958,12,Overlooked-Low-Quality,low
d379f449f2a3b271bc01c0782020f705,0.6201255203926067,29,Overrated,normal
5d0363b33554b373851fc1622e4d5f3c,0.6200128425646386,94,Overrated,normal
93dc87703c046b603023e75222018b45,0.619975188175023,34,Overrated,normal
9f50216bfd01913736a55a11b55ea842,0.619931679481246,19,Overrated,normal
723cd880edaacdb998898b67c8f9da30,0.6198155053739888,12,Overlooked-Low-Quality,low
729f06993dac8e860d4f02d7088ca48a,0.619667783454858,113,Overrated,normal
270297ead4c65a6cd2593960d2af6b21,0.6195599103066144,19,Overrated,normal
c0f783394e37cd9c9d7f5f81141450fa,0.6195542629722124,6,Overlooked-Low-Quality,low
5882820ef11c4c068eea0677a7a879b4,0.6194882251594077,14,Overlooked-Low-Quality,low
323ce52b5b81df2cd804b017b7f09aa7,0.6191907544027513,29,Overrated,normal
f4c4daa86e30c7e5a553a8d518ac03a5,0.6191873113742543,18,Overrated,normal
b4a476fbd28de64b1e347abf9089366a,0.6190677006682713,35,Overrated,normal
56642bcb79900e777d68e91915cb4267,0.6190574413428593,56,Overrated,normal
430315b7bb4b6e4b3c978f9dfa9b0558,0.6190029506493037,20,Overrated,normal
cd843d4cf8ef32827de0396605163ba3,0.6188881772958024,5,Overlooked-Low-Quality,low
0bfd0b434243adc5c2e1aa6baf19c6aa,0.6188604040841136,6,Overlooked-Low-Quality,low
8648b1e89e9b349e32d3741b30ec737e,0.6188297980163595,100,Overrated,normal
20cb7c2fde3e5bf10f0bbe7394e1c6a9,0.6187835653519972,50,Overrated,normal
9e6229250fedbe05838fef417b74e7fb,0.6187274774272393,77,Overrated,normal
07bf9669d84d1f11be443a9dd938f698,0.6186554879692572,24,Overrated,normal
7202e2ba20579a9bd1acb29e61fe71f6,0.6182901153535734,53,Overrated,normal
1354d51653f645349064725ed204e85e,0.6181210428031065,20,Overrated,normal
d1582f4043306e6b91afa6a8a884f898,0.6180931558466695,9,Overlooked-Low-Quality,low
ec8463980a4e0ea9f8517aea1ed0c419,0.6179536282137207,8,Overlooked-Low-Quality,low
27a56ff04b34c2ba34ce6ba4d3b9d616,0.6179520364850916,8,Overlooked-Low-Quality,low
03a2a6dcbe45d639c4dc2a0d24769c40,0.6178537965397364,9,Overlooked-Low-Quality,low
3db66a856d18a9cba7c9241fc5221c50,0.6177350031399488,97,Overrated,normal
6860153b69cc696d5dcfe1cdaaafcf62,0.6174483119769121,84,Overrated,normal
b499c00f28f4b7069ff6550af8c1348a,0.61743547689166,182,Overrated,normal
f5f46307a4d15880ca14fab4ad9dfc9b,0.6173916016971422,10,Overlooked-Low-Quality,low
0d85bbda9889ce1f7e63778d24f346eb,0.6172320364093078,58,Overrated,normal
2b3b9ce054da76a7428df143a567b156,0.6170634405628862,6,Overlooked-Low-Quality,low
3c4e0452bff7a2a788179488d3d77032,0.6169336176653079,36,Overrated,normal
6d988d6174a2c27441597174f8905515,0.6169222416516674,23,Overrated,normal
e21a1e8be4715b0fcfd5385643bc49c4,0.6166809969897906,23,Overrated,normal
23c38debaffe4a25a30fdbd9b586a13f,0.61655220680629,46,Overrated,normal
9803a40e82e45418ab7fb84091af5231,0.6164195378126225,18,Overrated,normal
d3674f271c91f824f82d24d92011f669,0.6163746327733974,20,Overrated,normal
f125f3a310c2e5f822d116147de1e474,0.616373528591383,22,Overrated,normal
634964b17796e64304cadf1ad3050fb7,0.6163598064298003,323,Overrated,normal
fc59392d66ef99377e50356ee4f3b4e1,0.6156664300606272,5,Overlooked-Low-Quality,low
3fac58ce0ad699020c7944d53c41329c,0.6156162019453406,16,Overlooked-Low-Quality,normal
edc518ba25576a0188a0e8f2c3af186f,0.6155209200087502,8,Overlooked-Low-Quality,low
a1474fd46fd3430168f7ec202da39408,0.6154787483731663,14,Overlooked-Low-Quality,low
3364a91ec4d56c98e44174de954b94f6,0.6154320166738743,6,Overlooked-Low-Quality,low
f4aba7c0bca51484c30ab7bdc34bcdd1,0.6151527521136765,115,Overrated,normal
9dda5bbacd45e18d6485fee649205d09,0.615112394668617,22,Overrated,normal
e45edf75f568ed2f93f78d060e246e25,0.6147720158953156,7,Overlooked-Low-Quality,low
ef506c96320abeedfb894c34db06f478,0.6147108499545947,332,Overrated,normal
ac6417315ae5da8f9a38ee11de6f7780,0.6146854125415012,7,Overlooked-Low-Quality,low
ca4b77513ac2040591b0d8fae6958380,0.6146716308890016,15,Overlooked-Low-Quality,normal
a416b6a846a11724393025641d4edd5e,0.614615496877376,176,Overrated,normal
5b8154610ebb21fb90eb587365e673df,0.6145844693451529,40,Overrated,normal
3f3486b61f45078d4f31ee5e43d8c5bb,0.614541951231806,39,Overrated,normal
85cc55e048b6bcc90c75afe7f0e72f72,0.6145358704448413,9,Overlooked-Low-Quality,low
e1b12447a7563944843191754aeb5562,0.6143046203777252,10,Overlooked-Low-Quality,low
11eac105f3f90a9b87b19c89d91e24f3,0.6142877789320618,5,Overlooked-Low-Quality,low
2b03ac196f5ed62ac483960fe0fa3b65,0.6142443806322216,7,Overlooked-Low-Quality,low
c4fabeea6e569d42d02993bb1f4f1cbc,0.6142180932736756,11,Overlooked-Low-Quality,low
f45122a9ab94eb4f3f8953578bc0c560,0.6141015812614787,197,Overrated,normal
7d7d2b7a51328016102d4528c411d630,0.6139808753794004,7,Overlooked-Low-Quality,low
a13580f0e8f782b7a543885a0ef99f08,0.6138205575886136,10,Overlooked-Low-Quality,low
c33847515fa6305ce6feb1e818569f13,0.613679482168126,128,Overrated,normal
1b8b75e227c9a9c100d0c210fb6176ce,0.6135748827909366,15,Overlooked-Low-Quality,normal
ececbfcff9804a2d6b40f589df8eef2b,0.6135651382575281,103,Overrated,normal
b8555308bfdb4ca1ed54325a58da9a97,0.6134421531413365,28,Overrated,normal
c35affa65afd250151285c5917fc1c8a,0.6133210876891549,8,Overlooked-Low-Quality,low
e819bcfade7b5d88a27325eb6cfd62c5,0.6133121795084807,11,Overlooked-Low-Quality,low
f84fa566034f5e8e880a07ec624c56af,0.6130984422072882,100,Overrated,normal
f61c63d13f7cd800549d5acdd390ae72,0.6130439795894015,26,Overrated,normal
f35b3c613c4f7b2275f4185d0a3c59ec,0.6129486394028968,9,Overlooked-Low-Quality,low
9b522ba7eae9e1d04082f267144583cc,0.6128874481698063,5,Overlooked-Low-Quality,low
579891617139df7d8671d373f0669622,0.6128320314863746,8,Overlooked-Low-Quality,low
ba6ce6de456f6c11d08c17701ba5c26f,0.612752911246716,7,Overlooked-Low-Quality,low
1b7e5006cb25dd23ce8686691013b121,0.6127350101919715,11,Overlooked-Low-Quality,low
180c3376aff0e43dd5788709df48a843,0.6126997589955261,10,Overlooked-Low-Quality,low
3fadb4cba4c35bce6a7eaf9872d5623a,0.6126003671948417,5,Overlooked-Low-Quality,low
ffeee66ac5d5a62fe688b9d26f83f534,0.6125892221422,14,Overlooked-Low-Quality,low
4992e76a42cb3aad7a7047e0d3d7e729,0.6124427959990034,73,Overrated,normal
81f89e42267213cb94da7ddc301651da,0.6120524749772781,52,Overrated,normal
7b7ed56ae755e2880f2b69632e839c1e,0.6116828621625175,5,Overlooked-Low-Quality,low
e06f09ec0a4aca210779cf1cfc63cf19,0.6111193091561864,31,Overrated,normal
d8cf3b6a2151949f930d0252b180ec42,0.6110748397520167,19,Overrated,normal
f457c46070d02cadd8a68551231220dd,0.611059287877572,230,Overrated,normal
fa3a0b5aabb344b9a92e3524b0202123,0.610951783292147,7,Overlooked-Low-Quality,low
d4a5e99e0dd915df64ba55a7fbd583fd,0.6109169367672799,6,Overlooked-Low-Quality,low
373ee4a3a775a733770ca3f790b8b9ac,0.6106249586791299,22,Overrated,normal
a066df7361163e7ddc5d7452dd17448b,0.6104892932697387,17,Overlooked-Low-Quality,normal
2a6fbeaa7ab9e5d59a35841a8da71ce4,0.6103936458977913,30,Overrated,normal
e7d5b006eb624f13074497221eb37807,0.6103088426584511,63,Overrated,normal
1d503743d2526f03f0c2c89540ee008c,0.6099371756267995,17,Overlooked-Low-Quality,normal
bdae679a9b282249bc23b9b69dae9a99,0.6099308091574247,12,Overlooked-Low-Quality,low
7d13fca15225358621be4086e1eb0964,0.6099179790950257,571,Overrated,normal
6a0cbc8af2e8abd1bdfb777943d174c6,0.609908565876044,34,Overrated,normal
4ebdc7e6cd6102a022dadc49156d4ea8,0.6098635913133245,32,Overrated,normal
0249d282d911d23cb8b869ab49c99f53,0.6097582661352993,11,Overlooked-Low-Quality,low
8476243f92442881ddd5b578975cf115,0.609698864444798,12,Overlooked-Low-Quality,low
a938325a4b357fd23a6a4d5bb126408e,0.6096542638373753,25,Overrated,normal
71593c7413973a1e160057b80d4958f6,0.6096366332172203,5,Overlooked-Low-Quality,low
3d4824f20035949c710eaf111f869d39,0.6090191334819605,9,Overlooked-Low-Quality,low
e8f6dc8e6a1dcde89d20e3995c8d90b3,0.6088534763282639,44,Overrated,normal
8fb791022c1fc8909664f48ab7dc636d,0.6086897590815592,5,Overlooked-Low-Quality,low
57c764b4a836300be881e2ff86e449f9,0.6086077769606179,29,Overrated,normal
0176f73cc1195f367f7b32db1e5b3aa8,0.6085678107301342,38,Overrated,normal
1bc2e21de46adfea6b98cc96b00f3b40,0.6085533511831163,5,Overlooked-Low-Quality,low
656591be56071d4c9ef4e5fee78a578a,0.6085165346157058,11,Overlooked-Low-Quality,low
b64d51f0435e884e8de603b1655155ae,0.6083993669598877,23,Overrated,normal
7e3f87d16fb353f408d467e74fbd8014,0.6082799832632102,93,Overrated,normal
784ba75dd9d20200c4caed3d7a77141a,0.6082125711723948,22,Overrated,normal
c6218512d16fcac0af02fe92691cf274,0.6080991684338383,8,Overlooked-Low-Quality,low
76c47a299e4a8fe992316a85865acbe9,0.6079944165218547,10,Overlooked-Low-Quality,low
e9bc59e7b60fc3063eb2290deda4cced,0.6079408659898738,260,Overrated,normal
6a51fc556dab5f766ced6fbc860bc613,0.6078838873600297,31,Overrated,normal
f1c1ac3f3efc07e659c035008e615e66,0.6077493328170337,9,Overlooked-Low-Quality,low
dd2bdf855a9172734fbc3744021ae9b9,0.6076029408244696,110,Overrated,normal
acadd4d36859671cb635527c6c977533,0.6075819704397489,12,Overlooked-Low-Quality,low
276677b5d08786d5dce7c2149dcce48b,0.6075080123474332,45,Overrated,normal
c3acdfac4e3e97ff87529454fbc03642,0.606889622965069,12,Overlooked-Low-Quality,low
8fec2e460530482132c436cfb5439925,0.6068358334963214,5,Overlooked-Low-Quality,low
7e1fb0a3ebfb01ffb3a7dae98bf3238d,0.6066342640938903,169,Overrated,normal
e250d617a0ad591ba9bd663e584a895d,0.6065408128488858,20,Overrated,normal
2d2c62bef4c8ba0dd74e0e228e808539,0.6064323447197036,16,Overlooked-Low-Quality,normal
2f09f7d37a97956d11cc1a7cadd5262b,0.6061424282991524,8,Overlooked-Low-Quality,low
ed4acab38528488b65a9a9c603ff024a,0.6061067629555956,39,Overrated,normal
13d058e4eeac2ce8217660b2f8a05812,0.606066878978594,22,Overrated,normal
b33e7c55446eabf8fe1a42d037ac7d6d,0.6059263684561845,152,Overrated,normal
b8630e1121437d41cb08e3c749c2c2e2,0.605909319257781,12,Overlooked-Low-Quality,low
048c2757535328e0d7dac690ad3c0aae,0.6058975026962019,50,Overrated,normal
08d2d642cf72b622b14dde1d2f5eb2f5,0.6058689313115765,20,Overrated,normal
820cc752a266cdc6c1a1e61dd4583330,0.6058482998821262,15,Overlooked-Low-Quality,normal
c12b92bf1c350f3e6bf88d3596219c86,0.6058245309025894,17,Overlooked-Low-Quality,normal
f27e33c6d29b5138fa9967bcd445b6d5,0.6057532317663487,98,Overrated,normal
3be634553519fb6536a03e1358e9fdc7,0.6055611131426297,95,Overrated,normal
3a3e46d10f74d8a6ca76e2b538f106a0,0.6054416572682785,5,Overlooked-Low-Quality,low
9df5750209b83567ec144eb299d7d634,0.6052297699271997,11,Overlooked-Low-Quality,low
e2a1ac9bf33e5549a2a4f834e70df2f8,0.6052240919628171,5,Overlooked-Low-Quality,low
89c127985a8b130cfa45c1d36764017a,0.6051268858226676,6,Overlooked-Low-Quality,low
50770d25768b0486d89be26afca3108f,0.604958504482985,6,Overlooked-Low-Quality,low
3dfd3dc96f7f8598eca74e9ac8a2fa31,0.6049128986971545,6,Overlooked-Low-Quality,low
f419677537694f0462a91990df6ca44f,0.604760608673232,6,Overlooked-Low-Quality,low
1d8dbc4f32378d715c717c1c1fc57bae,0.6047306386184857,97,Overrated,normal
78744a20ee2f80ba64f6804c25def2b8,0.6042327979746295,6,Overlooked-Low-Quality,low
6e4f5ff6b086632ba8dcb558fb10249e,0.6040922694558131,5,Overlooked-Low-Quality,low
d17f467e4bf608a510c20d82f4ba3b6b,0.6040636603505805,11,Overlooked-Low-Quality,low
4c2b230173bb36f9b240f2b8ac11786e,0.6039194447375985,343,Overrated,normal
8ca1551acf9832a4cf467bbbac15851f,0.6038407189886308,12,Overlooked-Low-Quality,low
a254c682cc01e119f83530446f1df9a9,0.603759375603944,7,Overlooked-Low-Quality,low
ef2fbc2b607d8492bcffe657a4645434,0.6036195364543098,21,Overrated,normal
741f8c587cb4248ebc5b779a0e8e0e51,0.6027912476878913,5,Overlooked-Low-Quality,low
9e6967d3cf386d284251784b18ccb485,0.6027262744677168,11,Overlooked-Low-Quality,low
d5c530f4884a75ae0dba9c148718d278,0.6027152284647789,8,Overlooked-Low-Quality,low
63b464dbf392c7b80d12d932fa7cafed,0.6027115838699076,38,Overrated,normal
bca9230d3bbb4efa51872bf605a2f1ad,0.6026566476731476,5,Overlooked-Low-Quality,low
3903c788ded8dc03b5ebab37a2f3e9a1,0.6026449030665026,5,Overlooked-Low-Quality,low
9d5604a1f112324ad6b2aa552122e0fb,0.6026241312242523,17,Overlooked-Low-Quality,normal
717b78b0950b51ed00b1471d858b0edc,0.6025541625786487,5,Overlooked-Low-Quality,low
2e1a7d075abe038c1b2743005fe42ff1,0.6023888630433875,22,Overrated,normal
9d489893ff6af05029671b785f54b998,0.6021018929845471,6,Overlooked-Low-Quality,low
fe1bbc5feda5c8979a8a1b3b2512d5a6,0.6020217630692449,10,Overlooked-Low-Quality,low
c840d3fdbba0790404fdae73d253b253,0.6016611065761955,14,Overlooked-Low-Quality,low
44073f8b7e41514de3b7815dd0237f4f,0.6015513286793724,151,Overrated,normal
79565f7d5603b24ddf07ade262547f2f,0.6015225264863351,7,Overlooked-Low-Quality,low
31ae0774c17fabd06ff707cc5bde005f,0.6012362270962378,11,Overlooked-Low-Quality,low
2b1a40c1daabc6ca280c4b815c101841,0.6011644767544707,33,Overrated,normal
d79e8478eed9999493990b44955fb22e,0.6008398696700803,5,Overlooked-Low-Quality,low
52ac6f920b7280e4c6d30dd94de6259b,0.6007606272812824,7,Overlooked-Low-Quality,low
4e922959ae960d389249c378d1c939f5,0.6006045144930884,446,Overrated,normal
b55638ad525e906c698fa2ce742c1742,0.6005442030390538,12,Overlooked-Low-Quality,low
56e361f411e38dcef17cdc2a3d99628b,0.6004935125543335,10,Overlooked-Low-Quality,low
2ea0861cc19e94cad86438c984c52da4,0.6004903161364983,6,Overlooked-Low-Quality,low
4cf490a58259286ada5ba8525ba9e84a,0.6002330666422059,7,Overlooked-Low-Quality,low
3968920b9aa752ab98f7d5888c9252f2,0.6001837468574814,10,Overlooked-Low-Quality,low
3ade81dab5a172b88e1871c28ae05260,0.6001705134572061,30,Overrated,normal
72146da5774cabf2632faedcae097a76,0.600026758751063,6,Overlooked-Low-Quality,low
af3ef48d0e13835e529c29ac573c63e5,0.6000045664747983,21,Overrated,normal
7681ef142fd2c19048da7430856b5588,0.5997238106120866,76,Overrated,normal
aae3bfea055532c57fb453ed3ec80b30,0.5996058987412275,50,Overrated,normal
32f1bb9dfa65bc7df5c0d9d95a616be4,0.5995562401436753,5,Overlooked-Low-Quality,low
1336efc61c316ddf92c899eb817f7cae,0.5994613475321297,85,Overrated,normal
7813ea3ebd9411dc600b4dd01f7a97b9,0.5993721298937732,9,Overlooked-Low-Quality,low
1fbe10c70e30765ed1de86d9f7e98409,0.5992574588745808,6,Overlooked-Low-Quality,low
3492e68f37fd1df87f4f2f2ea247f445,0.5992404712830307,9,Overlooked-Low-Quality,low
851773c885feb5e2da3b4f82bc2b17ce,0.5991124982490981,10,Overlooked-Low-Quality,low
f783a638e9c6af4a7d0dbfde811e7a81,0.5990882852982116,5,Overlooked-Low-Quality,low
a414555ce331b8c8aea4a9cb8395194d,0.5990572061368316,8,Overlooked-Low-Quality,low
5656537e588803a555b8eb41f07a944b,0.5986986475698834,185,Overrated,normal
7c4618c82226628831613e95e9c22f44,0.598642104390732,13,Overlooked-Low-Quality,low
cb6c9f5888a7a090c75beaf615925792,0.5985001675493938,11,Overlooked-Low-Quality,low
c3867b4666c7d76867627c2f7fb22e21,0.5981144955403424,241,Overrated,normal
238fac594e170b59c6d228f5a4f4f1d9,0.598078780372109,30,Overrated,normal
8b8cfc8305aa441e4239358c9f6f2485,0.5980672108443011,15,Overlooked-Low-Quality,normal
4170f6a9367e6b5d6401d03ce6d54569,0.597985630485756,5,Overlooked-Low-Quality,low
4978a02ea9c8be7a9b5480680f40334e,0.5978046696242236,19,Overrated,normal
058cb5aeb36d7c0fcae20fc85d5e0a59,0.597803318330933,12,Overlooked-Low-Quality,low
2745f798279e0ed033addcc1474776d7,0.5977222307954067,32,Overrated,normal
b248792ac0b60ec3f93d80af1b4fae47,0.5976824638755591,9,Overlooked-Low-Quality,low
55c96925041a14097b6a7825554f4ad5,0.5976736869493916,6,Overlooked-Low-Quality,low
ec8879960bd2221d5c32f8e12f7da711,0.5976694062159267,35,Overrated,normal
c273175f7c6c80fb02f051e2fc6d0d72,0.5976454821024139,14,Overlooked-Low-Quality,low
ccb83a794700270fde70898fe9ff368b,0.5976369251583123,12,Overlooked-Low-Quality,low
92d14edfb62ee5ae7fdff70b0f4e7233,0.5975775757732302,13,Overlooked-Low-Quality,low
411f3b52d857390502ee4e4d5ceabc2d,0.5975484614571585,30,Overrated,normal
70125af26c2d6d4ef401a1d02ae7701f,0.5974041362449354,8,Overlooked-Low-Quality,low
30829ded4523ab9224b93bc49a62c95f,0.5973581364346339,31,Overrated,normal
df560393f3a51e74553ab94004ba5c87,0.597200125045266,27,Overrated,normal
900ba814c251a692506d7834c1218441,0.5971967230090062,86,Overrated,normal
e5a38146df062edaf55c38afa99e42dc,0.5971043380002853,124,Overrated,normal
a8739afb32aaa45e01815ca76f76f54b,0.597045605851022,15,Overlooked-Low-Quality,normal
25c5c91f63607446a97b143d2d535d31,0.5970234399117919,266,Overrated,normal
4deebb3199eeafb282ae33229144f94b,0.5969577581066927,5,Overlooked-Low-Quality,low
e7df4cd29ab5abab70fb0783ddb53987,0.5967737160600454,24,Overrated,normal
3935fe5fe0f82787a9dcb8deb62be09d,0.5962601346664664,17,Overlooked-Low-Quality,normal
8378eb36b6b70c5734e83ad7b8cdc3b7,0.5960401891528418,13,Overlooked-Low-Quality,low
655220df33262c7e0c4949a147366f94,0.5957918328833448,15,Overlooked-Low-Quality,normal
2e3be8a987a30d7544dbbda6861cc14e,0.5957818999558734,15,Overlooked-Low-Quality,normal
c53bcd3be457a342a97e39e5a9f0be22,0.5956775055040927,5,Overlooked-Low-Quality,low
8f78f0903005064036736c7173a5c2ed,0.5955905037616674,21,Overrated,normal
06579cb253ecd5a3a12a9e6eb6bf8f47,0.5951209996384552,70,Overrated,normal
fce62094ffe6a4009188ec44e681dfdd,0.5946911975984902,11,Overlooked-Low-Quality,low
7aa4334be125fcdd2ba64b3180029f14,0.5944027732095813,237,Overrated,normal
bc302730ea8cf49b5c74f579febb5bbf,0.5943777928960126,11,Overlooked-Low-Quality,low
0747d5bb69f0586cc869d8af4c50f93e,0.5943664157400713,13,Overlooked-Low-Quality,low
09f952a5f58d2285b0372551ae8f9b01,0.5942917561529397,56,Overrated,normal
a3e9a2c700480d9bb01fba070ba80a0e,0.5942261648314145,143,Overrated,normal
5ab05b6d86d417796c69ffd6774ec832,0.5941049154962112,12,Overlooked-Low-Quality,low
229c3efbfb0ea2058de4ccdfbc3d784a,0.5940917293417983,145,Overrated,normal
dc4a0fc896dc34b0d5bfec8438291c80,0.5938504271293586,242,Overrated,normal
b7ed9fb14c8eadb37adb9c45d67ab0fb,0.5938452492860097,11,Overlooked-Low-Quality,low
8e8a7ce9f2f970dc00e2acf6f6e199f6,0.5937029523983075,64,Overrated,normal
36a968b544695394e4e9d7572688598f,0.5936356489608633,156,Overrated,normal
9a03a4e9eb0b947652fae4f6121a3f5e,0.5935313687732175,7,Overlooked-Low-Quality,low
a420f60ff1aa9acc80d0e42959f2b313,0.593445655740936,69,Overrated,normal
3ab971ce71839580d2ae5b4e40fe8044,0.5931193161844708,37,Overrated,normal
1cbd50a8c52e6cf8e315c5709fab386f,0.5930388177075199,9,Overlooked-Low-Quality,low
9bc484c87d79cd4874e05ca182658045,0.5930036105405964,8,Overlooked-Low-Quality,low
9449f25aeaf531019b76999ea49a6949,0.5929399607994554,9,Overlooked-Low-Quality,low
cd06602b43d8800bd0afad514919d35c,0.5927771170533854,52,Overrated,normal
9539213aa8e023c01937bef95dc006da,0.5922761317045903,9,Overlooked-Low-Quality,low
04e38a233f726ef161074ab1c9b0399a,0.5922760086754569,24,Overrated,normal
f08a5b9dd6767129688d001acafc21e5,0.5921802479663956,18,Overrated,normal
6562efe88ce0826a4ca4f189f03b4b84,0.5921374070227704,20,Overrated,normal
010da0602d7774602cd1b3f5fb7b709e,0.5921228080268547,5,Overlooked-Low-Quality,low
e3a386fc36e22064434e1fa256f6a9fa,0.592025968606496,17,Overlooked-Low-Quality,normal
bdb3edbaee43a761e2d4f258dc08f348,0.5919449602982152,5,Overlooked-Low-Quality,low
c8467937e403e76a8ee9f0ab13f6f5ef,0.5919358350405585,33,Overrated,normal
0cbcee27c791afa0cdcb08587a2013a8,0.5917119684075414,39,Overrated,normal
0307f7565ff85b299b6e5ef162b1b1a9,0.5916300075423191,6,Overlooked-Low-Quality,low
5eeb9c756d9780b96283e5a2ac6da334,0.5916094197815586,9,Overlooked-Low-Quality,low
282c7480173bb9c01dd41cc739fec010,0.5915954854039557,8,Overlooked-Low-Quality,low
39d54ff918774174706fb065d7f9dc07,0.5915166287277653,24,Overrated,normal
6e0908ef4d4efadbc3cc2b74ea477cb0,0.5913746021115488,11,Overlooked-Low-Quality,low
968268a686aa05d1f529fb07dff08130,0.5909042218397239,12,Overlooked-Low-Quality,low
8f54d64f28a993550aa7943f12572959,0.5908599949835113,16,Overlooked-Low-Quality,normal
bafc5aa11e413978be29040f51342e70,0.590619558692824,9,Overlooked-Low-Quality,low
fb89df7f89fd1b8f03fa2acca1ba7364,0.590581827442391,25,Overrated,normal
d2e753bb80b7d4faa77483ed00edc8ca,0.5904516084085999,15,Overlooked-Low-Quality,normal
83353a83fd769dfafa4f21a72b15e3e5,0.590385510453249,5,Overlooked-Low-Quality,low
38874e327ce94d11390b96eb42d61928,0.5903054832665491,6,Overlooked-Low-Quality,low
f8201cab383e484733266d1906e2fdfa,0.5901417576853792,10,Overlooked-Low-Quality,low
31be790e64fc99f8ff48ec2bd18a3104,0.589963934112881,6,Overlooked-Low-Quality,low
b33aaadd1a8891d2dfef0c4c3bdf0371,0.5897365703125533,17,Overlooked-Low-Quality,normal
52f976b17ea7f2f087f56dcc419328f6,0.5893819287334884,6,Overlooked-Low-Quality,low
8ff38bc3969e67c36c48343a07090f66,0.5892541390010958,8,Overlooked-Low-Quality,low
2709af9587499e95e803a6498a5a56e9,0.5891822914880938,46,Overrated,normal
1900267e848ceeba8fa32d80c1a5f5a8,0.5891375583845427,523,Overrated,normal
8d899e15a5925f097cca50faa49b15e3,0.5891370163408531,10,Overlooked-Low-Quality,low
3df020b72d3d44b3af9d110fa3940b65,0.5889542458720494,101,Overrated,normal
bd15ee794d5e640d9dd71b665b2ab15b,0.5886095749904634,12,Overlooked-Low-Quality,low
d7485b33791774c36108f8c69602d48d,0.5885590855891417,10,Overlooked-Low-Quality,low
66dc1b1632bd6a3e508510c5b3492107,0.5884717886478709,41,Overrated,normal
4c18691b6037662be2df78a765d98ab5,0.5884336705499869,67,Overrated,normal
fcdd820084f17e9982427971e4e9d47f,0.5884282685992753,27,Overrated,normal
0d83f8e03188682112cc0d93523705cc,0.5884173113552457,8,Overlooked-Low-Quality,low
05f51e13da97139648b8125c31e5f51b,0.5883988424292386,60,Overrated,normal
1dd33b8119b3cb1056ed5dc88cd0aaf4,0.5878160094766274,8,Overlooked-Low-Quality,low
ffff564a4f9085cd26170f4732393726,0.5877971318245874,8,Overlooked-Low-Quality,low
cfb1a033743668a192316f3c6d1d2671,0.5877547917393374,179,Overrated,normal
2e90cb1677d35cfe24eef47d441b7c87,0.5876064711467025,137,Overrated,normal
a673821011d0cec28146ea42f5ab767f,0.587524325486566,141,Overrated,normal
0dd184061fb0eaa7ca37932c68ab91c5,0.587437882180399,193,Overrated,normal
2a61c271b1ac763450d846849783e922,0.5873544856873762,22,Overrated,normal
04aa0a1c5ce6b222003403a3e11c3cc0,0.5873379412368133,17,Overlooked-Low-Quality,normal
b18dc380845b24038cfc48006478f099,0.5873327540771117,48,Overrated,normal
25debeafbce801fdd479539350185eee,0.5872598290555247,6,Overlooked-Low-Quality,low
4ef4c39cf3c24f326434cf0b2e48046a,0.587196937969228,8,Overlooked-Low-Quality,low
c878515173c84a492ebe50d6b493230b,0.5871229002531957,10,Overlooked-Low-Quality,low
2dcf93836ae3ce0d7c93e2f10876467a,0.5870880954832145,12,Overlooked-Low-Quality,low
f7ba60f8c3f99e7ee4042fdef03b70c4,0.5870738348001974,229,Overrated,normal
34056b8b55c1775a22af2331670a799c,0.5870196635857323,77,Overrated,normal
5f2684dab12e59f83bef73ae57724e45,0.5870049613566946,73,Overrated,normal
53d00c40e32aeb924a84ce72b1af869d,0.5865680592664851,17,Overlooked-Low-Quality,normal
f5f1f2c5f923f36ad79ea1d07185ddc9,0.5862565833938024,11,Overlooked-Low-Quality,low
2bf6a2c1e71bbd29a4ad64e6d3c3629f,0.5861892075053009,31,Overrated,normal
7139dc5186aa238b006e066d8fbab2e4,0.5859613598394746,24,Overrated,normal
9c068d10aca38e85c50202e17b4a7e88,0.585630525884183,17,Overlooked-Low-Quality,normal
2e0dba2da448400b1c11d7b4b22f32a4,0.5856091594033008,13,Overlooked-Low-Quality,low
d5ba419e26d246a0719437cf37d9b46d,0.5855705856730078,34,Overrated,normal
688756f717c462a206ad854c5027a64a,0.5855119774030345,99,Overrated,normal
681fce914360217db47784ae28905a96,0.5854897294107118,24,Overrated,normal
318f287a62ab7ac10b703ac37435a231,0.5852742608929712,61,Overrated,normal
8b28d096634035667e8263d57ba3368c,0.5851189048147909,151,Overrated,normal
4a3ccda38b2129705f3fb522db62ca31,0.5850450928007758,73,Overrated,normal
37dd29b36c458d82f74a953c40c43645,0.5850088664604512,8,Overlooked-Low-Quality,low
de9727ca376d1be6ec121b110aa7954c,0.5845915755672472,11,Overlooked-Low-Quality,low
daf565f087a52def0fd5c5825b3661bc,0.5842559867804861,9,Overlooked-Low-Quality,low
af7cdac9d9897cddead9c6b08976c642,0.5842436781057131,6,Overlooked-Low-Quality,low
36890be00bbfc1cdb9a4a38a6af05a69,0.583755682272309,13,Overlooked-Low-Quality,low
c458e2045a8aa8964f8879af03fdcce6,0.5835594579196779,9,Overlooked-Low-Quality,low
c500367424994318b9e779ff1ae9a330,0.5833993871319769,9,Overlooked-Low-Quality,low
99eaacc9e6046db1c82b163c5f84869f,0.5833699888626935,67,Overrated,normal
7d76b645482be4a332374e8223836592,0.5830850607081238,183,Overrated,normal
7f2617c58d5d06806987308b45654351,0.5829393357684716,23,Overrated,normal
e83c76265fc54bf41eac728805e4da77,0.5828376709690896,8,Overlooked-Low-Quality,low
6e4a902d1054e4e17aa6eab87fac1c75,0.5825888406773985,8,Overlooked-Low-Quality,low
ec80e49e69745ab6c14f984bf2149423,0.5824955662073688,12,Overlooked-Low-Quality,low
67883baaae6134ee81b271a542613728,0.5823812142648395,19,Overrated,normal
557f22c76691849db52d2abccf0015d0,0.5821607083521307,13,Overlooked-Low-Quality,low
a36b125ac6d5fdbc7f50de85c9157bdc,0.58204812056734,25,Overrated,normal
2156f2671501a81034d7d07f217609d0,0.581621203847903,21,Overrated,normal
d29ba1220fb8634fa3a107e54497b8a4,0.5815358585937276,9,Overlooked-Low-Quality,low
6861de0f40cacb0602e473c51639f980,0.5813926879855537,8,Overlooked-Low-Quality,low
c9a06ece156bb057372c68718ec8909b,0.5813006093567198,11,Overlooked-Low-Quality,low
d101c6da914ae3d53f7bee42283f2fe2,0.5807721363878835,16,Overlooked-Low-Quality,normal
863d2ebcd347ce4922de7a0f9a5581d6,0.580298726618091,18,Overrated,normal
6fc26fe110feebd80a433e1f012a84f9,0.5801469326507345,72,Overrated,normal
17306570e772e7718c92a562d33f5f1d,0.5798394047645337,30,Overrated,normal
1da366cade6d8276e7d8beea7af5d4bf,0.5795524469951351,48,Overrated,normal
d05ae8f7a5bd1d2a690a44cd079e4e27,0.579513767033981,80,Overrated,normal
b5e3e38609125694d2ea2417522a60b7,0.5794527691093121,17,Overlooked-Low-Quality,normal
3e8bd881d92466e63ba9e3e809cd3c50,0.5791037159236209,9,Overlooked-Low-Quality,low
35fb511489d9ee3ee27a76debce9df06,0.5788626174293902,7,Overlooked-Low-Quality,low
4e326052e5dbba8adcd512f3450a307e,0.5784689141293786,6,Overlooked-Low-Quality,low
c26a2be5b53b7db6b276280da212a779,0.5783168866598973,18,Overrated,normal
05e107217c7266362fd44b75b2cd4cc4,0.5779056952142486,8,Overlooked-Low-Quality,low
55f7a3319d80f7fdf078b8f03e6725fe,0.5776285809236311,22,Overrated,normal
c679fb69a36e1d8349e8c50a217b4d58,0.577532044276263,17,Overlooked-Low-Quality,normal
8f2ce03f928b567e3d56181ae20ae952,0.5774249000771374,172,Overrated,normal
c24173065483e421f9e5e7f599de101d,0.5770832702939276,9,Overlooked-Low-Quality,low
d673a59aac7a70d8b01e6902bf090a11,0.5770366330102418,84,Overrated,normal
f22a247b79dd22ecd91dc8e3b2a1b07c,0.5768903351864114,8,Overlooked-Low-Quality,low
e48cc16ab70bfa09e1401740dce0b3d7,0.5768089692692437,17,Overlooked-Low-Quality,normal
bc503e244f187939d10c92a5c8e378ce,0.5766393036954214,13,Overlooked-Low-Quality,low
7c67e1448b00f6e969d365cea6b010ab,0.5764015843294525,1355,Overrated,normal
f9903dd0f812c7e771fcad47b6fff231,0.5762176992079702,15,Overlooked-Low-Quality,normal
51ed72984a04e5dd35c2b27e77179038,0.5758001085597446,7,Overlooked-Low-Quality,low
e9d99831abad74458942f21e16f33f92,0.5757680750581619,149,Overrated,normal
3afc536624bc2e65bddfb5db33cc01f3,0.5755814559366994,6,Overlooked-Low-Quality,low
198c7ea11960a9844b544d9bcdca860c,0.5754182111572402,25,Overrated,normal
81336a0f57a33776419727a300249e90,0.5753718614298611,18,Overrated,normal
95f83f51203c626648c875dd41874c7f,0.5753258783443091,65,Overrated,normal
6ec1a01e866584bb679eb9b098345919,0.5752684875889581,31,Overrated,normal
23a0ffca143a15b9b5bbdb7d552f626a,0.5743147099270332,24,Overrated,normal
87e24fc7052259b1f7f607d61c10d8be,0.5741197339273701,7,Overlooked-Low-Quality,low
edf96ef93ed595084bbcbd9224bd2894,0.574094575493289,28,Overrated,normal
f9d010e39375d9c91dce3f40b73a2f84,0.5739000824112778,5,Overlooked-Low-Quality,low
4c61e37f664c3c88aff092aa5ac779d7,0.5737074450184484,8,Overlooked-Low-Quality,low
13511db12ac61e2f89c53b72a944a60b,0.5736077772266641,6,Overlooked-Low-Quality,low
bf84056e679dbe9c69929847a40e338f,0.5735149955359758,38,Overrated,normal
213b25e6f54661939f11710a6fddb871,0.5734848158463814,190,Overrated,normal
f12ff17ad8bbf01ec5c33b17e506649b,0.5732395180990973,28,Overrated,normal
5343d0649eca2a983820bfe93fc4d17e,0.5732137399171342,110,Overrated,normal
2379bdc3888025689a9deb7b141507d5,0.5731192178610005,9,Overlooked-Low-Quality,low
9d39404483343dd55c7ae254494d8388,0.5723574144278021,10,Overlooked-Low-Quality,low
04fdea0c111866e6cf812f1570d6b5bd,0.572061955830871,8,Overlooked-Low-Quality,low
87d3c3aeb3ead335511b3ce315eb341e,0.5718157339084605,15,Overlooked-Low-Quality,normal
08ad4ac1388e4420ca531c3edfc46198,0.5716691579544778,7,Overlooked-Low-Quality,low
45213867cefbf2cd4c6177e10216a951,0.5711572662867049,14,Overlooked-Low-Quality,low
43402bdf22aa2310e8f99e2f94f78628,0.5709151614396432,5,Overlooked-Low-Quality,low
157c3e4b42f81ac4a44e8b1ca2fe9876,0.5707290096359756,31,Overrated,normal
a4b6b9b992b46e9ef863637af96e04bc,0.5705002776873843,8,Overlooked-Low-Quality,low
7bac63f6603d382cc8d0832eb6c100a8,0.5704573207031127,19,Overrated,normal
2c9e548be18521d1c43cde1c582c6de8,0.5703459736986949,171,Overrated,normal
4aba391bc3b88717ce08eb11e44937b2,0.5701168911932725,28,Overrated,normal
35857757f553273b1056c1cabdace7fb,0.5698930711780993,6,Overlooked-Low-Quality,low
d1c281d3ae149232351cd8c8cc885f0d,0.5697005359595465,239,Overrated,normal
977f9f63dd360c2a32ece2f93ad6d306,0.5696972519607388,24,Overrated,normal
ab3e0c171fe84a7ba7de130f19cfb485,0.5696543905181206,7,Overlooked-Low-Quality,low
b18871c324516afa228a13e8f1ef0ae9,0.5696268475048393,23,Overrated,normal
7586919161935337bf6b6d7ff5779648,0.5692380804541833,18,Overrated,normal
39c763cca83e654764b7a4a650fb9b7c,0.569208526649283,11,Overlooked-Low-Quality,low
c522be04e020c1e7b79f3acff36513d5,0.5690997822908188,6,Overlooked-Low-Quality,low
ea67327e24487bdfac5fbfa37ea124df,0.5689646384941507,34,Overrated,normal
bce6a5ecf98e99fd2a8868b15c51f04b,0.5687110219278916,15,Overlooked-Low-Quality,normal
270d3ef21830ad0ecf3a6c53d08a533a,0.56844929537684,17,Overlooked-Low-Quality,normal
014c0679dd340a0e338872e7ec85666a,0.5684020930577088,15,Overlooked-Low-Quality,normal
a888faf2d1baececa6baf9c3d603ee1f,0.5683922540849841,54,Overrated,normal
dd533b429f380718b70ad9922c294bae,0.5679733041974557,43,Overrated,normal
e62b2d6ac10570a035a30bafcf01d263,0.5672640391145608,71,Overrated,normal
f7ccf836d21b2fb1de37564105216cc1,0.5671149801519232,73,Overrated,normal
615005a3ef192c00c6f0e977cee3d2bc,0.5670664327795815,11,Overlooked-Low-Quality,low
adbc26658d6c7b4b6219f9d934598091,0.5668801967709273,92,Overrated,normal
522620dcb18a6b31cd7bdf73665113a9,0.5666601506276487,178,Overrated,normal
c42fd8e4d47dfb18ce5222f2dd7752f9,0.5663442411739116,11,Overlooked-Low-Quality,low
e89c4adbe7b1d0819dbb636e16461cf1,0.5662891469501035,25,Overrated,normal
87b740daf17b5d1be335a64164ec6842,0.5654780083788568,11,Overlooked-Low-Quality,low
54219883e72aad869adfb2a54b7bfa0f,0.5652657968868705,5,Overlooked-Low-Quality,low
99002261c568a84cce14d43fcffb43ea,0.5651757370851603,36,Overrated,normal
0aea4c6ae1505b3228ddf3dd7822ee5b,0.5650173095098218,8,Overlooked-Low-Quality,low
081acf3de680d554796c9cf041be7bc2,0.5647219668716624,8,Overlooked-Low-Quality,low
23d7c96d4a1160db1c726b248601b25a,0.5646576140382311,52,Overrated,normal
1976a05ecf2996d6ffb7b5430e635fe7,0.5645887802383381,9,Overlooked-Low-Quality,low
244c2f1bff6afe1f2eaf9bfe9b2aed38,0.5644414922892166,27,Overrated,normal
903037660cf848a717166eb7a06d616e,0.5641665657537294,59,Overrated,normal
3f2af2670e104d1bcb54022274daeac5,0.5639423030577597,7,Overlooked-Low-Quality,low
83b08de96980757220871b31bf6cffca,0.5638496302820885,7,Overlooked-Low-Quality,low
f84a00e60c73a49e7e851c9bdca3a5bb,0.5635634418340301,97,Overrated,normal
59b22a78efb79a4797979612b885db36,0.5631470596809677,133,Overrated,normal
f44bdc12aa39f5271f0b95f66cd4c289,0.5620757506879592,7,Overlooked-Low-Quality,low
921323538c9f1c4e816f2720eac02bea,0.5611399926242409,17,Overlooked-Low-Quality,normal
db2956745b3a8e9f3785c99f34b5d25e,0.5606918749657875,46,Overrated,normal
a6fe7de3d16f6149ffe280349a8535a0,0.5603634217962128,51,Overrated,normal
8b9d6eec4a7eb7d0f9d579ce0b38324d,0.5596915242613051,52,Overrated,normal
66fd84ee7528c0c0de85d0f44a73d5ab,0.5596778497214414,21,Overrated,normal
9c7fd21e0aa159b20da593371f08ff7c,0.5595224869511787,8,Overlooked-Low-Quality,low
ed8cb7b190ceb6067227478e48cf8dde,0.5594014125878609,17,Overlooked-Low-Quality,normal
2ba91c7ad80ff88b23b7db823b43c233,0.5591298964497242,6,Overlooked-Low-Quality,low
89de2d6f23e9746ff309705b23581faa,0.5589507054801793,8,Overlooked-Low-Quality,low
89bc797e2e29667aa035d4368f9b7f92,0.5589400652623205,19,Overrated,normal
50c9975695009e5e6473912e83a6d1da,0.5588349913295416,68,Overrated,normal
ff1fb4c404b2efe68b03350a8dc24122,0.5587778063893353,49,Overrated,normal
834f8533b2ecb6598dd004ff3de7203a,0.5583846489326579,45,Overrated,normal
1ce3ae5a399804d1a87e706f8a813c3e,0.558370629715584,44,Overrated,normal
b566ab0ef88016e00422755e305103c6,0.5572625855844734,5,Overlooked-Low-Quality,low
48fb026ed7455a42f5d3e9390ed5088e,0.5565659365069494,9,Overlooked-Low-Quality,low
70a12e78e608ac31179aea7f8422044b,0.5564127775834494,323,Overrated,normal
e59e489e2ea74bd409b798b5daf49de3,0.5563374930064545,5,Overlooked-Low-Quality,low
e96498ed8daaa3e9c23f7a62da76591c,0.5559538381991609,34,Overrated,normal
2bf28e311bba65237358230cabac3f15,0.5558246880483433,8,Overlooked-Low-Quality,low
e2aee0892199b1d92530e371abd825bf,0.5554251797004125,39,Overrated,normal
e3dd723429d1b23614b7fa85e2c7a853,0.5552854290736338,8,Overlooked-Low-Quality,low
5b179e9e8cc7ab6fd113a46ca584da81,0.5550663862798147,36,Overrated,normal
00720abe85ba0859807595bbf045a33b,0.5548278905705397,26,Overrated,normal
49067458c68f7701fd334ce326accbe0,0.5544725229699062,37,Overrated,normal
82e0a475a88cc9595229d8029273f045,0.5536495530384665,79,Overrated,normal
3b872fd4747f01cc56206f2934198618,0.5535367625686283,27,Overrated,normal
20b54c376b794ed028df09a3cd88e8dc,0.5534049824476818,7,Overlooked-Low-Quality,low
218f991754f360af9c2daa5e0b8e990c,0.5533378230752358,17,Overlooked-Low-Quality,normal
3c7c4a49ec3c6550809089c6a2ca9370,0.5533040306645274,158,Overrated,normal
1d2732ef8321502ee8488e8bed1ab8cd,0.5532610159597897,5,Overlooked-Low-Quality,low
04308b1ee57b6625f47df1d56f00eedf,0.5525804919753046,92,Overrated,normal
3771c85bac139d2344864ede5d9341e3,0.5524056759837813,30,Overrated,normal
5abb8ea023c77787f2c15da891c8d384,0.5523699850976778,13,Overlooked-Low-Quality,low
2089a6d640999f9b9141ac719b2af596,0.551916852492744,41,Overrated,normal
5d378b73ab7dd6f0418d743e5dcb0bd1,0.5503503008752153,6,Overlooked-Low-Quality,low
a36ac007a4d18f865c8d32c3b2402c2d,0.5496894145143749,8,Overlooked-Low-Quality,low
d93919c944be9cff128f6c9cb899eacb,0.5493044065984178,33,Overrated,normal
a67780aba9dd436e7ac0aa1f889e73ec,0.5490294879054598,6,Overlooked-Low-Quality,low
6f1a1263039c76e68f40a8e536b1da6a,0.548417217473544,5,Overlooked-Low-Quality,low
397c4d0c005b6f41f90098ac724e28cb,0.5484098944399602,5,Overlooked-Low-Quality,low
18a349e75d307f4b4cc646a691ed4216,0.5483442320922792,128,Overrated,normal
b1fc4f64df5a0e8b6913ab38803c57a9,0.5481442189813319,121,Overrated,normal
bc47d5d1490df2b36add65d733eafaba,0.5480525092735642,22,Overrated,normal
167fd940acebc789debd6eb418c46e38,0.5478781362260302,5,Overlooked-Low-Quality,low
13fa2a6c6b9d0f43cb588d7c82117a12,0.5478063195415633,10,Overlooked-Low-Quality,low
52f0fe436a347ddad7ed5f9aa4e27eaa,0.5477407734076469,21,Overrated,normal
13074f016982ff2bd6c58ced8682f000,0.5476882560655936,14,Overlooked-Low-Quality,low
4dc646b9b9e8e411ef48ba000ea3ac6f,0.5469682746305943,5,Overlooked-Low-Quality,low
d97df38225e5abadaff1e72cb72b823c,0.5468786672294437,28,Overrated,normal
c7fdb77fdbff3c41981bc52f787e959e,0.5457979540491823,11,Overlooked-Low-Quality,low
71271995e85f5b8530be99ed54a91b89,0.545677402686296,6,Overlooked-Low-Quality,low
c4fb51fb1c5b7c07bc5e67be6e7e8f6e,0.5452459536078158,16,Overlooked-Low-Quality,normal
f3295428338a40977a03f555246a70f4,0.5451712776196399,7,Overlooked-Low-Quality,low
fffd5413c0700ac820c7069d66d98c89,0.544509412661587,58,Overrated,normal
bb135baca94c82fcb731335ad5b04a03,0.544159957283476,38,Overrated,normal
1a932caad4f9d804097d7f8e615baed1,0.5440880389655813,30,Overrated,normal
165fc07beebdcb6190fba8a06db2a449,0.5438419525068355,64,Overrated,normal
440dd6ab244315c632130ecfb63827b1,0.5438128091967428,92,Overrated,normal
7daca0837f033a41a6f3428c18657533,0.5431384233574519,7,Overlooked-Low-Quality,low
4e8dacf3d38f281ae26c3e0321d92d88,0.5426254016054488,9,Overlooked-Low-Quality,low
b14db04aa7881970e83ffa9426897925,0.5419827685067439,105,Overrated,normal
02dcd3e8e25bee036e32512bcf175493,0.5416004460440463,15,Overlooked-Low-Quality,normal
d5b9a084373da994a6e37f732169a853,0.5412586597295979,7,Overlooked-Low-Quality,low
eb4df17aed01d918c65f0f8d650900c0,0.5412233792772912,11,Overlooked-Low-Quality,low
9cad4b68bb993ee401a3c5aaa2bc26dd,0.5410199744680672,7,Overlooked-Low-Quality,low
be8e909810184b9b19e886129149d8e5,0.5410045042416577,15,Overlooked-Low-Quality,normal
f3da5b2ff499efb8d4a6d371d175d7dd,0.5405170294766429,82,Overrated,normal
f593898ec748b7a8cb81fc04edafd98a,0.5404163570683589,22,Overrated,normal
039e6ad9dae79614493083e241147386,0.5402424453984149,5,Overlooked-Low-Quality,low
f918546be4bec7104d117789ba758b2b,0.5396405705519409,23,Overrated,normal
c6a7539d424a8402232c2228d7a03c5e,0.5395887389935163,15,Overlooked-Low-Quality,normal
610f72e407cdd7caaa2f8167b0163fd8,0.5385291747343754,17,Overlooked-Low-Quality,normal
55bb6fe5bebe5012e2d7d9928e1128ff,0.5378836323231722,16,Overlooked-Low-Quality,normal
2d50d6282f8aa2257819a77bfaa0efe0,0.5376996497950439,43,Overrated,normal
28f10b1c5e5abb9d4857745bede6147c,0.5375655803894199,28,Overrated,normal
ec2e006556300a79a5a91e4876ab3a56,0.5375360058685751,6,Overlooked-Low-Quality,low
75d34ebb1bd0bd7dde40dd507b8169c3,0.5374757653593554,67,Overrated,normal
abe42c5d03695b4257b5c6cbf4e6784e,0.5374440456360619,49,Overrated,normal
8160255418d5aaa7dbdc9f4c64ebda44,0.5370269549785568,424,Overrated,normal
2c3d56f92f360fb89d849b84e8f50eae,0.5367182403480013,7,Overlooked-Low-Quality,low
23613d49c3ac2bd302259e55c06c050c,0.5358941473620641,79,Overrated,normal
6cf476a4ca74498db55cbccdaa9dcfb6,0.5357060091745436,6,Overlooked-Low-Quality,low
b17b679f4f5ce2e03ce6968c62648246,0.5354120331084038,51,Overrated,normal
5ee7fd217d08dfe5d3e2f51f96a12c9a,0.5353948781598449,9,Overlooked-Low-Quality,low
fcf16b7a8697e559f0123190bb30177d,0.5352763205121491,7,Overlooked-Low-Quality,low
11bfa66332777660bd0640ee84d47006,0.5352491251735523,102,Overrated,normal
e504a4e2efaa45cbff7e268a2c58c956,0.5351407106975162,11,Overlooked-Low-Quality,low
897060da8b9a21f655304d50fd935913,0.5350770847016646,413,Overrated,normal
cb5df0dcb9e280b1780e9d589889f2c7,0.5349130045121081,12,Overlooked-Low-Quality,low
822bad9bc42b51213ba522fe87b7ab5d,0.5344393574170424,18,Overrated,normal
d3dcf0604eabf0224fbd5948b5e02f69,0.5338253192643109,9,Overlooked-Low-Quality,low
a44fb5a447105f8469bdf16bf9159f25,0.5336372667425834,19,Overrated,normal
855668e0971d4dfd7bef1b6a4133b41b,0.5336027512396513,311,Overrated,normal
002100f778ceb8431b7a1020ff7ab48f,0.5333659247023821,54,Overrated,normal
63ffcb71394dd8ea3872ed9ffda17c74,0.5331301117461527,17,Overlooked-Low-Quality,normal
3c03b12bab54d8b37d79d914bfdb1aa0,0.5329407598235387,43,Overrated,normal
6219ba2359cfb97f2e38fd4c321eb309,0.5326663897218257,5,Overlooked-Low-Quality,low
1b65c144b17e607c0f37f10bb7dfec8d,0.5326334012294877,5,Overlooked-Low-Quality,low
1835b56ce799e6a4dc4eddc053f04066,0.5324975150755814,551,Overrated,normal
dc8798cbf453b7e0f98745e396cc5616,0.531105636320757,43,Overrated,normal
c31eff8334d6b3047ed34bebd4d62c36,0.5307614391891433,121,Overrated,normal
5b581417df4480f632484ba681e53944,0.5303658500555083,12,Overlooked-Low-Quality,low
7040e82f899a04d1b434b795a43b4617,0.5300530236449372,223,Overrated,normal
af4a0e4cfe1d9c26b6712b1be25a72e5,0.5293974611809531,26,Overrated,normal
f46490624488d3ff7ce78613913a7711,0.5292279876098438,87,Overrated,normal
79a679c36c08d606b3fd47ead9de109b,0.5292146106849343,7,Overlooked-Low-Quality,low
7ad32824caee82087b3e2e5f33b1bf32,0.528617549886324,180,Overrated,normal
4b1eaadf791bdbbad8c4a35b65236d52,0.5284106527114065,5,Overlooked-Low-Quality,low
4c8b8048e33af2bf94f2eb547746a916,0.5281204934211268,23,Overrated,normal
d3f39f05462b79a4562d35893a28f159,0.5281046626767507,37,Overrated,normal
2528744c5ef5d955adc318720a94d2e7,0.5276467131299287,5,Overlooked-Low-Quality,low
3fd1e727ba94cfe122d165e176ce7967,0.5276347814927089,36,Overrated,normal
6ee85be3693ed79a8e80718743d80655,0.5274197665314022,5,Overlooked-Low-Quality,low
714b9a1332840f257b49f476bea4e341,0.5272377883110273,6,Overlooked-Low-Quality,low
710e3548e02bc1d2831dfc4f1b5b14d4,0.5264405378857046,137,Overrated,normal
3a1a1fec38dd360f15fc912e821e169d,0.5262624304250187,15,Overlooked-Low-Quality,normal
adcf50477d6a1f5d91bb9d54c4903cb5,0.5258043017881259,31,Overrated,normal
0417b067eeab773d2f7061a726dc477f,0.5252564417252759,13,Overlooked-Low-Quality,low
cd68562d3f44870c08922d380acae552,0.5243770319324702,129,Overrated,normal
a6bd7d1ccdac48c6b33b28596b7eb122,0.524356846661435,15,Overlooked-Low-Quality,normal
e99e927c81e3f51739c94fcdfca9f10f,0.5240678212223704,24,Overrated,normal
cee48807215b30a12ca2ca10ffb5f250,0.5236394587294234,40,Overrated,normal
891071be6ba827b591264c90c2ae8a63,0.5221921259767236,90,Overrated,normal
082e0bf4cb865a6533b1e8e498cc0255,0.5220402932971511,23,Overrated,normal
fa74b2f3287d296e9fbd2cc80f2d1cf1,0.5219276278414698,5,Overlooked-Low-Quality,low
5b0cc932433fa5184b5b94bfe6bcc256,0.5207648294202024,17,Overlooked-Low-Quality,normal
8a40ae794fa3f9892cee24bd5af0488b,0.5207220432658597,6,Overlooked-Low-Quality,low
08cdbae123ff67ca4e36d9d641ce0119,0.5206531836031797,6,Overlooked-Low-Quality,low
dd7ddc04e1b6c2c614352b383efe2d36,0.5199510743242345,142,Overrated,normal
c990d6cf976a5718aaedc539f383ab88,0.5193065863544999,9,Overlooked-Low-Quality,low
e5a3438891c0bfdb9394643f95273d8e,0.5170626985991219,247,Overrated,normal
b5abf4f36adc043117b4fca82c22984c,0.5140942804644281,9,Overlooked-Low-Quality,low
6bd69102ab48df500790a8cecfc285c2,0.513802110335599,5,Overlooked-Low-Quality,low
f08c008c8a8d31417763738a1788a2a8,0.5133141335649795,21,Overrated,normal
91f0eec23d4a61d7d7caeefa3f0ad1ca,0.5128671090033927,11,Overlooked-Low-Quality,low
5151aea44289d6c6b090ee31c2132508,0.5123900333316667,7,Overlooked-Low-Quality,low
dd55f1bb788714a40e7954c3be6df745,0.512296576961043,37,Overrated,normal
f1b93673502375d491780bb49d615dbc,0.509923786989716,10,Overlooked-Low-Quality,low
a7f13822ceb966b076af67121f87b063,0.5082356679674899,84,Overrated,normal
9da1ca0bef29ee170e541927a5aeabdc,0.5080958539114997,6,Overlooked-Low-Quality,low
8c3b533c63cca56240f94f1e3a6b18ef,0.5069730069883382,5,Overlooked-Low-Quality,low
d32e3909cfb714fb2a6cb092c85b9c5f,0.5065964051267114,11,Overlooked-Low-Quality,low
b87a7ea0c30fad2dd6781b74a0064859,0.5061452609453144,9,Overlooked-Low-Quality,low
431af27f296bc6519d890aa5a05fdb11,0.5049485175781891,124,Overrated,normal
2a261b5b644fa05f4f2700eb93544f2c,0.5026101083301195,82,Overrated,normal
c4d51195486dc781531876a7d00453d8,0.5019011723553375,17,Overlooked-Low-Quality,normal
b0b346d3a89f5eb4c2968af3f083cd43,0.5008679240235145,9,Overlooked-Low-Quality,low
d71d863e5ef30d94e440c11be17dcd8f,0.5003181590539935,30,Overrated,normal
850913d59ce317156b00f3705f1c3edb,0.5002727865261741,30,Overrated,normal
2aa3443d7bf9d9bb11133f420d75e083,0.500193362983785,10,Overlooked-Low-Quality,low
66e0557ecc2b4dbea057e93f215f68d8,0.4999274590963979,30,Overrated,normal
8444e55c1f13cd5c179851e5ca5ebd00,0.49887530733330915,102,Overrated,normal
099095b050cfe8eb1ddff5317587e96e,0.4988001546584302,19,Overrated,normal
c37b2059d4f90d4feead554e5246565e,0.4984160971278764,16,Overlooked-Low-Quality,normal
0bf0150d5b9d60d9cd2906003332f085,0.49789014315801694,62,Overrated,normal
e0878efa0e0b7e5313ac0b43bc04c081,0.4967275680182507,28,Overrated,normal
7fc87cc3e89b3d1d5cabdca32f8485aa,0.49295868084673367,14,Overlooked-Low-Quality,low
b37c4c02bda3161a7546a4e6d222d5b2,0.4891743744614045,15,Overlooked-Low-Quality,normal
5f67c6082caacb26e431a7b17940cece,0.4887617731352537,14,Overlooked-Low-Quality,low
7fdb0720c8d7c9075538b365dc8c3a22,0.48842947294328093,10,Overlooked-Low-Quality,low
71039d19d4303bf9054d69e9a9236699,0.48786288567402697,38,Overrated,normal
d9e7e7778b32987280a6f2cb9a39c57d,0.4872029851741106,13,Overlooked-Low-Quality,low
d20b021d3efdf267a402c402a48ea64b,0.4867524265244318,102,Overrated,normal
4091f77d8c768fc3e81c20761471761d,0.48630522415369487,8,Overlooked-Low-Quality,low
427165bf50f8ca07efc7bdc2bfcf1688,0.4853133364319022,5,Overlooked-Low-Quality,low
8bd0e3abda539b9479c4b44a691be1ec,0.4849640444119056,12,Overlooked-Low-Quality,low
95b293867b5862941c9cd74f756a3c68,0.48331188291139776,9,Overlooked-Low-Quality,low
7f152321c60a266edc53af1925ef96c1,0.48292669914136016,20,Overrated,normal
6973a06f484aacf400ece213dbf3d946,0.4826461787134786,108,Overrated,normal
06a2c3af7b3aee5d69171b0e14f0ee87,0.4815578019238838,402,Overrated,normal
ecccfa2bb93b34a3bf033cc5d1dcdc69,0.480456771294465,16,Overlooked-Low-Quality,normal
cf8ab1616079e2793aa29d524df01bb1,0.48027149905908584,6,Overlooked-Low-Quality,low
86bb7c4b535e49a541baf3266b1c95b1,0.47701826223884725,16,Overlooked-Low-Quality,normal
5acd070dd3fe441bbb2ec1f1ede515ee,0.4754114813531797,8,Overlooked-Low-Quality,low
99a54764c341d5dc80b4a8fac4eba3fb,0.474897877013391,66,Overrated,normal
5b35136197710e16ac5e7b7c2bd4ea85,0.4746538778666368,9,Overlooked-Low-Quality,low
070d165398b553f3b4b851c216b8a358,0.47286091859092816,38,Overrated,normal
ec4608a1f76453166bb312b2968aeaf4,0.4713598569295378,29,Overrated,normal
ea566164622c6b439516ab18062c42cd,0.46984970681645216,52,Overrated,normal
0725b8c0f3f906e58f70cbe76b7c748c,0.4683502583425704,36,Overrated,normal
8e6d7754bc7e0f22c96d255ebda59eba,0.46666589560790944,129,Overrated,normal
ff69aa92bb6b1bf9b8b7a51c2ed9cf8b,0.4663714239627149,20,Overrated,normal
beadbee30901a7f61d031b6b686095ad,0.462233912966277,68,Overrated,normal
8d92f3ea807b89465643c219455e7369,0.46183703758374844,8,Overlooked-Low-Quality,low
1dfe5347016252a7884b694d4f10f5c4,0.46176066886841327,26,Overrated,normal
0873d9f8f36123f8d910f4760e788cfb,0.460303732274418,6,Overlooked-Low-Quality,low
b2479f944e1b90cf8a5de1bbfde284d6,0.45998330422089984,129,Overrated,normal
6fd52c528dcb38be2eea044946b811f8,0.4586020829911187,84,Overrated,normal
cb41bfbcbda0aea354a834ab222f9a59,0.4561460184833161,11,Overlooked-Low-Quality,low
4e5725ba188db8252977a4f0227bd462,0.4549901562440204,24,Overrated,normal
0b35c634521043bf4b47e21547b99ab5,0.4531219677396128,77,Overrated,normal
312ba1d77e9c332ef21f9598b7f64cd7,0.45219730916589496,7,Overlooked-Low-Quality,low
6039e27294dc75811c0d8a39069f52c0,0.450387565838636,74,Overrated,normal
e64d65bc8dbec2accda90c58de5d1246,0.44433646650392256,12,Overlooked-Low-Quality,low
5058e8c1e82653974541e83690655b4a,0.4381096545675378,77,Overrated,normal
c60b801f2d52c7f7f91de00870882a75,0.43493348891895117,39,Overrated,normal
ef990a83bbea832f36ebe81376335aa8,0.4302646835746644,44,Overrated,normal
054694fa03fe82cec4b7551487331d74,0.4296551979831478,21,Overrated,normal
40db9e9aa57f7bb151bcda6b0f9bdbb7,0.42850050164350323,12,Overlooked-Low-Quality,low
538caafddff204241cecbf3a02e6b3cf,0.42535709547368356,8,Overlooked-Low-Quality,low
b19f3ca2ea475913750f25a5c37c8d8f,0.4154884230590861,19,Overrated,normal
cac4c8e7b1ca6252d8f20b2fc1a2e4af,0.40985856280444083,82,Overrated,normal
26e2c91ef821e1ff8985f408788fe35b,0.40880171672021415,14,Overlooked-Low-Quality,low
602044f2c16190c2c6e45eb35c2e21cb,0.4076710073531483,55,Overrated,normal
972d0f9cf61b499a4812cf0bfa3ad3c4,0.40159336671968515,86,Overrated,normal
30c7f28fd3a5897b2c82d152bb760c17,0.4010858625941165,6,Overlooked-Low-Quality,low
bbad7e518d7af88a0897397ffdca1979,0.39838973400770794,84,Overrated,normal
633ecdf879b94b5337cca303328e4a25,0.39050575944328264,6,Overlooked-Low-Quality,low
88460e8ebdecbfecb5f9601833981930,0.3895676890164193,300,Overrated,normal
f76a3b1349b6df1ee875d1f3fa4340f0,0.3854551048456235,24,Overrated,normal
821fb029fc6e495ca4f08a35d51e53a5,0.3765782465753228,25,Overrated,normal
712e6ed8aa4aa1fa65dab41fed5737e4,0.3741464495814809,85,Overrated,normal
5bc55dbe2f12b6af6d83ed46023e0dc8,0.3692506523211515,21,Overrated,normal
02d35243ea2e497335cd0f076b45675d,0.36729637726557757,16,Overlooked-Low-Quality,normal
ede0c03645598cdfc63ca8237acbe73d,0.36042052168949634,47,Overrated,normal
ad781527c93d00d89a11eecd9dcad7c1,0.35381273367816557,38,Overrated,normal
835f0f7810c76831d6c7d24c7a646d4d,0.3525926855187921,48,Overrated,normal
973f21788dfab357250f69a8dcb7ddee,0.34289740275441316,19,Overrated,normal
2a1348e9addc1af5aaa619b1a3679d6b,0.3383141199137963,51,Overrated,normal
2eb70248d66e0e3ef83659f71b244378,0.3044220337510975,197,Overrated,normal
54965bbe3e4f07ae045b90b0b8541f52,0.27601871159755287,81,Overrated,normal
a49928bcdf77c55c6d6e05e09a9b4ca5,0.26888775728232056,104,Overrated,normal
1ca7077d890b907f89be8c954a02686a,0.1706134459258202,127,Overrated,normal
b1b3948701c5c72445495bd161b83a4c,0.1579428129505375,14,Overlooked-Low-Quality,low
